date,open,high,low,close,adj_close,volume,9-day,21-day,50-day,200-day,adj_close_1_days,true_adj_close_1_days,percent_change,buy_profit,sell_profit
2015-12-10,16.280001000000002,16.469998999999998,16.120001000000002,16.23,5.440307,263700,5.571033555555532,5.560498904761887,5.513229060000002,5.96838757000001,5.525166034698486,5.312718,-65.95707926864766,0.0,-0.08485903469848655
2015-12-11,15.66,15.83,15.44,15.49,5.312718,236800,5.538607444444421,5.541334476190459,5.518718860000003,5.9628122600000095,5.466960906982422,5.045197,-64.70651448042337,0.0,-0.1542429069824216
2015-12-14,15.49,15.62,14.03,14.71,5.045197,656500,5.4693803333333095,5.513102190476173,5.517638800000002,5.957159980000009,5.351345062255859,5.11036,-63.62103968554821,0.30614806225585944,0.0
2015-12-15,14.66,15.19,14.62,14.9,5.11036,508800,5.414097555555532,5.487494142857125,5.514781260000002,5.951833515000009,5.2620768547058105,5.281851000000001,-64.68404795499455,0.15171685470581053,0.0
2015-12-16,14.91,15.42,14.85,15.4,5.2818510000000005,281200,5.378241777777754,5.476437095238078,5.513556460000002,5.947222855000008,5.22242546081543,5.350445000000001,-66.08814635834138,-0.05942553918457083,0.0
2015-12-17,15.45,15.78,15.29,15.6,5.350445,448200,5.351497222222198,5.466411666666649,5.511778120000002,5.9427427150000085,5.207123279571533,5.151518000000001,-66.6210046181312,0.0,0.14332172042846647
2015-12-18,15.65,15.91,15.02,15.02,5.151518,440400,5.3026496666666425,5.448988666666648,5.5057003400000015,5.937522890000008,5.177389144897461,5.240692,-65.53003232425125,0.025871144897460674,0.0
2015-12-21,15.28,15.4,15.01,15.28,5.240692,269300,5.268924666666643,5.435812047619028,5.500379140000002,5.933060550000008,5.216974258422852,5.274992000000001,-65.85749830875098,-0.023717741577148566,0.0
2015-12-22,15.22,15.43,15.21,15.38,5.274992,202600,5.245342222222198,5.426982238095219,5.498439520000002,5.928883020000009,5.248868465423584,5.316148,-65.87211660972963,-0.02612353457641614,0.0
2015-12-23,15.38,15.7,15.27,15.5,5.316148,252000,5.231546777777754,5.420591095238076,5.496876820000002,5.925095405000008,5.256899833679199,5.326437000000001,-66.08451720206968,-0.05924816632080088,0.0
2015-12-24,15.46,15.56,15.45,15.53,5.326437,59800,5.233071111111087,5.413891761904742,5.496307380000002,5.921102705000009,5.253846168518066,5.326437000000001,-66.16969627483537,-0.0725908314819339,0.0
2015-12-28,15.45,15.53,15.4,15.53,5.326437,72200,5.264319999999976,5.402723095238075,5.4957379400000015,5.917210885000008,5.2887396812438965,5.391604,-65.94501171124342,-0.037697318756103826,0.0
2015-12-29,15.64,15.73,15.58,15.72,5.391604,78800,5.295569333333309,5.393700047619028,5.496799940000001,5.913716960000008,5.3193206787109375,5.357304,-66.1620821964953,0.0,0.07228332128906256
2015-12-30,15.66,15.7,15.55,15.62,5.357304,68500,5.303952999999975,5.3819262857142665,5.497438440000001,5.910195655000009,5.335597991943359,5.371025,-65.84124204901819,-0.02170600805664069,0.0
2015-12-31,15.7,15.78,15.6,15.66,5.371025,98400,5.3062396666666425,5.367773142857124,5.497170140000001,5.9068582450000084,5.345871925354004,5.405322000000001,-65.86288681127711,-0.025153074645996476,0.0
2016-01-04,15.57,15.79,15.36,15.76,5.405322,179700,5.334440111111086,5.358126333333314,5.497522140000001,5.903735555000009,5.361527442932129,5.518505,-65.98015581895858,-0.043794557067871054,0.0
2016-01-05,15.79,16.09,15.75,16.09,5.518505,250800,5.365308222222197,5.354028809523791,5.499219080000001,5.901135545000009,5.4005560874938965,5.4979239999999985,-66.43532574584277,0.0,0.11794891250610373
2016-01-06,15.95,16.15,15.77,16.030001000000002,5.4979239999999985,223800,5.390078444444419,5.349589666666648,5.500110640000002,5.898187630000009,5.4231181144714355,5.336727,-66.16894712313845,0.0,0.07480588552856293
2016-01-07,15.9,15.96,15.24,15.56,5.336727,589000,5.392364999999974,5.337474476190458,5.496925180000002,5.894448155000009,5.416996002197266,5.274992000000001,-65.18640101415639,0.0,-0.08026900219726585
2016-01-08,15.69,15.77,15.15,15.38,5.274992,358200,5.386648888888863,5.324654238095219,5.492045620000002,5.890558525000009,5.396759510040283,5.254412000000001,-64.91053634564186,0.0,-0.12176751004028308
2016-01-11,15.38,15.57,15.12,15.32,5.254412,151800,5.3786461111110855,5.313567476190458,5.485770100000001,5.886277765000009,5.365877151489258,5.185816,-64.97469222265497,0.0,-0.11146515148925751
2016-01-12,15.35,15.44,14.68,15.12,5.185816,754000,5.355780777777753,5.301448857142838,5.4779258,5.881826965000008,5.295844078063965,5.148764000000001,-64.97457620328065,0.0,-0.11002807806396486
2016-01-13,15.03,15.12,14.5,14.73,5.148764,279300,5.332609666666642,5.293641523809505,5.468618600000001,5.876873830000009,5.22736120223999,5.152262,-64.51214390875771,0.07859720223999034,0.0
2016-01-14,14.72,14.94,14.52,14.74,5.152262,162000,5.308302666666641,5.298739857142839,5.458921980000001,5.871866140000009,5.189349174499512,4.886608,-64.7941032937618,0.0,-0.03708717449951138
2016-01-15,14.4,14.63,13.96,13.98,4.886608,527900,5.250667777777753,5.288084999999981,5.4415498000000015,5.865530180000008,5.107929229736328,4.5790120000000005,-63.46259492320223,0.0,-0.22132122973632828
2016-01-19,13.97,14.14,13.01,13.1,4.5790120000000005,488400,5.146279666666642,5.254616476190457,5.416778900000001,5.857540950000008,4.9688401222229,4.236458,-62.069922731122894,0.0,-0.38982812222289986
2016-01-20,12.73,12.73,11.51,12.12,4.236458,1153900,5.006116777777753,5.201569476190458,5.38614128,5.847766890000008,4.7652363777160645,4.264421,-60.68286817065953,0.5287783777160646,0.0
2016-01-21,12.08,12.58,11.74,12.2,4.264421,619200,4.886971666666643,5.159326761904744,5.356391020000001,5.838046170000009,4.583886623382568,4.491624,-62.42715882473304,0.3194656233825688,0.0
2016-01-22,12.36,13.13,12.36,12.85,4.491624,355700,4.799930777777754,5.123656857142839,5.331906700000001,5.829245285000009,4.455051898956299,4.467156,-65.33033541668249,0.0,0.03657210104370101
2016-01-25,12.92,13.07,12.74,12.78,4.467156,141600,4.712457888888865,5.085188476190458,5.3065441600000005,5.8201923550000085,4.375492572784424,4.558038,-65.76296891404989,-0.0916634272155763,0.0
2016-01-26,12.74,13.06,12.74,13.04,4.558038,133700,4.6427047777777535,5.049087999999982,5.283401500000001,5.811637095000008,4.377766132354736,4.565029,-66.42817383163545,-0.18027186764526348,0.0
2016-01-27,13.0,13.29,12.95,13.06,4.565029,148200,4.577845333333309,5.012830476190458,5.26194058,5.802885145000008,4.441223621368408,4.676882,-65.99369355766915,-0.1238053786315918,0.0
2016-01-28,13.28,13.39,13.06,13.38,4.676882,154800,4.525025333333309,4.981899285714268,5.242515640000001,5.794721780000008,4.522589206695557,4.767764,-66.19888485279853,-0.15429279330444334,0.0
2016-01-29,13.5,13.69,13.45,13.64,4.767764,183700,4.51182044444442,4.952192619047601,5.2275899400000005,5.786895550000008,4.579199314117432,4.869132,-66.4281575211332,-0.18856468588256803,0.0
2016-02-01,13.7,13.95,13.64,13.93,4.869132,160700,4.5440559999999754,4.928946333333315,5.2137530000000005,5.779136370000008,4.662219524383545,4.848157,-66.53108740571754,0.0,0.20691247561645465
2016-02-02,13.87,13.92,13.75,13.87,4.848157,178800,4.612022555555531,4.904047857142839,5.20036812,5.771682790000008,4.722326755523682,4.85515,-65.95294336320345,-0.12583024447631797,0.0
2016-02-03,14.05,14.06,13.65,13.89,4.85515,113700,4.677659111111087,4.877849190476172,5.1871231,5.764058940000008,4.781214714050293,4.8306809999999984,-65.57800781821244,0.0,0.07393528594970711
2016-02-04,13.86,13.94,13.8,13.82,4.8306809999999984,79300,4.715332111111087,4.845095666666648,5.174528359999999,5.756356715000007,4.812213897705078,4.816701,-65.1793495100935,0.0,0.018467102294920323
2016-02-05,13.85,13.86,13.59,13.78,4.816701,145700,4.75417044444442,4.812656476190457,5.16185514,5.748394015000007,4.820784091949463,4.617458999999998,-65.01608060994583,0.0,-0.004083091949462769
2016-02-08,13.66,13.69,13.01,13.21,4.617458999999998,263400,4.7607727777777535,4.7784056190476,5.14486186,5.739552380000007,4.767407417297363,4.540562,-63.91061758291171,0.0,-0.14994841729736486
2016-02-09,13.09,13.48,12.91,12.99,4.540562,320800,4.7580542222221975,4.743432761904743,5.12445352,5.730282290000007,4.7020111083984375,4.506253,-63.80283981217523,0.0,-0.16144910839843707
2016-02-10,12.78,12.83,12.6,12.61,4.506253,161500,4.73909544444442,4.707806142857124,5.102956820000001,5.720840655000007,4.630502700805664,4.3704589999999985,-63.27912211890829,0.0,-0.124249700805664
2016-02-11,12.35,12.59,12.08,12.23,4.3704589999999985,409900,4.6949504444444194,4.6689796190476,5.078274940000001,5.710661400000007,4.535236835479736,4.506253,-62.917115000165694,0.1647778354797378,0.0
2016-02-12,12.4,12.77,12.21,12.61,4.506253,216800,4.654630555555531,4.638383857142838,5.055035180000002,5.701102480000007,4.474006175994873,4.459798,-64.52017306903352,0.0,0.03224682400512702
2016-02-16,12.61,12.72,12.27,12.48,4.459798,297500,4.611479555555531,4.605409380952362,5.032073040000002,5.691428570000008,4.44253396987915,4.559857,-64.4027726772504,-0.01726403012084976,0.0
2016-02-17,12.51,12.79,12.51,12.76,4.559857,260700,4.578669222222198,4.58984980952379,5.011179120000001,5.682137670000008,4.447510242462158,4.595593,-65.14490405593921,-0.11234675753784185,0.0
2016-02-18,12.85,13.0,12.83,12.86,4.595593,111100,4.552548333333309,4.590639380952361,4.991268060000001,5.672688280000009,4.468765735626221,4.602741,-65.25065524396408,-0.12682726437377934,0.0
2016-02-19,12.75,12.97,12.75,12.88,4.602741,45800,4.528774999999976,4.608081428571408,4.971499960000002,5.663421235000008,4.515445709228516,4.713522,-64.94219169853636,-0.08729529077148435,0.0
2016-02-22,13.05,13.34,13.0,13.19,4.713522,302500,4.539448666666642,4.62946719047617,4.9548860600000015,5.6546934250000085,4.558403015136719,4.688505,-65.44046235681031,0.0,0.15511898486328146
2016-02-23,13.07,13.22,12.8,13.12,4.688505,371700,4.555886777777753,4.638842476190456,4.938911480000002,5.645078230000008,4.603737831115723,4.667064,-64.91053482381308,0.0,0.08476716888427749
2016-02-24,12.94,13.13,12.88,13.06,4.667064,109300,4.573754666666641,4.6483619047618845,4.923446620000002,5.635487755000009,4.625575065612793,4.731389,-64.58212047769683,-0.04148893438720691,0.0
2016-02-25,13.12,13.26,13.07,13.24,4.731389,93400,4.613857999999976,4.656616714285694,4.911820040000002,5.625573900000009,4.654067039489746,4.76355,-64.84843625763031,-0.07732196051025397,0.0
2016-02-26,13.27,13.47,13.21,13.33,4.76355,94800,4.642446555555531,4.666070095238076,4.906187100000002,5.615894135000008,4.687951564788818,4.795712,-64.83157115687308,-0.07559843521118204,0.0
2016-02-29,13.28,13.62,13.15,13.42,4.795712,284800,4.679770333333309,4.671728666666646,4.8998941400000025,5.606422860000008,4.704181671142578,4.874331,-64.94648531190329,-0.09153032885742185,0.0
2016-03-01,13.57,13.7,13.45,13.64,4.874331,144000,4.714711888888864,4.676803285714265,4.891743740000003,5.5970466750000085,4.741830348968506,4.9100660000000005,-65.23584788146258,-0.1325006510314939,0.0
2016-03-02,13.69,13.81,13.67,13.74,4.9100660000000005,191400,4.749653333333309,4.678752523809504,4.8829361600000025,5.587998175000008,4.79188346862793,4.92436,-65.12457446413443,-0.1181825313720708,0.0
2016-03-03,13.81,13.82,13.72,13.78,4.92436,133500,4.785388777777753,4.682381238095219,4.878393000000003,5.579512835000008,4.832310676574707,4.952948,-64.93243340656961,-0.09204932342529304,0.0
2016-03-04,13.88,13.93,13.8,13.86,4.952948,191300,4.811991666666642,4.687038285714267,4.872638120000002,5.571289625000008,4.871706485748291,5.020846,-64.85060255592863,-0.08124151425170911,0.0
2016-03-07,13.85,14.15,13.85,14.05,5.020846,230700,4.848918444444419,4.696093761904743,4.867555200000003,5.563391010000008,4.916923999786377,4.995832,-65.00409964564857,0.0,0.10392200021362274
2016-03-08,14.05,14.09,13.8,13.98,4.995832,237300,4.885448222222198,4.704623809523791,4.861148880000003,5.555426920000009,4.941908359527588,5.0279940000000005,-64.65015479594001,-0.05392364047241216,0.0
2016-03-09,13.96,14.1,13.95,14.07,5.0279940000000005,185900,4.918404333333309,4.7241730952380765,4.855180020000003,5.547221355000009,4.966190338134766,5.038716,-64.70369340344871,-0.06180366186523489,0.0
2016-03-10,14.1,14.24,13.92,14.1,5.038716,282600,4.948978333333309,4.747894714285696,4.849425600000003,5.53889059500001,4.989408016204834,5.120409,-64.61412754464658,-0.04930798379516599,0.0
2016-03-11,13.78,14.04,13.67,14.04,5.120409,245500,4.985055777777753,4.777140238095219,4.844001700000003,5.53093849000001,5.023636341094971,5.109468,-64.21911437966546,0.0,0.09677265890502973
2016-03-14,14.0,14.05,13.77,14.01,5.109468,127500,5.011182111111086,4.812331142857125,4.839044980000002,5.5230359950000105,5.042555332183838,5.105817,-64.00745658683913,0.0,0.06691266781616179
2016-03-15,14.0,14.04,13.83,14.0,5.105817,136400,5.032932222222198,4.8408818095237915,4.833740820000003,5.515592040000009,5.064960956573486,5.120409,-63.82170745304653,-0.04085604342651372,0.0
2016-03-16,13.95,14.08,13.95,14.04,5.120409,70600,5.054715444444421,4.872339476190457,4.828042560000003,5.507908145000011,5.084057807922363,5.160524,-63.788762051835015,-0.03635119207763715,0.0
2016-03-17,14.03,14.24,13.98,14.15,5.160524,142200,5.07777944444442,4.900942666666648,4.820882940000002,5.50045463000001,5.10779333114624,5.160524,-63.90252062794176,0.0,0.0
2016-03-18,14.19,14.19,14.01,14.15,5.160524,88500,5.093299222222199,4.927844142857124,4.814134940000002,5.492852110000009,5.115843772888184,5.186055000000001,-63.84562704672662,-0.04468022711181607,0.0
2016-03-21,14.11,14.3,14.11,14.22,5.1860550000000005,125800,5.114435111111089,4.955620999999981,4.811121500000002,5.485272955000008,5.131768226623535,5.284522,-63.91161584652929,-0.05428677337646537,0.0
2016-03-22,14.21,14.55,14.17,14.49,5.284522,186000,5.1429382222222,4.982811476190458,4.811312100000003,5.478111625000008,5.168209552764893,5.284522,-64.3325772756046,0.0,0.0
2016-03-23,14.49,14.59,14.33,14.49,5.284522,167800,5.170249999999978,5.011193238095219,4.811914300000003,5.470816200000007,5.202175140380859,5.244406000000001,-64.09817018370697,0.0,0.08234685961914057
2016-03-24,14.35,14.46,14.25,14.38,5.244406,81000,5.184027444444421,5.038685714285696,4.813086100000003,5.463186085000007,5.219686508178711,5.240759000000001,-63.70176280821481,0.0,0.02471949182128874
2016-03-28,14.44,14.46,14.3,14.37,5.240759,133400,5.1986153333333105,5.062941428571409,4.814926000000003,5.455120550000008,5.23585844039917,5.2699370000000005,-63.56396353236485,-0.004900559600829801,0.0
2016-03-29,14.3,14.51,14.25,14.45,5.2699370000000005,87700,5.216850888888866,5.0870550952380755,4.817279500000003,5.446870825000008,5.252438068389893,5.299110000000001,-63.65094762359935,-0.01749893161010796,0.0
2016-03-30,14.6,14.64,14.45,14.53,5.29911,150000,5.236706555555532,5.111026428571409,4.825529540000003,5.438554960000008,5.255299091339111,5.339228,-63.831389598492,-0.04381090866088844,0.0
2016-03-31,14.59,14.65,14.5,14.64,5.339228,171100,5.256562555555531,5.133164380952362,4.840733860000003,5.430893960000009,5.2668256759643555,5.339228,-64.02441478166423,0.0,0.0
2016-04-01,14.64,14.67,14.56,14.64,5.339228,128000,5.276418555555531,5.153600666666648,4.862789260000003,5.423338950000009,5.286972999572754,5.382994999999998,-63.88679645100578,-0.0522550004272464,0.0
2016-04-04,14.7,14.83,14.64,14.76,5.382994999999998,310900,5.298300777777753,5.1754404285714095,4.8851607400000026,5.415745360000009,5.315467357635498,5.441346,-63.98734852550475,-0.06752764236450037,0.0
2016-04-05,14.75,14.93,14.63,14.92,5.441346,211300,5.3157256666666415,5.198697476190456,4.904155180000003,5.408564660000009,5.351357936859131,5.5616970000000014,-64.13298969933558,-0.08998806314086938,0.0
2016-04-06,14.97,15.29,14.96,15.25,5.5616970000000014,310200,5.346522888888864,5.224452285714266,4.926046000000003,5.401985715000008,5.405560493469238,5.6018120000000025,-64.55370168216893,-0.15613650653076316,0.0
2016-04-07,15.34,15.39,15.21,15.36,5.601812000000002,214100,5.386234666666642,5.2533084761904565,4.946921480000003,5.395486210000009,5.460643768310547,5.645576000000001,-64.44893380006155,-0.1411682316894547,0.0
2016-04-08,15.43,15.59,15.33,15.48,5.645576,254000,5.431214333333309,5.2827171428571225,4.968532420000003,5.389160105000009,5.524280548095703,5.72946,-64.31343315183653,-0.12129545190429702,0.0
2016-04-11,15.59,15.79,15.54,15.71,5.72946,392800,5.482272444444421,5.315609714285695,4.989583980000003,5.38349567500001,5.594194412231445,5.820632,-64.39086943200863,-0.13526558776855513,0.0
2016-04-12,15.79,15.98,15.75,15.96,5.820632,300300,5.54021933333331,5.348953666666647,5.010641340000003,5.37848395500001,5.672290325164795,5.799843,-64.45933380222559,0.0,0.14834167483520488
2016-04-13,15.8,15.84,15.46,15.62,5.799843,268600,5.591398777777755,5.381828666666647,5.029255560000002,5.373943705000009,5.720950126647949,5.751569999999999,-63.374198933111714,0.0,0.07889287335205086
2016-04-14,15.69,15.74,15.45,15.49,5.75157,252900,5.637214555555533,5.412578809523789,5.047323820000002,5.369207495000008,5.751559734344482,5.770136,-62.86920765432872,-1.0265655517649463e-05,0.0
2016-04-15,15.54,15.66,15.49,15.54,5.770136,79400,5.6802302222222,5.443518190476171,5.065623540000002,5.366411440000008,5.777115345001221,5.758994,-62.82422557914272,0.0,-0.006979345001220771
2016-04-18,15.61,15.61,15.5,15.51,5.758994,102400,5.715524444444422,5.472016761904742,5.084189800000002,5.363150840000008,5.781603813171387,5.758994,-62.72337967007488,0.0,0.0
2016-04-19,15.55,15.61,15.5,15.51,5.758994,158700,5.7374463333333106,5.500515333333314,5.103035660000002,5.359451130000009,5.768561363220215,5.73672,-62.807470256478304,0.0,-0.009567363220214453
2016-04-20,15.51,15.55,15.44,15.45,5.73672,123500,5.752436111111088,5.5267374761904575,5.125420880000003,5.355458340000009,5.755622386932373,5.599335,-62.74678066710438,0.0,-0.018902386932373005
2016-04-21,15.45,15.49,14.71,15.08,5.599335,471300,5.7472982222221995,5.5417285714285525,5.146596340000002,5.3512480400000095,5.721100807189941,5.710728,-62.06166573481471,0.12176580718994146,0.0
2016-04-22,15.1,15.52,15.0,15.38,5.710728,396500,5.745216888888866,5.562024095238077,5.170685840000002,5.34876063000001,5.708877086639404,5.729292000000001,-62.88116328582962,-0.0018509133605952854,0.0
2016-04-25,15.28,15.44,15.23,15.43,5.729292,125200,5.735067999999976,5.5851139047618865,5.197862500000002,5.34571493500001,5.70461368560791,5.733006,-63.02907527149767,-0.024678314392089895,0.0
2016-04-26,15.5,15.51,15.34,15.44,5.733006,137200,5.727641666666643,5.60855423809522,5.222397560000002,5.34200641500001,5.700968265533447,5.848109,-63.076630404576115,-0.03203773446655234,0.0
2016-04-27,15.42,15.75,15.4,15.75,5.848109,312900,5.738368222222198,5.63608623809522,5.250163780000003,5.338907315000011,5.725796222686768,5.870389,-63.645738268655435,-0.12231277731323242,0.0
2016-04-28,15.77,16.08,15.66,15.81,5.870389,494500,5.749507444444421,5.663289999999982,5.276374420000002,5.33659752000001,5.77932596206665,5.9038080000000015,-63.445123579591076,-0.09106303793334991,0.0
2016-04-29,15.9,16.040001,15.8,15.9,5.9038080000000015,335900,5.765597888888866,5.690174761904744,5.302538720000002,5.3355795550000105,5.818620204925537,5.9557910000000005,-63.404904371537505,-0.08518779507446439,0.0
2016-05-02,16.01,16.049999,15.8,16.040001,5.9557910000000005,205600,5.787464222222199,5.719534904761886,5.329599720000002,5.336115700000011,5.866612434387207,5.948364,-63.42511179153164,0.0,0.08917856561279347
2016-05-03,15.97,16.059998999999998,15.88,16.02,5.948364,157300,5.810980222222199,5.7464572380952195,5.3542965600000025,5.337061515000012,5.911734580993652,5.959503,-63.097786635495304,-0.03662941900634742,0.0
2016-05-04,16.0,16.129998999999998,15.94,16.049999,5.959503,175200,5.850998888888865,5.7711313809523626,5.3797165200000014,5.337369705000012,5.934818267822266,5.9780679999999995,-63.02293683742744,-0.024684732177734148,0.0
2016-05-05,16.09,16.200001,16.049999,16.1,5.978068,181300,5.880703333333311,5.790958571428553,5.405936600000002,5.3373855450000125,5.955270290374756,6.096889,-63.010743538045,-0.022797709625244522,0.0
2016-05-06,16.1,16.48,16.049999,16.42,6.096889,398100,5.921547444444421,5.814533666666649,5.433246600000002,5.338365275000012,5.993038177490234,6.0931739999999985,-63.50159453416423,0.0,0.10385082250976563
2016-05-09,16.450001,16.469998999999998,16.33,16.41,6.0931739999999985,346800,5.961566111111087,5.835847857142839,5.459839080000002,5.339495890000012,6.021671772003174,6.197143,-63.304864277860005,-0.07150222799682471,0.0
2016-05-10,16.450001,16.709999,16.34,16.690001000000002,6.197143,415600,6.000347666666642,5.858118476190458,5.487867700000002,5.341023085000013,6.0731611251831055,6.17115,-63.611978662055776,0.0,0.12398187481689416
2016-05-11,16.73,16.91,16.620001000000002,16.620001000000002,6.17115,549400,6.03376555555553,5.874809809523791,5.5138040800000025,5.342605215000012,6.11651611328125,6.127326999999998,-63.19785953513932,0.0,0.05463388671874991
2016-05-12,16.379998999999998,16.41,15.77,16.219998999999998,6.127326999999998,397600,6.0586009999999755,5.890404285714267,5.538149300000002,5.344260965000013,6.147172927856445,6.1046640000000005,-62.10127431045805,0.0,-0.0198459278564469
2016-05-13,16.219998999999998,16.26,15.81,16.16,6.104664,484100,6.07514244444442,5.907218285714267,5.561755380000003,5.345649310000012,6.147916316986084,6.059332,-61.9559633849871,0.0,-0.04325231698608434
2016-05-16,16.200001,16.24,15.84,16.040001,6.059332,274700,6.087472222222198,5.920989523809506,5.5838830600000025,5.346656950000013,6.140777111053467,6.014001,-61.71585580915197,0.0,-0.08144511105346641
2016-05-17,15.91,16.059998999999998,15.8,15.92,6.014001,143700,6.093527555555531,5.933132714285695,5.603746160000003,5.347453335000012,6.104141712188721,5.98,-61.657401305347236,0.0,-0.09014071218872033
2016-05-18,15.85,15.95,15.82,15.83,5.98,98300,6.093742222222199,5.94365680952379,5.623429520000003,5.348156755000012,6.064464092254639,5.9120040000000005,-61.69005627129097,0.0,-0.08446409225463825
2016-05-19,15.75,15.86,15.38,15.65,5.9120040000000005,382100,6.0731994444444215,5.952003666666647,5.641109720000004,5.348427755000013,6.019077777862549,6.0328870000000006,-61.539439119089145,0.10707377786254835,0.0
2016-05-20,15.76,16.049999,15.68,15.97,6.0328870000000006,119600,6.066500888888866,5.97264899999998,5.660993140000004,5.349025825000013,6.004095554351807,5.991333999999998,-62.403910116770156,0.0,0.028791445648193914
2016-05-23,15.9,15.98,15.7,15.86,5.991333999999998,173500,6.0436332222222,5.98601119047617,5.678411640000004,5.3497396850000145,5.990357398986816,6.0026660000000005,-62.229776803361815,-0.000976601013181977,0.0
2016-05-24,15.81,15.98,15.7,15.89,6.0026660000000005,129500,6.024912777777755,5.99902899999998,5.696275600000003,5.350664285000015,5.989114761352539,6.010222,-62.308906473552305,-0.013551238647461439,0.0
2016-05-25,15.98,15.98,15.81,15.91,6.010222,131100,6.011901111111088,6.012229761904742,5.714363700000003,5.351210680000015,5.996339797973633,6.025332,-62.310874934169505,-0.013882202026366919,0.0
2016-05-26,15.97,15.98,15.88,15.95,6.025332,100400,6.003086444444421,6.020668952380933,5.732462160000003,5.352032910000015,6.0177388191223145,6.093329,-62.271229974154764,-0.007593180877685235,0.0
2016-05-27,15.92,16.15,15.92,16.129998999999998,6.093329,178600,6.006863888888866,6.031285142857124,5.751118260000003,5.353591040000015,6.030858516693115,6.1386639999999995,-62.61091822328622,-0.06247048330688454,0.0
2016-05-31,16.27,16.360001,16.17,16.25,6.138664,248800,6.02071533333331,6.042468761904742,5.770681060000003,5.355344415000015,6.060900688171387,6.1424400000000015,-62.702149611253,-0.07776331182861362,0.0
2016-06-01,16.309998999999998,16.360001,16.15,16.26,6.1424400000000015,262600,6.038764222222198,6.0513568095237895,5.789808760000003,5.3569909850000155,6.089780330657959,6.233103,-62.54747644121797,-0.05265966934204247,0.0
2016-06-02,16.24,16.700001,16.07,16.5,6.233103,412100,6.074441888888865,6.064915809523789,5.808780380000004,5.359216555000017,6.134932041168213,6.28599,-62.818593689889624,-0.09817095883178695,0.0
2016-06-03,16.59,16.65,16.379998999999998,16.639999,6.28599,253300,6.10256444444442,6.08046280952379,5.828809740000005,5.362177895000017,6.189189910888672,6.304878999999999,-62.80534685796152,-0.09680008911132809,0.0
2016-06-06,16.639999,16.780001000000002,16.610001,16.690001000000002,6.304879,246200,6.137402777777753,6.096025238095218,5.850019200000004,5.366192070000016,6.233360767364502,6.331321,-62.65212466215849,-0.07151823263549772,0.0
2016-06-07,16.700001,16.860001,16.58,16.76,6.331321,207500,6.173919999999976,6.107188666666647,5.871830440000004,5.371281110000016,6.2733283042907715,6.2822119999999995,-62.56964018919587,0.0,0.05799269570922849
2016-06-08,16.780001000000002,16.85,16.58,16.629998999999998,6.282212,380200,6.204141111111087,6.1161904761904555,5.892075940000003,5.377460065000016,6.300609111785889,6.233103,-62.11299163766702,0.0,-0.01839711178588832
2016-06-09,16.58,16.73,16.469998999999998,16.5,6.233103,263500,6.227226777777754,6.117902857142836,5.910755800000003,5.385278815000016,6.299552917480469,6.199103,-61.82089140920928,0.0,-0.06644991748046891
2016-06-10,16.52,16.6,16.309998999999998,16.41,6.199103,245100,6.238979444444421,6.119233952380931,5.927953300000002,5.391482130000015,6.281337738037109,6.219863,-61.7225000729,0.08223473803710935,0.0
2016-06-13,16.02,16.219998999999998,15.93,16.18,6.219863,129000,6.248001555555532,6.123640428571408,5.945566000000002,5.3970351150000155,6.264128684997559,6.189108,-61.284742367134996,0.0,-0.04426568499755845
2016-06-14,16.15,16.219998999999998,16.030001000000002,16.1,6.189108,120100,6.253186888888865,6.127661571428551,5.961688260000002,5.401208845000016,6.236085891723633,6.150666,-61.266547256374956,0.0,-0.04697789172363276
2016-06-15,16.190001000000002,16.190001000000002,15.95,16.0,6.150666,90200,6.244027222222198,6.132010809523789,5.9758746600000014,5.404813315000016,6.208522319793701,6.185266000000001,-61.19673550128937,0.05785631979370098,0.0
2016-06-16,15.95,16.09,15.85,16.09,6.185266,175600,6.2328356666666425,6.140166285714265,5.988346040000002,5.408025170000015,6.197932720184326,6.166044,-61.47959776143986,0.0,-0.012666720184325797
2016-06-17,16.120001000000002,16.18,16.040001,16.040001,6.166044,82400,6.217409555555531,6.149025523809503,5.999630680000003,5.411439430000017,6.190727233886719,6.204484,-61.40444608521709,0.024683233886718448,0.0
2016-06-20,16.120001000000002,16.190001000000002,16.1,16.139999,6.204484,82400,6.203316555555531,6.162953142857123,6.010808840000002,5.414778805000017,6.18826150894165,6.254459,-61.65884825059995,-0.016222491058349497,0.0
2016-06-21,16.15,16.27,16.110001,16.27,6.254459,119000,6.2002328888888645,6.173504190476171,6.021308820000002,5.418509445000017,6.202084064483643,6.254459,-61.880245454925365,0.0,0.0
2016-06-22,16.370001000000002,16.379998999999998,16.219998999999998,16.27,6.254459,166100,6.202605777777753,6.186033952380933,6.029985360000001,5.422617155000016,6.223489284515381,6.304435,-61.74868294704744,-0.03096971548461891,0.0
2016-06-23,16.370001000000002,16.450001,16.35,16.4,6.304435,89900,6.214309333333308,6.200403904761886,6.040077200000002,5.426629110000016,6.248148441314697,6.219863,-61.90153389442258,0.0,0.056286558685302523
2016-06-24,15.86,16.290001,15.7,16.18,6.219863,435600,6.214309333333308,6.210386809523791,6.049443060000001,5.430029665000017,6.257248401641846,6.123759,-61.327265750050394,0.0,-0.03738540164184556
2016-06-27,16.09,16.15,15.9,15.93,6.123759,259800,6.207048333333308,6.215073809523791,6.056515520000001,5.432886860000017,6.240224361419678,6.208332,-60.82721681469129,0.116465361419678,0.0
2016-06-28,16.049999,16.26,16.040001,16.15,6.208332,125600,6.213455666666641,6.2205501428571255,6.065502280000001,5.436731710000016,6.231433391571045,6.273681000000001,-61.41527311720715,0.023101391571044516,0.0
2016-06-29,16.35,16.35,16.25,16.32,6.273681,119200,6.223279555555529,6.226979523809506,6.075796020000002,5.4415932500000155,6.23612117767334,6.296745999999999,-61.788473176021206,-0.03755982232666,0.0
2016-06-30,16.370001000000002,16.379998999999998,16.209999,16.379998999999998,6.296746,142800,6.237801999999974,6.234327428571412,6.086996540000002,5.4469070650000155,6.2371063232421875,6.315966000000001,-61.922425494396016,-0.05963967675781223,0.0
2016-07-01,16.4,16.440001000000002,16.33,16.43,6.315966,147300,6.250188888888863,6.2382732857142695,6.101329160000002,5.452413255000015,6.256600856781006,6.377472999999999,-61.91965394533776,-0.059365143218994554,0.0
2016-07-05,16.450001,16.620001000000002,16.43,16.59,6.377473,274200,6.2638571111110855,6.242629619047603,6.114664060000003,5.457906085000015,6.30681848526001,6.41976,-61.98421648426758,-0.0706545147399904,0.0
2016-07-06,16.549999,16.700001,16.530001000000002,16.700001,6.41976,197500,6.282223888888863,6.248100142857127,6.128473420000002,5.463722665000015,6.350213527679443,6.412071,-61.97477157229246,0.0,0.06954647232055677
2016-07-07,16.74,16.85,16.620001000000002,16.68,6.412071,283600,6.2941834444444185,6.251945380952365,6.1420547200000035,5.469500800000015,6.378533363342285,6.431291,-61.75939230610141,-0.03353763665771492,0.0
2016-07-08,16.799999,16.83,16.700001,16.73,6.431291000000001,232600,6.3176754444444185,6.259044380952365,6.153718360000003,5.475375035000014,6.406505107879639,6.496640000000001,-61.70648471082105,-0.024785892120362085,0.0
2016-07-11,16.76,16.92,16.76,16.9,6.49664,240000,6.359106666666641,6.271593761904747,6.166243380000003,5.4814476450000145,6.443729877471924,6.558147999999999,-61.87142084336139,-0.052910122528076364,0.0
2016-07-12,16.950001,17.1,16.870001000000002,17.059998999999998,6.558147999999999,421000,6.3979751111110845,6.288691142857126,6.179330180000003,5.4879401100000145,6.479865550994873,6.571439,-62.01719852976032,-0.07828244900512615,0.0
2016-07-13,16.75,16.860001,16.65,16.809998999999998,6.571439,244700,6.431059333333307,6.30543285714284,6.191643140000004,5.494482990000015,6.512125492095947,6.567532000000001,-61.260405238001816,0.0,0.05931350790405254
2016-07-14,16.860001,16.92,16.799999,16.799999,6.567532000000001,149900,6.46114666666664,6.32345304761903,6.204026500000003,5.502017180000015,6.544259071350098,6.481527000000001,-61.046074637563386,0.0,0.023272928649903157
2016-07-15,16.83,16.83,16.41,16.58,6.481527,416200,6.479542333333307,6.339208333333316,6.214466980000003,5.509602710000015,6.552676200866699,6.544075999999999,-60.4784306340971,0.0711492008666994,0.0
2016-07-18,16.639999,16.77,16.51,16.74,6.544076,302400,6.498053777777752,6.356294523809505,6.225787140000003,5.517099855000015,6.562045097351074,6.571439,-60.800208498500155,0.01796909735107466,0.0
2016-07-19,16.690001000000002,16.809998999999998,16.67,16.809998999999998,6.571439,109500,6.514906999999975,6.375599047619029,6.235278140000004,5.524765910000016,6.564640522003174,6.579256,-60.94800171015373,-0.00679847799682598,0.0
2016-07-20,16.860001,16.969998999999998,16.799999,16.83,6.579256,141300,6.533483111111086,6.393445333333314,6.244999780000004,5.532166190000015,6.56698751449585,6.567532000000001,-60.98046634286482,0.0,0.012268485504150384
2016-07-21,16.82,16.84,16.799999,16.799999,6.567532000000001,45100,6.548620999999975,6.408353571428552,6.252407560000005,5.538737665000016,6.568992614746094,6.606622,-60.89885115620487,0.0014606147460929364,0.0
2016-07-22,16.860001,16.9,16.799999,16.9,6.606622,76600,6.560841222222198,6.425123238095218,6.261117000000005,5.545055320000016,6.593149185180664,6.614439999999999,-60.98728292792506,-0.01347281481933571,0.0
2016-07-25,16.940001000000002,16.98,16.860001,16.92,6.614439999999999,106600,6.567095888888864,6.439885380952361,6.270859260000005,5.550930710000016,6.606287479400635,6.645714999999999,-60.95574775767947,-0.008152520599364443,0.0
2016-07-26,16.959999,17.040001,16.92,17.0,6.645714999999999,165000,6.575348777777752,6.460164047619027,6.281680280000005,5.556882250000017,6.621283054351807,6.676991,-61.05127615087172,-0.02443194564819251,0.0
2016-07-27,17.07,17.110001,17.01,17.08,6.676991,90300,6.587510888888864,6.486508428571407,6.294033460000005,5.562733445000017,6.641432762145996,6.747357000000001,-61.11573324270494,-0.03555823785400403,0.0
2016-07-28,17.08,17.27,17.08,17.26,6.747357000000001,195100,6.61704755555553,6.512176285714263,6.308700580000005,5.569610365000017,6.678184986114502,6.845087,-61.30831410130648,-0.06917201388549898,0.0
2016-07-29,17.379998999999998,17.559998999999998,17.299999,17.51,6.845087,291700,6.650493222222198,6.539386095238073,6.326002320000004,5.576864385000016,6.727175235748291,6.950636000000001,-61.58095239435585,-0.11791176425170935,0.0
2016-08-01,17.549999,17.799999,17.440001000000002,17.780001000000006,6.950636,253200,6.692626222222198,6.570523714285692,6.346774960000004,5.584843020000017,6.796555995941162,6.970184,-61.77415290392189,-0.15408000405883815,0.0
2016-08-02,17.98,17.98,17.65,17.83,6.970184,216200,6.736062666666642,6.601676952380929,6.3655209000000035,5.592919395000017,6.863047122955322,7.044457000000001,-61.50842892341378,-0.10713687704467745,0.0
2016-08-03,17.83,18.02,17.82,18.02,7.044457,156000,6.789054333333308,6.633438095238071,6.386583360000004,5.6014491600000165,6.938954830169678,7.087458999999999,-61.49303645854785,-0.10550216983032268,0.0
2016-08-04,18.049999,18.129999,17.870001000000006,18.129999,7.087459,175800,6.842480666666641,6.665233285714261,6.408279220000005,5.610259560000016,7.0080084800720215,7.1421899999999985,-61.34578672579066,-0.07945051992797847,0.0
2016-08-05,18.1,18.48,18.1,18.27,7.1421899999999985,218200,6.901119555555529,6.7000008571428324,6.430918580000005,5.619048310000016,7.067570686340332,6.633988,-61.31597872829594,0.0,0.07461931365966645
2016-08-08,18.27,18.35,16.879998999999998,16.969998999999998,6.633988,1557000,6.89981655555553,6.709653095238071,6.4430917000000045,5.625279640000017,6.994110107421875,6.532347,-58.78544184108746,0.0,-0.36012210742187456
2016-08-09,17.07,17.07,15.52,16.709999,6.532347,1680600,6.8837449999999745,6.711353428571403,6.451872060000005,5.630773085000018,6.898501396179199,6.481527000000001,-58.716326696493525,0.0,-0.36615439617919954
2016-08-10,16.700001,16.83,16.5,16.58,6.481527,634900,6.8542083333333075,6.707704809523785,6.458729320000006,5.6359139900000175,6.786869049072266,6.705850999999998,-59.0659285339429,0.3053420490722658,0.0
2016-08-11,16.24,16.92,16.190001000000002,16.860001,6.705850999999999,430000,6.838737666666642,6.714105380952356,6.469997540000005,5.641963245000016,6.716088771820068,6.654145,-60.16554938626594,0.0,-0.010237771820069241
2016-08-12,16.799999,17.27,16.66,16.73,6.654145,422900,6.805794222222198,6.718229809523784,6.478418380000005,5.647639120000016,6.628431797027588,6.6978979999999995,-60.37996534950635,-0.025713202972411864,0.0
2016-08-15,16.75,17.0,16.75,16.84,6.697898,175400,6.7755402222221965,6.728533190476166,6.486656540000005,5.653287670000015,6.642466068267822,6.634258999999999,-60.55542714805331,0.0,0.055431931732178086
2016-08-16,16.75,17.120001000000002,16.4,16.68,6.634258999999999,337900,6.729962666666641,6.732827619047594,6.493244140000004,5.658568810000015,6.656994342803955,6.542780999999999,-60.0899619735974,0.0,-0.022735342803955838
2016-08-17,16.559998999999998,16.74,16.440001000000002,16.450001,6.542781,349500,6.669442888888863,6.7314629523809275,6.4974733400000035,5.663212095000016,6.665468215942383,6.574597,-59.48043884044516,0.12268721594238308,0.0
2016-08-18,16.5,16.73,16.25,16.530001000000002,6.574597,406400,6.606376999999974,6.7312410952380715,6.503321040000003,5.667899615000016,6.637750625610352,6.558687000000001,-59.84422127009944,0.0,-0.06315362561035176
2016-08-19,16.780001000000002,16.790001,16.379998999999998,16.49,6.558687,256000,6.598010222222197,6.73081990476188,6.509832720000004,5.671916965000016,6.61759614944458,6.5268690000000005,-59.86903487298617,0.0,-0.058909149444580144
2016-08-22,16.51,16.549999,16.07,16.41,6.5268690000000005,570400,6.597401555555531,6.727022142857119,6.516388040000004,5.675463525000016,6.582785606384277,6.562664999999999,-59.88552342239929,0.05591660638427687,0.0
2016-08-23,16.4,16.59,16.309998999999998,16.5,6.562664999999999,155500,6.606416888888863,6.724556666666643,6.523244080000004,5.679435155000016,6.570803642272949,6.47914,-60.17694762258819,0.0,-0.008138642272950136
2016-08-24,16.610001,16.610001,16.27,16.290001,6.47914,189900,6.581226777777753,6.716624523809501,6.529044720000004,5.683071185000016,6.557568073272705,6.407548000000001,-59.744827067397324,0.0,-0.07842807327270496
2016-08-25,16.25,16.290001,15.95,16.110001,6.407548,795900,6.553827111111087,6.703793904761882,6.534182360000004,5.686529725000015,6.520461559295654,6.471188,-59.52538079112687,0.11291355929565405,0.0
2016-08-26,16.200001,16.450001,16.030001000000002,16.27,6.471188,387500,6.528637111111086,6.690642999999978,6.539900800000003,5.690209250000015,6.5042877197265625,6.578575999999998,-60.02281671956629,0.03309971972656278,0.0
2016-08-29,16.299999,16.549999,16.299999,16.540001,6.578575999999999,335500,6.5224501111110875,6.677951999999978,6.548151440000003,5.694526275000015,6.514416217803955,6.689941,-60.61417276937314,-0.06415978219604401,0.0
2016-08-30,16.559998999999998,17.110001,16.34,16.82,6.689941,756400,6.538801222222199,6.66553795238093,6.557860580000003,5.699785605000016,6.5420708656311035,6.662099000000001,-61.105405079482146,0.0,0.14787013436889662
2016-08-31,16.9,16.950001,16.700001,16.75,6.662099,213300,6.548523666666644,6.650867238095217,6.566013380000004,5.704855455000016,6.584643363952637,6.622325999999998,-60.68869633461112,0.0,0.07745563604736372
2016-09-01,16.83,16.85,16.59,16.65,6.622325999999998,212500,6.555594666666645,6.63076576190474,6.573370720000003,5.710396840000015,6.626124858856201,6.658122999999999,-60.20345430116395,0.0037988588562027914,0.0
2016-09-02,16.77,16.84,16.65,16.74,6.658123,154100,6.570178444444422,6.610321190476169,6.580444480000003,5.715882560000014,6.664043426513672,6.670053,-60.19089948319192,0.0059204265136720835,0.0
2016-09-06,16.75,16.98,16.66,16.77,6.670053,471400,6.582110444444423,6.587838476190454,6.589448280000004,5.721645820000013,6.681180477142334,6.725737,-60.15992559843569,0.011127477142333753,0.0
2016-09-07,16.860001,16.940001000000002,16.76,16.91,6.725737,173200,6.6095101111110885,6.592207476190455,6.601487840000003,5.727687500000013,6.687308311462402,6.6939199999999985,-60.45352861346894,0.0,0.03842868853759729
2016-09-08,16.9,16.940001000000002,16.799999,16.83,6.6939199999999985,345300,6.6413292222222,6.599901428571408,6.6111996000000035,5.733855010000013,6.694043159484863,6.654145,-60.22553084085048,0.0,-0.00012315948486474326
2016-09-09,16.790001,16.85,16.540001,16.73,6.654145,615100,6.661657777777756,6.608121333333313,6.618808880000004,5.739873925000013,6.69924783706665,6.626306,-59.95667760270981,0.0,-0.045102837066650636
2016-09-12,16.719998999999998,16.75,16.219998999999998,16.66,6.626306,648600,6.666961111111089,6.6043334761904555,6.625400080000004,5.745669840000014,6.692497253417969,6.534856,-59.82894805871567,0.0,-0.06619125341796916
2016-09-13,16.040001,16.33,15.87,16.15,6.534856,729400,6.649729444444423,6.598653047619027,6.629777880000003,5.750539225000014,6.662544250488281,6.405373,-58.74585603412829,0.0,-0.1276882504882808
2016-09-14,16.0,16.370001000000002,15.78,15.83,6.405373,1153600,6.6212043333333135,6.584723285714264,6.630335880000003,5.754660650000014,6.5963335037231445,6.194961999999999,-58.330173697263774,0.0,-0.19096050372314455
2016-09-15,15.95,16.1,14.78,15.31,6.194962,1434100,6.573719444444425,6.5638043809523605,6.625839920000003,5.757612695000015,6.492353916168213,6.077617,-57.59403059328404,0.0,-0.2973919161682126
2016-09-16,15.27,15.27,14.8,15.02,6.077617,637500,6.5092187777777575,6.541653714285694,6.619150840000002,5.759659575000014,6.3769965171813965,6.138313,-57.54329882036354,0.29937951718139644,0.0
2016-09-19,14.93,15.45,14.92,15.17,6.138313,597400,6.450136555555535,6.520878285714265,6.613291280000002,5.762311615000013,6.280857086181641,6.069527,-58.59685506801819,0.0,-0.1425440861816405
2016-09-20,15.25,15.33,15.0,15.0,6.069527,388700,6.377224333333313,6.497584952380932,6.604749020000002,5.764636485000015,6.190337657928467,6.008831,-58.73108228047689,0.0,-0.1208106579284669
2016-09-21,14.57,14.85,14.37,14.85,6.008831,738600,6.301103333333312,6.472916476190456,6.593762680000001,5.766724910000015,6.108475685119629,6.037156,-58.86548360188802,0.0996446851196291,0.0
2016-09-22,14.87,14.96,14.75,14.92,6.037156,234700,6.23254899999998,6.447892238095217,6.583077020000001,5.768954960000015,6.074549674987793,6.020969999999998,-59.28586008721318,0.0,-0.03739367498779256
2016-09-23,14.99,15.0,14.67,14.88,6.020969999999998,513800,6.165289444444424,6.426074619047599,6.57214578,5.7713387250000165,6.06134557723999,5.984553,-59.26515069059146,0.0,-0.040375577239991856
2016-09-26,14.88,14.95,14.77,14.79,5.984553,401500,6.104144666666646,6.40593199999998,6.562206300000001,5.773825320000017,6.030239582061768,6.041201999999998,-59.22758903271286,0.04568658206176757,0.0
2016-09-27,14.86,14.94,14.71,14.93,6.041201999999998,122600,6.063681222222202,6.3854564761904555,6.55214882,5.776829795000015,6.026955604553223,6.073570999999999,-59.631911556910765,-0.01424639544677575,0.0
2016-09-28,14.88,15.01,14.82,15.01,6.073571,125800,6.050193333333313,6.361408619047598,6.542191460000001,5.780634060000016,6.0384955406188965,5.9886,-59.770182940580305,0.0,0.03507545938110379
2016-09-29,15.05,15.21,14.79,14.8,5.9886,367100,6.040302555555535,6.328011428571407,6.530378340000001,5.785351075000015,6.02858304977417,6.033107,-59.26633074476912,0.03998304977417,0.0
2016-09-30,14.82,14.99,14.65,14.91,6.033107,232400,6.0286129999999805,6.298059428571406,6.51968984,5.789964810000016,6.029878616333008,6.05334,-59.55815817348754,-0.003228383666992407,0.0
2016-10-03,14.93,14.99,14.82,14.96,6.05334,156800,6.026814444444424,6.270964857142835,6.508624199999999,5.793822255000016,6.042399883270264,6.004784,-59.60962644872818,0.0,0.010940116729736715
2016-10-04,14.96,14.97,14.82,14.84,6.004784,187800,6.026364777777758,6.239853476190454,6.496431079999999,5.797093950000016,6.035552978515625,6.025014999999999,-59.329157826714116,0.0307689785156251,0.0
2016-10-05,14.84,14.95,14.84,14.89,6.025015,171300,6.025015777777757,6.20913738095236,6.484017079999998,5.801461435000016,6.027100086212158,6.033107,-59.52249774202715,0.0020850862121584157,0.0
2016-10-06,14.96,14.96,14.81,14.91,6.033107,128600,6.026364333333313,6.176154999999978,6.471139399999998,5.805423510000015,6.0352044105529785,6.016923000000001,-59.52243856101289,0.0,-0.002097410552978296
2016-10-07,14.94,14.98,14.83,14.87,6.016923,142600,6.02996099999998,6.143917047619025,6.456530719999998,5.809133165000015,6.0316691398620605,6.020969999999998,-59.437329254458234,0.014746139862060303,0.0
2016-10-10,14.87,14.98,14.8,14.88,6.020969999999998,359900,6.02771299999998,6.113765857142836,6.440048379999999,5.812657275000014,6.024643421173096,5.883392,-59.511804965234575,0.0,-0.0036734211730973243
2016-10-11,14.88,14.9,14.5,14.54,5.883392,431700,6.006581999999979,6.078388999999977,6.4187034999999995,5.815442050000014,5.99822473526001,5.903625,-58.74673497070144,0.11483273526001003,0.0
2016-10-12,14.61,14.83,14.51,14.59,5.903625,349100,5.997140333333313,6.0483303809523585,6.397372319999999,5.8183279900000135,5.973024845123291,5.876391,-59.060830396687514,0.0,-0.06939984512329112
2016-10-13,14.1,14.32,13.75,14.24,5.876391,489000,5.979727444444424,6.02314076190474,6.3740109999999985,5.820751925000014,5.9407782554626465,5.793857,-58.281051576807265,0.0,-0.06438725546264656
2016-10-14,14.12,14.18,13.95,14.04,5.793857,234500,5.95089599999998,6.004040523809501,6.348138959999997,5.822934690000014,5.897043704986572,5.806235,-57.99826420949734,0.10318670498657223,0.0
2016-10-17,14.01,14.13,14.01,14.07,5.806235,186800,5.92883499999998,5.991117571428548,6.321419859999999,5.825110740000014,5.8543500900268555,5.826870999999999,-58.3912573558859,0.048115090026855434,0.0
2016-10-18,14.07,14.15,14.01,14.12,5.826871,177400,5.90681899999998,5.976286999999978,6.305277519999999,5.827218485000014,5.842486381530762,5.855756,-58.62261769454135,0.01561538153076203,0.0
2016-10-19,14.07,14.25,14.07,14.19,5.855756,249900,5.887113333333313,5.966107428571407,6.291745699999998,5.828904740000013,5.833065986633301,5.835121,-58.893122011040866,0.0,0.022690013366699624
2016-10-20,14.17,14.24,14.14,14.14,5.835121,141100,5.866913111111091,5.957835523809501,6.2788175799999975,5.830590725000013,5.824567794799805,5.83925,-58.80786566619658,-0.010553205200195315,0.0
2016-10-21,14.17,14.23,14.07,14.15,5.83925,147300,5.84672199999998,5.948411428571406,6.261485559999998,5.8331033400000125,5.8336567878723145,5.996063000000001,-58.772743548605554,-0.005593212127685376,0.0
2016-10-24,14.17,14.53,14.17,14.53,5.996063,197000,5.8592409999999795,5.947225380952359,6.248323919999998,5.836708695000012,5.872544765472412,6.078595,-59.58331200638395,-0.12351823452758826,0.0
2016-10-25,14.57,14.78,14.5,14.73,6.078595,191800,5.878682111111091,5.951703571428549,6.235937859999998,5.840829610000012,5.9247589111328125,6.185889,-59.777604133517904,-0.15383608886718747,0.0
2016-10-26,14.69,15.16,14.69,14.99,6.185889,508600,5.913070777777758,5.958593428571406,6.226970459999998,5.8458299750000124,5.991645336151123,6.095102000000001,-60.029050459298716,0.0,0.19424366384887737
2016-10-27,15.15,15.18,14.7,14.77,6.095102,261700,5.946542444444424,5.959618714285692,6.218016879999998,5.850561665000012,6.0453715324401855,6.136371,-59.06992869031696,-0.04973046755981425,0.0
2016-10-28,14.89,15.01,14.68,14.87,6.136371,238500,5.983224222222201,5.966655428571407,6.209252359999998,5.855482210000012,6.105503559112549,6.16113,-58.94079650899429,-0.030867440887450748,0.0
2016-10-31,15.01,15.1,14.78,14.93,6.16113,311900,6.020364111111091,5.97275176190474,6.201301219999998,5.861854820000012,6.138888835906982,6.074469999999999,-58.88219132011399,0.0,0.022241164093017574
2016-11-01,14.98,14.99,14.55,14.72,6.07447,679100,6.0446656666666465,5.97375795238093,6.1922532399999985,5.869332110000013,6.136447906494141,6.029078,-58.3121745482735,0.0,-0.06197790649414081
2016-11-02,14.7,14.76,14.45,14.61,6.029078,322600,6.066216444444424,5.974914809523788,6.1815815,5.8782952100000125,6.104189872741699,6.090977,-58.21909738027584,0.07511187274169906,0.0
2016-11-03,14.63,14.78,14.54,14.76,6.090977,431400,6.094186111111091,5.978055857142836,6.17381824,5.887427990000012,6.103545188903809,6.111608999999999,-58.64806782585495,0.012568188903808952,0.0
2016-11-04,14.72,14.91,14.67,14.81,6.111609,245700,6.107024555555536,5.981794047619026,6.16789946,5.895527915000013,6.100714206695557,6.185889,-58.806791311981385,-0.010894793304442985,0.0
2016-11-07,14.84,15.09,14.78,14.99,6.185889,389900,6.118946111111091,5.989840047619025,6.16219348,5.904121580000013,6.107851982116699,6.206524,-59.25382266766712,-0.0780370178833012,0.0
2016-11-08,14.95,15.12,14.93,15.04,6.206524,213600,6.121238888888869,5.998675952380929,6.154752439999999,5.912364010000013,6.134493827819824,6.309692,-59.2121421022618,-0.07203017218017571,0.0
2016-11-09,14.74,15.32,14.74,15.29,6.309692,630700,6.145082222222203,6.01897595238093,6.14714746,5.921087325000014,6.190616130828857,6.374444,-59.51199391217228,-0.11907586917114266,0.0
2016-11-10,15.32,15.4,15.11,15.16,6.374444,500200,6.171534777777759,6.041395904761882,6.14139436,5.929575135000014,6.248167514801025,6.35342,-58.78517470447873,0.0,0.12627648519897505
2016-11-11,15.02,15.24,15.01,15.11,6.35342,305600,6.192900333333315,6.0641115714285485,6.13601624,5.937503415000013,6.298957824707031,6.265119999999999,-58.3126550317205,0.0,0.054462175292968595
2016-11-14,15.27,15.28,14.4,14.9,6.26512,363500,6.214083666666648,6.086552666666644,6.128156180000001,5.944483355000013,6.3139848709106445,6.290349000000001,-57.62426261133796,0.04886487091064495,0.0
2016-11-15,14.93,15.05,14.88,14.96,6.290349,117800,6.243113777777759,6.109605714285692,6.120562100000001,5.951694315000014,6.332375526428223,6.231482,-57.67128658804664,0.0,-0.04202652642822269
2016-11-16,15.03,15.05,14.82,14.82,6.231482,98900,6.258725444444425,6.128872904761882,6.110677000000001,5.958575975000014,6.314540863037109,6.286143999999999,-57.391762057779296,0.08305886303710963,0.0
2016-11-17,14.84,14.98,14.84,14.95,6.286144,161900,6.2781182222222025,6.149367571428549,6.10252148,5.965853290000013,6.295446872711182,6.294553,-57.8899874735038,0.009302872711181465,0.0
2016-11-18,14.89,15.03,14.89,14.97,6.294553,110300,6.29019199999998,6.171245285714264,6.09532964,5.9732425500000135,6.283790111541748,6.35342,-58.02411415135773,-0.010762888458251574,0.0
2016-11-21,15.04,15.11,14.95,15.11,6.35342,98600,6.306513777777758,6.19572957142855,6.08987192,5.9819223550000125,6.301755905151367,6.382853000000001,-58.294136961274866,-0.05166409484863266,0.0
2016-11-22,15.2,15.26,15.09,15.18,6.382853,236400,6.314642777777758,6.214148142857122,6.086831860000001,5.991133810000013,6.3209075927734375,6.395468000000001,-58.36029253772439,-0.06194540722656239,0.0
2016-11-23,15.18,15.31,15.06,15.21,6.395468,228600,6.316978777777758,6.2292373333333115,6.086633760000001,6.000579885000013,6.354468822479248,6.437515,-58.221769740438866,-0.040999177520752106,0.0
2016-11-25,15.28,15.33,15.23,15.31,6.437515,74100,6.3263226666666466,6.241219523809502,6.091484820000002,6.010915165000013,6.385928630828857,6.424901,-58.28916635644117,0.0,0.0515863691711429
2016-11-28,15.28,15.43,15.08,15.28,6.424901,301500,6.344076111111091,6.256924238095216,6.098430500000002,6.020508405000014,6.41162633895874,6.420698000000001,-58.039094640322375,0.0,0.01327466104125996
2016-11-29,15.29,15.36,15.27,15.27,6.420698000000002,96800,6.358559333333314,6.270463619047597,6.104078200000003,6.030312905000013,6.426428318023682,6.433311,-57.914680301089184,0.00573031802368007,0.0
2016-11-30,15.4,15.4,15.29,15.3,6.433311,136800,6.380984777777758,6.283424619047596,6.111353880000003,6.039680175000013,6.436273097991943,6.433311,-57.93285556868011,0.0,0.0
2016-12-01,15.38,15.38,15.27,15.3,6.433311,163400,6.397336666666647,6.300512285714264,6.119843480000003,6.048868765000013,6.443341255187988,6.441721,-57.886658462823604,0.010030255187988502,0.0
2016-12-02,15.3,15.34,15.27,15.32,6.441721,145000,6.413688666666647,6.32016195238093,6.127934780000003,6.058063665000013,6.445126533508301,6.458537999999999,-57.92998346273956,0.003405533508300529,0.0
2016-12-05,15.37,15.4,15.32,15.36,6.458538,142600,6.425368444444424,6.337664857142835,6.136686140000003,6.0667887450000135,6.451379299163818,6.487975,-57.99883268773556,-0.007158700836181531,0.0
2016-12-06,15.37,15.45,15.35,15.43,6.487975,161100,6.437048666666647,6.355587047619027,6.146754580000003,6.075786095000013,6.465442180633545,6.504791,-58.09823602959465,-0.02253281936645468,0.0
2016-12-07,15.45,15.55,15.42,15.47,6.504791,200500,6.449195666666647,6.370772857142836,6.156026360000003,6.084974730000014,6.480210781097412,6.525815000000002,-58.111113244360624,-0.02458021890258788,0.0
2016-12-08,15.55,15.55,15.46,15.52,6.5258150000000015,193600,6.459006777777758,6.3859771904761695,6.165071240000003,6.093946860000013,6.499168872833252,6.567862000000001,-58.123911901847606,-0.026646127166749523,0.0
2016-12-09,15.55,15.69,15.55,15.62,6.567862,301200,6.474891333333314,6.398270999999978,6.176656480000003,6.102968420000014,6.524673938751221,6.580478000000001,-58.228719982386544,-0.043188061248779164,0.0
2016-12-12,15.62,15.85,15.38,15.65,6.580478,607000,6.4926446666666475,6.40808214285712,6.187603900000004,6.111892250000015,6.548214912414551,6.505107,-58.15837116668019,0.0,0.03226308758544949
2016-12-13,15.3,15.45,14.86,15.19,6.505107,368100,6.50062199999998,6.415305333333311,6.196639240000004,6.120046130000015,6.551928520202637,6.436586,-56.86683001841581,0.0,-0.04682152020263697
2016-12-14,15.1,15.35,14.97,15.03,6.436586,187200,6.500985888888869,6.4234703809523594,6.205275280000004,6.127678730000015,6.5384907722473145,6.466564999999999,-56.49706738358407,0.10190477224731431,0.0
2016-12-15,14.98,15.22,14.97,15.1,6.466565,183000,6.503746333333314,6.431861619047598,6.214106280000005,6.1353897550000145,6.526980400085449,6.4494370000000005,-56.774964237844706,0.0,-0.0604154000854491
2016-12-16,15.05,15.11,15.0,15.06,6.4494370000000005,170300,6.502735111111092,6.442240428571407,6.222432880000005,6.142872200000014,6.50331974029541,6.436586,-56.81726600069449,0.0,-0.053882740295409626
2016-12-19,15.25,15.25,14.91,15.03,6.436586,342700,6.497025222222203,6.4494043333333115,6.230826140000004,6.1499509000000145,6.4719624519348145,6.423741000000002,-56.93970424527735,0.0,-0.03537645193481431
2016-12-20,15.09,15.1,14.89,15.0,6.4237410000000015,319500,6.4880196666666485,6.455556142857121,6.238881560000005,6.157090445000015,6.45498514175415,6.453717999999999,-56.966765721639,0.031244141754148913,0.0
2016-12-21,15.0,15.2,15.0,15.07,6.453718,143200,6.48000888888887,6.460332238095217,6.250288080000003,6.164219065000014,6.459391117095947,6.487977,-57.13741793566061,0.005673117095946978,0.0
2016-12-22,15.15,15.25,14.82,15.15,6.487977,279400,6.471132777777758,6.465338142857121,6.261975120000004,6.171465370000014,6.464053630828857,6.432304,-57.33297933446298,0.0,0.02392336917114246
2016-12-23,15.13,15.23,15.02,15.02,6.432304,218000,6.45466899999998,6.467092238095216,6.273093380000003,6.178024845000014,6.461390018463135,6.492258999999999,-56.98142464405369,0.029086018463134522,0.0
2016-12-27,15.1,15.22,15.09,15.16,6.492259,109300,6.453241444444425,6.469699095238073,6.287061420000003,6.184938800000014,6.4730682373046875,6.492258999999999,-57.301660703794944,0.0,0.01919076269531228
2016-12-28,15.11,15.2,15.1,15.16,6.492259,195600,6.459427333333313,6.472906619047596,6.300781900000003,6.191871010000015,6.486059665679932,6.496542,-57.21596526596351,-0.0061993343200681394,0.0
2016-12-29,15.19,15.2,15.1,15.17,6.496542,139100,6.46275811111109,6.476518238095214,6.314175320000003,6.198751675000015,6.495434761047363,6.496542,-57.18236808802002,0.0,0.0
2016-12-30,15.25,15.28,15.11,15.17,6.496542,286500,6.467991999999979,6.479529238095215,6.326991040000003,6.205431765000015,6.496707916259766,6.496542,-57.173975502572404,0.0,0.0
2017-01-03,15.2,15.24,15.09,15.17,6.496542,389400,6.474653777777758,6.482540238095215,6.340219460000002,6.212111855000017,6.508472442626953,6.50939,-57.09642424108799,0.011930442626953308,0.0
2017-01-04,15.2,15.25,15.17,15.2,6.50939,326000,6.484170333333314,6.485762571428547,6.353622260000002,6.218728530000017,6.512726306915283,6.5136709999999995,-57.15311640187314,0.0033363069152834157,0.0
2017-01-05,15.24,15.25,15.16,15.21,6.513671,259500,6.490831777777758,6.488387952380928,6.363974420000002,6.224874275000016,6.517735958099365,6.547932000000001,-57.14835004536907,0.004064958099364802,0.0
2017-01-06,15.25,15.3,15.18,15.29,6.547932,377500,6.497493444444424,6.491243047619023,6.373361160000002,6.231191325000017,6.52915096282959,6.530802,-57.29790083172276,0.0,0.018781037170410464
2017-01-09,15.3,15.33,15.25,15.25,6.530802,424700,6.508437666666645,6.492481666666642,6.3802594200000025,6.2376233050000165,6.536372184753418,6.535085,-57.13854305079727,0.005570184753417529,0.0
2017-01-10,15.3,15.32,15.21,15.26,6.535085,400500,6.513196111111089,6.492923095238071,6.389059080000002,6.2440949350000166,6.54379940032959,6.540738,-57.1179593687445,0.008714400329590255,0.0
2017-01-11,15.2,15.2,15.0,15.04,6.540738,501600,6.518582666666645,6.491631476190452,6.397146420000001,6.250448940000016,6.549624443054199,6.527689999999999,-56.45196513926729,0.0,-0.008886443054199056
2017-01-12,15.1,15.1,14.97,15.01,6.52769,445100,6.522043555555534,6.489117761904739,6.4044776200000015,6.256591840000016,6.553107261657715,6.518992,-56.34172377309984,0.0,-0.025417261657715073
2017-01-13,14.99,15.05,14.99,14.99,6.518992,246100,6.524537999999979,6.489778952380928,6.413368060000002,6.262490660000015,6.548406600952148,6.497249,-56.3148325486848,0.0,-0.02941460095214854
2017-01-17,15.0,15.02,14.91,14.94,6.497249,311100,6.524616555555536,6.492667666666643,6.422731480000001,6.268280765000015,6.541284084320068,6.505949000000001,-56.21630465649218,0.04403508432006831,0.0
2017-01-18,14.98,15.0,14.94,14.96,6.505949,106500,6.524234222222201,6.49454309523807,6.43103092,6.273895535000016,6.53618049621582,6.518992,-56.30895390230067,0.03023149621582011,0.0
2017-01-19,15.06,15.06,14.96,14.99,6.518992,146500,6.524825444444423,6.497855238095214,6.439178580000001,6.279283765000016,6.531061172485352,6.527689999999999,-56.43054588068478,0.012069172485351665,0.0
2017-01-20,14.99,15.05,14.96,15.01,6.52769,143900,6.522576333333313,6.5021935238095,6.446014600000002,6.284113730000015,6.5301055908203125,6.536389,-56.494966083808706,0.0024155908203127296,0.0
2017-01-23,15.07,15.07,14.95,15.03,6.536389,271000,6.523197111111091,6.507557714285689,6.452611900000002,6.288786615000015,6.533032417297363,6.549437999999999,-56.53338378378334,-0.0033565827026365014,0.0
2017-01-24,15.06,15.07,15.01,15.06,6.5494379999999985,128300,6.524791888888868,6.5121158095237845,6.457406820000002,6.293305925000015,6.543106555938721,6.553786,-56.55307731780398,-0.0063314440612778355,0.0
2017-01-25,15.1,15.11,15.06,15.07,6.553786,186700,6.526241666666646,6.515249571428546,6.460993660000002,6.297427555000016,6.553099155426025,6.562482999999999,-56.515599499495515,-0.0006868445739742768,0.0
2017-01-26,15.12,15.14,15.06,15.09,6.562483,263400,6.530107555555535,6.5214485714285475,6.465174920000002,6.301136810000015,6.561939239501953,6.584225,-56.514650500318396,-0.0005437604980471633,0.0
2017-01-27,15.08,15.14,15.08,15.14,6.584225,110900,6.537355666666646,6.525827904761881,6.471557020000001,6.305058720000016,6.574434757232666,6.553786,-56.57572815566271,0.0,0.009790242767333979
2017-01-30,15.1,15.14,15.05,15.07,6.553786,303700,6.543637555555536,6.528757761904739,6.476825760000001,6.309069800000016,6.576735019683838,6.566832000000002,-56.35875899347155,0.022949019683838223,0.0
2017-01-31,15.16,15.19,15.05,15.1,6.566832000000002,252400,6.550402333333314,6.532104904761882,6.48353276,6.313053280000015,6.580633163452148,6.588574999999999,-56.41964792415796,0.01380116345214688,0.0
2017-02-01,15.14,15.15,15.1,15.15,6.588575,269600,6.558133777777759,6.536487428571405,6.489581380000001,6.317201185000015,6.587795734405518,6.588574999999999,-56.516199772900876,0.0,0.0007792655944820481
2017-02-02,15.15,15.15,15.1,15.15,6.588575,184300,6.56489877777776,6.540869952380929,6.49546182,6.321349090000015,6.593165397644043,6.627716000000001,-56.48075645119444,0.0045903976440433425,0.0
2017-02-03,15.2,15.24,15.15,15.24,6.627716,140700,6.575046222222205,6.546504523809499,6.500947740000002,6.325804070000014,6.603670120239258,6.7146940000000015,-56.668831232025866,-0.024045879760742572,0.0
2017-02-06,15.27,15.44,15.22,15.44,6.7146940000000015,625600,6.593407999999984,6.556077047619024,6.5075845600000015,6.331380865000013,6.6345014572143555,6.666856,-57.030430976590964,0.0,0.08019254278564603
2017-02-07,15.43,15.54,15.15,15.33,6.666856,528500,6.605971333333317,6.561740095238072,6.513012320000001,6.336161505000014,6.6545796394348145,6.679902,-56.59113085822038,-0.012276360565185662,0.0
2017-02-08,15.3,15.48,15.13,15.36,6.679902,459300,6.619017888888872,6.568840095238071,6.517860060000001,6.3409145550000146,6.67321252822876,6.736436999999999,-56.55460593601068,-0.006689471771240463,0.0
2017-02-09,15.4,15.5,15.37,15.49,6.736437,332100,6.635930333333316,6.578428285714262,6.5240907800000025,6.3459317100000145,6.704833030700684,6.736436999999999,-56.71508695480514,0.0,0.03160396929931597
2017-02-10,15.53,15.55,15.43,15.49,6.736437,483700,6.65622488888887,6.587747285714261,6.530405560000003,6.350373350000015,6.728538513183594,6.768671,-56.56204962437964,-0.007898486816405814,0.0
2017-02-13,15.35,15.37,15.21,15.33,6.768671,410500,6.678651444444425,6.599222571428547,6.537112760000002,6.354864760000015,6.739315986633301,6.79516,-56.03838234420547,-0.029355013366699545,0.0
2017-02-14,15.33,15.44,15.29,15.39,6.795160000000001,188100,6.701605333333314,6.612373428571405,6.544349740000002,6.359321520000014,6.766059875488281,6.821654,-56.03599820995269,-0.029100124511719727,0.0
2017-02-15,15.39,15.48,15.34,15.45,6.821654,267000,6.727502999999981,6.627821285714261,6.551948400000003,6.363650835000015,6.7945475578308105,6.817239,-56.0223459040077,0.0,0.027106442169189116
2017-02-16,15.48,15.48,15.4,15.44,6.817239,154900,6.748561111111091,6.642644619047595,6.559122420000003,6.367995210000014,6.811847686767578,6.826069,-55.88181550020999,-0.005391313232421702,0.0
2017-02-17,15.4,15.46,15.4,15.46,6.826069,159900,6.76093611111109,6.6572673333333094,6.565884300000004,6.3723280400000135,6.828922271728516,6.834902,-55.828445849104035,0.0028532717285152387,0.0
2017-02-21,15.49,15.58,15.42,15.48,6.8349020000000005,393000,6.779607888888869,6.671896476190452,6.5724865200000036,6.376612210000014,6.8401336669921875,6.861393,-55.813090006510414,0.005231666992187023,0.0
2017-02-22,15.54,15.55,15.48,15.54,6.861393,214900,6.799773555555536,6.687372857142831,6.579198080000003,6.380434730000014,6.854267120361328,6.870222,-55.89274697322183,-0.007125879638671506,0.0
2017-02-23,15.6,15.62,15.55,15.56,6.870222,149500,6.814638555555535,6.70264828571426,6.585245280000004,6.384319970000014,6.864458084106445,6.870222,-55.88394547489431,0.0,0.0
2017-02-24,15.6,15.6,15.45,15.56,6.870222,140900,6.829503555555536,6.717716666666642,6.591040160000003,6.387685365000014,6.8759541511535645,6.896715000000001,-55.810063295928245,0.005732151153564402,0.0
2017-02-27,15.59,15.65,15.58,15.62,6.896715,134000,6.843730666666648,6.733632476190451,6.5988723200000035,6.391313190000014,6.891049385070801,6.9232059999999995,-55.8831665488425,-0.005665614929199592,0.0
2017-02-28,15.65,15.68,15.64,15.68,6.923206,152300,6.857957999999981,6.749774428571403,6.608604720000004,6.395292585000014,6.907780170440674,7.007097999999999,-55.945279525250804,-0.015425829559326587,0.0
2017-03-01,15.7,15.99,15.7,15.87,7.007097999999999,596700,6.878562888888871,6.771360714285687,6.619415380000004,6.399804755000015,6.935537338256836,7.06008,-56.297811353139025,-0.07156066174316322,0.0
2017-03-02,15.87,16.049999,15.87,15.99,7.06008,417000,6.905545222222205,6.7948487142856875,6.631628240000005,6.404808495000014,6.9750494956970215,7.086571000000001,-56.37867732522188,-0.08503050430297865,0.0
2017-03-03,15.95,16.23,15.95,16.049999,7.086571000000001,776400,6.934489888888872,6.818562809523782,6.644627940000005,6.410171345000014,7.018608093261719,7.135139,-56.27035183452834,-0.06796290673828231,0.0
2017-03-06,16.040001,16.200001,15.87,16.16,7.135139,613300,6.967849555555538,6.84458966666664,6.658855900000004,6.415947040000015,7.068776607513428,7.196957,-56.257570498060474,-0.06636239248657194,0.0
2017-03-07,16.09,16.309998999999998,16.09,16.299999,7.196957,288800,7.005134444444426,6.871696380952355,6.673720680000005,6.422371805000015,7.127951145172119,7.192539999999998,-56.27023569036955,0.0,0.06900585482788113
2017-03-08,16.389999,16.4,16.26,16.290001,7.192539999999998,499900,7.040947555555538,6.894450952380926,6.687811940000005,6.428170070000014,7.165064334869385,7.113064,-56.01556847743973,0.0,0.027475665130613613
2017-03-09,16.27,16.299999,16.110001,16.110001,7.113064,469900,7.067929999999982,6.915698952380927,6.701427140000005,6.433778720000014,7.176451683044434,7.179293,-55.453437383123486,0.06338768304443398,0.0
2017-03-10,16.129998999999998,16.290001,16.129998999999998,16.26,7.179293,434700,7.099327555555537,6.939479476190451,6.715167820000005,6.439661855000013,7.193193435668945,7.185117,-55.76141798481584,0.013900435668944944,0.0
2017-03-13,16.02,16.08,15.95,16.040001,7.185117,273400,7.128428777777761,6.9608451904761655,6.729024980000005,6.445536330000013,7.202651023864746,7.162719,-55.0956946706877,0.0,-0.017534023864746118
2017-03-14,15.99,16.040001,15.77,15.99,7.162719,297500,7.145719999999983,6.981144333333309,6.742348520000005,6.451223265000013,7.196927070617676,7.180638000000001,-54.991075230658694,0.03420807061767572,0.0
2017-03-15,15.99,16.129998999999998,15.9,16.030001000000002,7.180638,297400,7.159115333333316,7.000761809523784,6.756030440000005,6.456659810000012,7.19437837600708,7.149280999999998,-55.11928928758595,0.0,-0.013740376007080002
2017-03-16,16.040001,16.110001,15.93,15.96,7.149280999999998,255100,7.166083111111094,7.017624714285688,6.769085220000005,6.461712895000012,7.200520992279053,7.171679,-54.883953682462085,0.05123999227905429,0.0
2017-03-17,16.0,16.01,15.85,16.01,7.171678999999999,124200,7.170143111111094,7.034292571428546,6.7823310000000046,6.466859090000011,7.198607921600342,7.189595,-55.036802488442596,0.026928921600342548,0.0
2017-03-20,16.049999,16.049999,15.99,16.049999,7.189595,130900,7.169325111111094,7.052023809523784,6.795849480000005,6.471641550000012,7.199958801269531,7.149280999999998,-55.140440810809196,0.0,-0.010363801269531514
2017-03-21,16.07,16.07,15.92,15.96,7.149280999999998,167900,7.1645185555555395,7.067414857142832,6.807876460000005,6.475958005000011,7.196798324584961,7.131363,-54.90727866801404,0.0,-0.047517324584962495
2017-03-22,15.96,15.96,15.78,15.92,7.131363,341000,7.166551777777763,7.081532047619023,6.819887680000005,6.480090425000011,7.185362815856934,7.131363,-54.865811458185085,0.0,0.0
2017-03-23,15.9,16.01,15.86,15.92,7.131363,258900,7.161226222222208,7.094387761904737,6.831813240000006,6.484090635000012,7.180871963500977,7.158239,-54.894020329767734,0.04950896350097622,0.0
2017-03-24,15.92,16.01,15.92,15.98,7.158239,149700,7.158239777777762,7.108102857142832,6.8441632600000055,6.488470770000012,7.179111957550049,7.167199,-55.074393256883305,0.02087295755004881,0.0
2017-03-27,15.95,16.0,15.9,16.0,7.167199,151200,7.158737555555541,7.122244619047594,6.856953440000005,6.493141250000011,7.175807952880859,7.167199,-55.15120029449463,0.0,0.0
2017-03-28,15.98,16.040001,15.92,16.0,7.167199,203000,7.157244333333318,7.135124809523784,6.8699175800000045,6.497981730000012,7.180194854736328,7.189595,-55.12378215789795,0.012995854736328027,0.0
2017-03-29,15.99,16.08,15.99,16.049999,7.189595,208800,7.16172366666665,7.147809999999975,6.883764500000004,6.502830390000011,7.191324710845947,7.203036,-55.19423577007109,0.0017297108459475297,0.0
2017-03-30,16.049999,16.08,16.0,16.08,7.203036,180900,7.165207777777762,7.157140380952355,6.897706240000004,6.5079000300000125,7.205413818359375,7.2478299999999996,-55.19021257239194,0.0023778183593750057,0.0
2017-03-31,16.1,16.190001000000002,16.08,16.18,7.24783,267000,7.171678333333318,7.166080857142831,6.912283000000005,6.513385850000012,7.223718643188477,7.270226,-55.35402569104774,-0.024111356811523876,0.0
2017-04-03,16.25,16.299999,16.200001,16.23,7.270225999999999,296600,7.185116666666651,7.174826333333308,6.927133720000004,6.518810650000013,7.245066165924072,7.310542999999999,-55.360035946247244,-0.025159834075926923,0.0
2017-04-04,16.280001000000002,16.32,16.23,16.32,7.310542999999999,283100,7.2050255555555385,7.183178904761879,6.942616800000004,6.524533145000013,7.274511337280273,7.301584,-55.42578837450813,0.0,0.03603166271972569
2017-04-05,16.35,16.370001000000002,16.299999,16.299999,7.301584,318900,7.223938999999983,7.188161142857116,6.957659720000004,6.530018645000013,7.2973432540893555,7.346379,-55.23102023448372,-0.0042407459106446055,0.0
2017-04-06,16.309998999999998,16.4,16.309998999999998,16.4,7.346379,322200,7.244843444444427,7.195486809523784,6.973511580000004,6.535478245000013,7.326918125152588,7.355338000000001,-55.32366996858178,-0.01946087484741188,0.0
2017-04-07,16.35,16.42,16.35,16.42,7.3553380000000015,313400,7.2657477777777615,7.20702366666664,6.9893686800000046,6.5409826400000135,7.348968029022217,7.3777339999999985,-55.243800066856174,-0.006369970977784689,0.0
2017-04-10,16.450001,16.469998999999998,16.42,16.469998999999998,7.3777339999999985,621200,7.28914055555554,7.216473238095212,7.005238860000004,6.546349135000013,7.369564056396484,7.424534999999999,-55.25461746296108,-0.008169943603514085,0.0
2017-04-11,16.219998999999998,16.34,16.16,16.34,7.424535,372000,7.315244999999986,7.227874095238069,7.022653840000004,6.5523724950000135,7.393925189971924,7.383642000000001,-54.7495398410531,0.0,0.030609810028075835
2017-04-12,16.35,16.440001000000002,16.219998999999998,16.25,7.383642,224100,7.335312333333318,7.2383942380952115,7.038990040000004,6.558671910000013,7.411325931549072,7.315484,-54.39184042123648,0.0,-0.027683931549072227
2017-04-13,16.24,16.24,16.1,16.1,7.315484,304900,7.342829444444429,7.24481547619045,7.053528220000005,6.564207670000013,7.405011177062988,7.338207999999999,-54.00614175737275,0.08952717706298863,0.0
2017-04-17,16.15,16.219998999999998,16.059998999999998,16.15,7.338208,274700,7.350382999999984,7.253811999999974,7.068520880000006,6.569530305000013,7.401654243469238,7.392730999999998,-54.169323569849915,0.06344624346923844,0.0
2017-04-18,16.15,16.32,16.139999,16.27,7.392730999999999,210800,7.359514999999984,7.264338285714259,7.0838211800000055,6.575010230000013,7.402847766876221,7.419992,-54.50001372540737,0.010116766876222094,0.0
2017-04-19,16.290001,16.35,16.27,16.33,7.419992,146200,7.3726714444444275,7.275309571428545,7.097927140000005,6.580530360000014,7.402498722076416,7.4336259999999985,-54.66932809506174,-0.017493277923583683,0.0
2017-04-20,16.370001000000002,16.389999,16.32,16.360001,7.4336259999999985,197300,7.382365555555539,7.288849809523784,7.113262540000005,6.5858111250000135,7.413802623748779,7.451795,-54.68336081551109,-0.019823376251219216,0.0
2017-04-21,16.370001000000002,16.4,16.35,16.4,7.451795,138100,7.393082999999984,7.304108476190451,7.128700400000005,6.590971300000014,7.441305160522461,7.469975,-54.626188045594745,-0.010489839477538787,0.0
2017-04-24,16.42,16.49,16.4,16.440001000000002,7.469975,272200,7.403331999999984,7.320232857142832,7.143371160000004,6.596260820000014,7.466856956481934,7.474518,-54.58116482789793,-0.003118043518066216,0.0
2017-04-25,16.459999,16.51,16.450001,16.450001,7.474517999999999,203700,7.4088856666666505,7.335293761904736,7.158132780000003,6.601476955000013,7.483401775360107,7.492692999999999,-54.50819865992648,0.008883775360108537,0.0
2017-04-26,16.59,16.59,16.440001000000002,16.49,7.492692999999999,240500,7.421002444444429,7.35079347619045,7.172613220000003,6.606457220000013,7.498255729675293,7.510866,-54.52846737613527,0.005562729675293809,0.0
2017-04-27,16.530001000000002,16.549999,16.450001,16.530001000000002,7.510866,163300,7.442711555555541,7.367158571428544,7.186927340000003,6.611220810000012,7.514246463775635,7.574483,-54.54176642956262,0.0033804637756347233,0.0
2017-04-28,16.559998999999998,16.690001000000002,16.549999,16.67,7.574483,354400,7.46896433333332,7.385486571428544,7.201983920000003,6.616236030000013,7.539191246032715,7.633553,-54.77389774425486,-0.03529175396728501,0.0
2017-05-01,16.68,16.83,16.67,16.799999,7.633553,549800,7.495722333333321,7.405987380952354,7.218310200000003,6.621566135000012,7.571479320526123,7.674444,-54.931668028515226,-0.062073679473876986,0.0
2017-05-02,16.82,16.950001,16.82,16.889999,7.674444,407700,7.523994777777765,7.4263023333333065,7.235277700000003,6.627530720000013,7.612975597381592,7.633553,-54.92613352208255,0.0,0.06146840261840847
2017-05-03,16.950001,16.959999,16.549999,16.799999,7.633553,582200,7.546208888888876,7.443603619047591,7.2512507200000025,6.632978105000012,7.641061782836914,7.5608509999999995,-54.51748668058305,0.0,-0.00750878283691403
2017-05-04,16.879998999999998,16.879998999999998,16.6,16.639999,7.560850999999999,440500,7.55832622222221,7.45552304761902,7.265239880000003,6.637925165000012,7.652078628540039,7.597198,-54.01394778605432,0.0912276285400404,0.0
2017-05-05,16.76,16.76,16.59,16.719998999999998,7.597198,529300,7.572462111111098,7.469599904761877,7.2797794000000025,6.643014875000011,7.656358242034912,7.678989,-54.208380981153695,0.059160242034912436,0.0
2017-05-08,16.73,16.940001000000002,16.73,16.9,7.678989,369800,7.595181111111098,7.485438476190448,7.295954740000002,6.648572160000011,7.66574764251709,7.692619999999999,-54.64054649398171,-0.013241357482909777,0.0
2017-05-09,16.950001,16.99,16.82,16.93,7.69262,420900,7.61739522222221,7.501499523809496,7.311872840000001,6.654002150000012,7.6708173751831055,7.710794,-54.690978291889515,-0.021802624816894323,0.0
2017-05-10,16.99,16.99,16.85,16.969998999999998,7.710794,499300,7.639609444444432,7.517359523809496,7.327624600000002,6.659483920000011,7.686624050140381,7.7213910000000014,-54.70462873839661,-0.024169949859619067,0.0
2017-05-11,16.74,16.82,16.559998999999998,16.76,7.7213910000000014,479200,7.655932555555542,7.531495523809497,7.341910460000001,6.664862300000011,7.719099998474121,7.666107000000001,-53.94331743153866,0.0,0.002291001525880354
2017-05-12,16.700001,16.83,16.58,16.639999,7.666107000000001,393800,7.659549666666653,7.5449462380952115,7.354031000000001,6.669807880000011,7.731897354125977,7.6983570000000014,-53.53426791596576,0.06579035412597545,0.0
2017-05-15,16.67,16.73,16.639999,16.709999,7.6983570000000014,163300,7.662206666666653,7.563178285714258,7.366266720000001,6.674562880000011,7.737224102020264,7.675319000000001,-53.69704030490807,0.0,-0.03886710202026222
2017-05-16,16.73,16.73,16.65,16.66,7.675319,155300,7.666847333333319,7.579231190476163,7.377070320000001,6.678714040000012,7.734060287475586,7.573966,-53.5770691027876,0.0,-0.058741287475585935
2017-05-17,16.620001000000002,16.639999,16.35,16.440001000000002,7.573966,667900,7.668304555555541,7.587861428571402,7.384610500000001,6.681830690000011,7.702934741973877,7.606216000000001,-53.14516865312918,0.12896874197387653,0.0
2017-05-18,16.4,16.58,16.370001000000002,16.51,7.606216000000001,272000,7.669306555555541,7.59672923809521,7.392884020000001,6.68501085000001,7.679562568664551,7.647677000000001,-53.485387227955485,0.07334656866455003,0.0
2017-05-19,16.610001,16.65,16.52,16.6,7.647677000000002,294300,7.66582744444443,7.606922142857115,7.403576280000001,6.68802695000001,7.675203323364258,7.675319000000001,-53.76383540142014,0.0275263233642562,0.0
2017-05-22,16.639999,16.690001000000002,16.629998999999998,16.66,7.675319,114300,7.663905111111096,7.6175661428571155,7.413496800000002,6.6909662500000096,7.673240661621094,7.7075710000000015,-53.94213288342681,-0.0020783383789062526,0.0
2017-05-23,16.66,16.76,16.66,16.73,7.7075710000000015,117000,7.663546999999984,7.628880238095211,7.4239458800000016,6.693793155000009,7.682753562927246,7.730605000000001,-54.07798228973553,-0.02481743707275541,0.0
2017-05-24,16.75,16.790001,16.68,16.780001000000002,7.7306050000000015,154500,7.6645707777777625,7.64107485714283,7.435303600000002,6.6992762400000085,7.712251663208008,7.7213910000000014,-54.03902739214374,0.0,0.01835333679199369
2017-05-25,16.780001000000002,16.9,16.719998999999998,16.76,7.7213910000000014,200100,7.670713444444429,7.651965238095211,7.4461186600000016,6.705221460000008,7.734766483306885,7.744425,-53.84984198504246,0.013375483306883318,0.0
2017-05-26,16.83,16.83,16.75,16.809998999999998,7.744425,156300,7.675832111111095,7.663087095238069,7.458021540000002,6.711535950000009,7.7534332275390625,7.762853999999999,-53.876063719343094,0.00900822753906283,0.0
2017-05-30,16.85,16.85,16.780001000000002,16.85,7.762853999999999,164200,7.685558222222206,7.672057142857118,7.469845040000003,6.71682096500001,7.771206855773926,7.776675999999999,-53.88007800727641,0.008352855773926748,0.0
2017-05-31,16.870001000000002,16.950001,16.75,16.879998999999998,7.776675999999998,262700,7.708081555555539,7.678872523809498,7.481586660000002,6.722433620000009,7.7850542068481445,7.8043179999999985,-53.8800078907105,0.008378206848146164,0.0
2017-06-01,16.940001000000002,16.940001000000002,16.889999,16.940001000000002,7.8043179999999985,191600,7.730092888888872,7.685056999999975,7.494687400000004,6.72796572000001,7.800607681274414,7.8043179999999985,-53.95155123500635,0.0,0.0
2017-06-02,16.950001,16.950001,16.82,16.940001000000002,7.8043179999999985,199200,7.747497444444426,7.693188666666641,7.508146500000004,6.73381601500001,7.817341327667236,7.841175000000001,-53.85276938491778,0.013023327667237794,0.0
2017-06-05,16.940001000000002,17.030001000000002,16.9,17.02,7.841175,278100,7.765925888888871,7.706537428571403,7.522342740000004,6.74030798500001,7.836958885192871,7.864210000000001,-53.95441313047667,-0.00421611480712869,0.0
2017-06-06,17.01,17.09,16.950001,17.07,7.864210000000001,288100,7.7833302222222045,7.719252285714261,7.536462160000005,6.746756050000009,7.857773780822754,7.891847999999999,-53.967347505432016,-0.006436219177246905,0.0
2017-06-07,17.07,17.129998999999998,17.049999,17.129998999999998,7.891847999999999,162800,7.801246111111094,7.729388428571404,7.550955140000005,6.75342185500001,7.881599426269531,7.887242999999999,-53.989492782401605,0.0,0.010248573730467392
2017-06-08,17.129998999999998,17.17,17.110001,17.120001000000002,7.887242999999999,147700,7.819674111111094,7.738656190476167,7.565356020000005,6.760223725000008,7.899031162261963,7.924100000000001,-53.860801980899645,0.011788162261963997,0.0
2017-06-09,17.15,17.209999,17.1,17.200001,7.9241,328200,7.839637999999983,7.7488136190475965,7.580046120000005,6.767030900000009,7.922883987426758,7.398897,-53.936723681430266,0.0,0.001216012573242331
2017-06-12,17.0,17.0,15.66,16.059998999999998,7.398897,2162800,7.799198333333316,7.733456761904739,7.583963340000005,6.7716296850000095,7.821001052856445,7.2787570000000015,-51.30136027495116,0.0,-0.4221040528564455
2017-06-13,15.96,16.15,15.5,15.57,7.2787570000000015,1077900,7.743873999999983,7.715011523809501,7.584581880000004,6.77598573000001,7.700820446014404,7.08241,-50.54065224139753,0.0,-0.4220634460144028
2017-06-14,15.57,15.7,15.03,15.15,7.08241,1391800,7.6636619999999835,7.685680714285692,7.5808255600000045,6.77904184000001,7.534943580627441,6.970214,-50.26439880773966,0.0,-0.4525335806274411
2017-06-15,15.06,15.14,14.68,14.91,6.970214,842700,7.570983777777761,7.652104285714263,7.574018980000004,6.781000030000009,7.354983806610107,6.848667000000001,-50.67079941911396,0.0,-0.38476980661010707
2017-06-16,14.91,14.91,14.43,14.65,6.848667,1817500,7.4607051111110945,7.617566238095216,7.564960640000004,6.781793660000009,7.142247200012207,6.7738710000000015,-51.247459385582204,0.0,-0.2935802000122072
2017-06-19,14.64,14.85,14.48,14.49,6.7738710000000015,646900,7.3395563333333165,7.5779307619047405,7.5535104800000035,6.78235252000001,7.014876365661621,6.820618,-51.58815482635182,0.24100536566161956,0.0
2017-06-20,14.55,14.71,14.55,14.59,6.820618,539800,7.220530777777761,7.538546999999978,7.542816080000003,6.7833439800000095,6.926153659820557,6.970214,-52.528076354896804,0.10553565982055702,0.0
2017-06-21,14.7,15.16,14.63,14.91,6.970214,866800,7.118638666666651,7.504970571428549,7.534665680000004,6.78490443500001,6.903087139129639,7.045012,-53.701628845542324,-0.06712686087036168,0.0
2017-06-22,14.91,15.19,14.9,15.07,7.045012,382200,7.020962222222206,7.47342014285712,7.527075220000004,6.78677923000001,6.924223899841309,7.054360000000001,-54.052927008352306,-0.12078810015869124,0.0
2017-06-23,15.14,15.22,15.06,15.09,7.054360000000001,330700,6.982680333333317,7.441217999999977,7.520489580000003,6.7884223450000105,6.9614715576171875,7.08241,-53.866987689746935,-0.09288844238281335,0.0
2017-06-26,15.21,15.28,15.11,15.15,7.08241,378200,6.960863999999983,7.410790333333311,7.515828100000002,6.790364795000011,7.02405309677124,7.147857,-53.63661322263208,-0.05835690322876008,0.0
2017-06-27,15.25,15.44,15.25,15.29,7.147857000000001,286100,6.968135888888872,7.382382333333309,7.512021080000002,6.792833355000011,7.090237140655518,7.264727999999999,-53.6282724613766,-0.05761985934448344,0.0
2017-06-28,15.39,15.59,15.36,15.54,7.264728,252900,7.00085966666665,7.358662047619023,7.509461020000001,6.796025465000011,7.147957801818848,7.302129999999999,-54.002845548141266,-0.1167701981811522,0.0
2017-06-29,15.65,15.73,15.47,15.62,7.30213,397000,7.051244444444428,7.336064619047595,7.507103780000001,6.799861835000012,7.200169563293457,7.423675,-53.904164127442655,-0.10196043670654298,0.0
2017-06-30,15.77,15.88,15.68,15.88,7.423675,513100,7.123444888888873,7.317938761904737,7.506904760000001,6.804953345000012,7.275174617767334,7.493798,-54.18655782262385,-0.14850038223266626,0.0
2017-07-03,16.0,16.1,15.93,16.030001000000002,7.493798,326100,7.19824266666665,7.3031520952380715,7.507744820000002,6.811447525000011,7.359186172485352,7.540544999999999,-54.09116835061114,-0.1346118275146484,0.0
2017-07-05,16.030001000000002,16.139999,15.93,16.129998999999998,7.540545,340100,7.261612777777761,7.2888363809523575,7.509156220000002,6.818762165000012,7.439338684082031,7.573271000000002,-53.87886456730696,-0.10120631591796858,0.0
2017-07-06,16.219998999999998,16.24,16.15,16.200001,7.573271000000001,209700,7.320308222222206,7.2749821428571195,7.511131280000002,6.825936955000012,7.503729820251465,7.559244,-53.68068298112164,0.0,0.06954117974853613
2017-07-07,16.25,16.26,16.1,16.17,7.559244,335800,7.376406444444427,7.259143857142833,7.512462300000002,6.833385540000012,7.55490779876709,7.573271000000002,-53.27824490558386,-0.0043362012329097865,0.0
2017-07-10,15.86,16.440001000000002,15.53,16.200001,7.573271000000001,1080600,7.43094655555554,7.244192809523786,7.513710400000001,6.841207740000011,7.5797119140625,7.694818,-53.21165773963532,0.006440914062499026,0.0
2017-07-11,16.16,16.59,16.09,16.459999,7.694818,1183900,7.491719999999983,7.233274619047594,7.5161171000000015,6.849496050000011,7.618771553039551,7.5397539999999985,-53.713414241157906,0.0,0.07604644696044893
2017-07-12,16.299999,16.379998999999998,15.78,15.9,7.5397539999999985,957800,7.522278444444428,7.239982095238069,7.514241120000001,6.857089970000009,7.619002342224121,7.169878000000001,-52.08174627531999,0.0,-0.07924834222412258
2017-07-13,15.28,15.49,14.87,15.12,7.169878,1229800,7.50758377777776,7.234797380952355,7.504149800000001,6.863016595000009,7.536978721618652,7.345332,-50.15225713215177,0.3671007216186526,0.0
2017-07-14,15.1,15.51,15.06,15.49,7.345332000000001,420700,7.498878999999982,7.24731747619045,7.498385380000001,6.869537245000011,7.4991774559021,7.146169,-51.58697575273015,0.0,-0.15384545590209875
2017-07-17,15.49,15.5,15.07,15.07,7.146169,651800,7.460253555555537,7.255696285714261,7.49009174,6.874900235000012,7.411039352416992,7.0940080000000005,-50.82256567739222,0.0,-0.26487035241699175
2017-07-18,15.09,15.09,14.85,14.96,7.0940080000000005,626800,7.410638333333316,7.2673791904761655,7.48002794,6.880427275000012,7.288880348205566,6.965972000000001,-51.27753777937456,0.0,-0.19487234820556587
2017-07-19,14.96,14.99,14.49,14.69,6.965972,915100,7.343160666666648,7.276526857142831,7.4657676,6.885091600000012,7.1717753410339355,7.018136999999999,-51.17920121828499,0.20580334103393572,0.0
2017-07-20,14.6,14.96,14.57,14.8,7.0181369999999985,315800,7.283037666666647,7.285932523809498,7.452277940000001,6.889915585000012,7.137945175170898,6.999167999999999,-51.77064070830474,0.0,-0.11980817517089992
2017-07-21,14.82,14.93,14.62,14.76,6.999167999999999,235600,7.219248444444424,7.28731128571426,7.438045420000001,6.894887505000013,7.071461200714111,7.065557000000001,-52.09037126887458,0.07229320071411216,0.0
2017-07-24,14.89,14.92,14.73,14.9,7.065557000000001,275900,7.149330555555535,7.288289619047594,7.424928740000001,6.900090215000013,7.056399345397949,7.032361999999999,-52.64161513155739,0.0,0.009157654602051757
2017-07-25,14.82,14.94,14.81,14.83,7.032361999999999,257200,7.092953666666645,7.287242095238071,7.412253840000001,6.905086490000013,7.044613838195801,7.065557000000001,-52.49754660690626,0.012251838195801668,0.0
2017-07-26,14.84,14.9,14.84,14.9,7.065557000000001,141400,7.081362444444423,7.286439571428547,7.399597840000001,6.910329660000013,7.061905860900879,7.032361999999999,-52.604658651671954,0.0,0.0036511390991220694
2017-07-27,14.87,15.16,14.8,14.83,7.032361999999999,330800,7.046587999999978,7.280939809523786,7.3867387,6.915386620000012,7.063858509063721,7.041847,-52.36777809127633,0.03149650906372159,0.0
2017-07-28,14.8,14.9,14.76,14.85,7.041847,115600,7.034996666666645,7.270326428571405,7.376096320000001,6.921178895000012,7.073053359985352,7.027618,-52.37001104386969,0.0,-0.031206359985351817
2017-07-31,14.88,14.98,14.8,14.82,7.027618,278500,7.027619999999978,7.257254428571405,7.364524360000002,6.926798860000012,7.064708709716797,7.070297999999998,-52.32990074415117,0.03709070971679651,0.0
2017-08-01,14.9,14.92,14.83,14.91,7.070297999999998,166500,7.039211777777755,7.240426952380928,7.352976780000001,6.932768395000013,7.072370529174805,7.046588000000001,-52.56626070305296,0.0,-0.00207252917480627
2017-08-02,14.92,15.03,14.86,14.86,7.046588000000002,243800,7.042372999999979,7.219131238095215,7.340402160000001,6.939032050000013,7.068973541259766,6.961231000000001,-52.42951856487371,0.0,-0.022385541259763997
2017-08-03,14.85,14.92,14.6,14.68,6.961231,387900,7.038157777777757,7.1915448571428335,7.32547536,6.944807030000013,7.052690029144287,6.999167999999999,-51.9571523900253,0.09145902914428738,0.0
2017-08-04,14.75,14.82,14.68,14.76,6.999167999999999,185600,7.030781222222201,7.164206619047595,7.3108466199999995,6.950668515000014,7.045082092285156,6.984941,-52.26909151568322,0.0,-0.04591409228515708
2017-08-07,14.8,14.8,14.62,14.73,6.984941,186700,7.0255122222222015,7.136858857142832,7.29611762,6.956314440000013,7.035865306854248,7.013392999999999,-52.23445141307368,0.05092430685424798,0.0
2017-08-08,14.7,14.82,14.7,14.79,7.013392999999999,161200,7.019716222222202,7.110197999999976,7.281496980000001,6.962205800000013,7.025512218475342,7.008651,-52.49822705560958,0.0,-0.012119218475342919
2017-08-09,14.79,14.84,14.71,14.78,7.008651,290900,7.0170816666666465,7.077523380952357,7.2664129200000005,6.9680528050000134,7.0181193351745605,6.880619,-52.516107339820294,0.0,-0.009468335174560139
2017-08-10,14.79,14.79,14.45,14.51,6.880619,542600,6.999167444444425,7.046135999999977,7.24849178,6.972475585000013,6.998633861541748,6.90907,-51.76682383499829,0.11801486154174778,0.0
2017-08-11,14.46,14.6,14.42,14.57,6.90907,156700,6.985995444444425,7.033716571428546,7.23058682,6.976627960000013,6.98128604888916,6.928037000000001,-52.08451579348552,0.07221604888916033,0.0
2017-08-14,14.6,14.77,14.56,14.61,6.928037,399900,6.9701886666666475,7.013845380952355,7.213061199999999,6.980338700000012,6.969300746917725,6.937522000000001,-52.29773616072742,0.04126374691772483,0.0
2017-08-15,14.8,14.8,14.61,14.63,6.937522,405800,6.958070222222203,7.003909809523783,7.1949881399999995,6.984550800000012,6.95511531829834,6.938969,-52.459908965835,0.017593318298339433,0.0
2017-08-16,14.34,14.5,14.27,14.4,6.938969,505600,6.955596666666647,6.996526999999973,7.176483319999999,6.988563790000012,6.941898345947266,6.900419,-51.79237259758843,0.0,-0.0029293459472654604
2017-08-17,14.35,14.42,14.3,14.32,6.900419,171000,6.944624555555537,6.993405428571402,7.156654739999999,6.992260235000012,6.9456305503845215,6.871506000000001,-51.496993363236584,0.0,-0.04521155038452118
2017-08-18,14.26,14.35,14.25,14.26,6.871506,175000,6.932020666666648,6.986422999999974,7.136339999999999,6.996245415000012,6.9393630027771,6.813680000000001,-51.336865338169005,0.0,-0.0678570027770995
2017-08-21,14.27,14.3,14.1,14.14,6.8136800000000015,372400,6.909830333333314,6.977590238095212,7.114131599999999,7.000168425000012,6.914609432220459,6.8233190000000015,-51.09894319504627,0.10092943222045747,0.0
2017-08-22,14.14,14.25,14.11,14.16,6.8233190000000015,255900,6.88923788888887,6.966055095238069,7.10262004,7.003830135000012,6.890970706939697,6.770313999999999,-51.33495263460666,0.0,-0.0676517069396958
2017-08-23,14.16,14.18,14.02,14.05,6.770314,369900,6.876981777777758,6.953576619047593,7.092451179999999,7.007123660000012,6.854552745819092,6.736581,-51.2131477165901,0.0,-0.08423874581909185
2017-08-24,14.07,14.09,13.98,13.98,6.736581,344100,6.8578163333333135,6.937911095238069,7.0855346,7.009877120000011,6.821716785430908,6.736581,-51.2037425934842,0.0,0.0
2017-08-25,14.05,14.05,13.9,13.98,6.736581,414400,6.836543444444424,6.9238262857142585,7.08086194,7.012527405000011,6.7949090003967285,6.938969,-51.395500712469754,0.05832800039672836,0.0
2017-08-28,13.97,14.45,13.97,14.4,6.938969,461300,6.836704222222202,6.918927333333306,7.08266798,7.015673790000011,6.820494651794434,6.919692,-52.6354538069831,0.0,0.11847434820556657
2017-08-29,14.36,14.54,14.29,14.36,6.919692,397600,6.834562333333313,6.913787999999973,7.0855844,7.01840003000001,6.842187404632568,6.876325999999999,-52.352455399494644,0.0,0.07750459536743204
2017-08-30,14.39,14.4,14.26,14.27,6.876326,235000,6.831885333333314,6.904551238095211,7.086698559999999,7.021014560000011,6.865206718444824,6.8233190000000015,-51.890632666819734,0.0,0.011119281555175498
2017-08-31,14.33,14.37,14.16,14.16,6.8233190000000015,613600,6.8265312222222025,6.893919380952353,7.08376066,7.023805555000012,6.881092071533203,6.828138,-51.40471700894631,0.05777307153320166,0.0
2017-09-01,14.2,14.24,14.15,14.17,6.828138,693100,6.828137666666645,6.887581619047591,7.079423180000001,7.026494500000012,6.897064685821533,6.885961,-51.32629014945989,0.06892668582153316,0.0
2017-09-05,14.23,14.38,14.15,14.29,6.885961,620200,6.835097888888868,6.882190809523782,7.076055200000002,7.029766895000011,6.886528968811035,7.025703999999998,-51.808754591945174,0.0005679688110351577,0.0
2017-09-06,14.39,14.59,14.35,14.58,7.025703999999998,551800,6.863474555555535,6.884131904761877,7.074921080000003,7.033464695000012,6.910190105438232,7.126898,-52.60500613554024,-0.11551389456176597,0.0
2017-09-07,14.64,14.8,14.62,14.79,7.126898,435200,6.90684311111109,6.8895369047618775,7.074501900000002,7.037626420000012,6.965786457061768,7.160628999999999,-52.90205235252354,-0.16111154293823216,0.0
2017-09-08,14.85,14.91,14.8,14.86,7.160628999999999,612000,6.953959555555534,6.896773952380924,7.072419920000002,7.041662465000012,7.034934997558594,7.218452,-52.65858009718308,-0.1256940024414055,0.0
2017-09-11,14.9,15.0,14.89,14.98,7.218452,473900,6.985013222222201,6.912861238095211,7.070746360000003,7.0458404600000115,7.113930702209473,7.1895419999999985,-52.51047595320779,0.0,0.10452129779052743
2017-09-12,15.03,15.07,14.86,14.92,7.1895419999999985,408800,7.014996555555535,6.926217047619021,7.0660637000000035,7.049810830000013,7.174475193023682,7.102804999999999,-51.91370514059195,0.0,0.015066806976316904
2017-09-13,14.81,14.99,14.73,14.74,7.102805,412000,7.0401608888888685,6.934539333333307,7.058243840000002,7.053137280000012,7.188838481903076,7.0553110000000006,-51.229046934171805,0.0,-0.08603348190307614
2017-09-14,14.51,14.58,14.31,14.41,7.055311,477900,7.065937777777758,6.940148333333306,7.0485391600000025,7.056289330000012,7.1733527183532715,7.0553110000000006,-50.21962027513344,0.11804171835327182,0.0
2017-09-15,14.41,14.5,14.35,14.41,7.055311,244800,7.091179222222202,6.945688428571399,7.0381799600000035,7.059462395000013,7.150785446166992,7.109168,-50.37622868725197,0.09547444616699252,0.0
2017-09-18,14.43,14.56,14.41,14.52,7.109168,222700,7.115979999999981,6.955628857142829,7.029178440000004,7.0628416800000124,7.128820896148682,7.1532339999999985,-50.90343735434792,0.019652896148681265,0.0
2017-09-19,14.56,14.65,14.53,14.61,7.1532339999999985,197100,7.13014999999998,6.969044476190447,7.0207777000000045,7.066441295000013,7.122749328613281,7.187508,-51.2474378602787,-0.030484671386717288,0.0
2017-09-20,14.59,14.79,14.58,14.68,7.187508,250700,7.136884444444424,6.986845809523781,7.010631500000004,7.070170230000014,7.140337944030762,7.172818,-51.36009574910925,0.0,0.04717005596923851
2017-09-21,14.67,14.74,14.65,14.65,7.172818,124800,7.138238777777758,7.003488619047591,7.003292780000004,7.073741630000013,7.1635966300964355,7.1924009999999985,-51.10172948739634,-0.009221369903564813,0.0
2017-09-22,14.6,14.7,14.5,14.69,7.1924009999999985,206600,7.135344222222203,7.023587999999971,7.003743240000005,7.0772637600000134,7.190688133239746,7.221778,-51.050455185570144,-0.0017128667602523961,0.0
2017-09-25,14.71,14.76,14.68,14.75,7.221778,184200,7.13892599999998,7.046692619047589,7.0012721600000045,7.080848695000014,7.213286876678467,7.256053999999999,-51.096360158112084,-0.00849112332153279,0.0
2017-09-26,14.76,14.84,14.75,14.82,7.256054,171500,7.1559536666666475,7.071429428571399,7.0034698600000045,7.084499890000013,7.2343244552612305,7.256053999999999,-51.185395038723144,0.0,0.021729544738769313
2017-09-27,14.83,14.83,14.7,14.82,7.256054,168500,7.178258444444426,7.086528714285686,7.006710780000005,7.087940850000012,7.248149871826172,7.246261,-51.09210612802853,0.0,0.007904128173827907
2017-09-28,14.76,14.85,14.75,14.8,7.246261,176100,7.199475111111092,7.102079619047591,7.012316560000005,7.091269765000012,7.263316631317139,7.251156,-50.9235362748842,0.017055631317139053,0.0
2017-09-29,14.85,14.85,14.77,14.81,7.251156,235600,7.215251555555536,7.119928666666639,7.016976940000004,7.095000010000012,7.274648189544678,7.270742,-50.88016077282459,0.0234921895446778,0.0
2017-10-02,14.87,14.88,14.83,14.85,7.270742,214500,7.228307999999981,7.141234523809497,7.022408420000004,7.099170790000012,7.284374237060547,7.314806,-50.946974834609115,0.013632237060546615,0.0
2017-10-03,14.9,14.98,14.86,14.94,7.314806,246800,7.242452222222204,7.164409190476164,7.027393400000003,7.1034119950000125,7.296561241149902,7.368664000000001,-51.16090200033533,-0.018244758850097575,0.0
2017-10-04,14.97,15.05,14.95,15.05,7.368664,271500,7.26421288888887,7.18739504761902,7.034119440000004,7.108008130000013,7.320175647735596,7.388249,-51.3609591512585,-0.04848835226440418,0.0
2017-10-05,15.05,15.1,15.02,15.09,7.388249000000001,279400,7.285973777777759,7.2046590952380685,7.040573280000003,7.112766445000013,7.349680423736572,7.383349999999999,-51.29436432248793,0.0,0.03856857626342869
2017-10-06,15.07,15.1,15.04,15.08,7.38335,269100,7.303926222222202,7.216871095238068,7.047593040000004,7.117564490000014,7.376622676849365,7.402936000000001,-51.08340399967265,-0.006727323150634845,0.0
2017-10-09,15.1,15.14,15.08,15.12,7.402936,300700,7.3202464444444235,7.228409523809497,7.054814820000003,7.122310580000013,7.403321266174316,7.422519,-51.03623501207463,0.0003852661743160013,0.0
2017-10-10,15.16,15.19,15.04,15.16,7.422519,330700,7.338742555555533,7.238126999999973,7.062712840000004,7.126983290000013,7.424893379211426,7.417625000000001,-51.023130743987956,0.0,-0.0023743792114254703
2017-10-11,15.15,15.2,15.12,15.15,7.417625,308000,7.357782999999977,7.248988095238068,7.069659380000004,7.131909895000014,7.434940338134766,7.448950999999999,-50.92448621693224,0.01731533813476549,0.0
2017-10-12,14.9,14.99,14.9,14.98,7.448950999999999,252400,7.379760222222199,7.265471238095211,7.077706640000005,7.136693355000014,7.447766304016113,7.434033000000001,-50.281933885072675,0.0,0.0011846959838859306
2017-10-13,14.95,15.01,14.93,14.95,7.434033,172400,7.397903666666644,7.283505619047593,7.087162680000005,7.141402225000013,7.45850944519043,7.434033000000001,-50.110304714445284,0.024476445190429352,0.0
2017-10-16,14.93,15.0,14.92,14.95,7.434033,180700,7.411151111111088,7.3015399999999735,7.095859980000005,7.146089680000013,7.464700222015381,7.439007000000001,-50.06889483601752,0.030667222015380524,0.0
2017-10-17,15.0,15.0,14.94,14.96,7.439007000000001,198800,7.418966999999977,7.317246619047593,7.104941300000005,7.150802005000012,7.46757698059082,7.429061,-50.08304157359078,0.0,-0.028569980590819277
2017-10-18,14.94,15.05,14.92,14.94,7.429061,187600,7.4235016666666445,7.330381238095211,7.113254660000004,7.155464600000012,7.469115734100342,7.399225,-50.005918781122205,0.0,-0.04005473410034188
2017-10-19,14.92,14.93,14.83,14.88,7.399225,249900,7.4252655555555345,7.340462999999973,7.121066140000005,7.159913775000011,7.458254814147949,7.4141449999999995,-49.877319797392815,0.059029814147948834,0.0
2017-10-20,14.91,14.96,14.89,14.91,7.414144999999999,127800,7.42651099999998,7.351954761904734,7.131736660000005,7.164416145000011,7.454654693603516,7.434033000000001,-50.002315938272865,0.04050969360351697,0.0
2017-10-23,14.94,14.99,14.91,14.95,7.434033,170300,7.427790333333314,7.36346104761902,7.142235920000005,7.168846650000011,7.4547529220581055,7.434033000000001,-50.13543195947755,0.020719922058105134,0.0
2017-10-24,14.91,14.95,14.9,14.95,7.434033,133100,7.429613444444424,7.373568428571401,7.152355840000005,7.1733628050000116,7.454123020172119,7.364419,-50.139645350019265,0.0,-0.020090020172118805
2017-10-25,14.92,14.97,14.62,14.81,7.364419,522100,7.42022099999998,7.378728666666639,7.160893780000005,7.1775094750000115,7.439154148101807,7.324638,-49.76938455029165,0.0,-0.07473514810180681
2017-10-26,14.82,14.87,14.63,14.73,7.324638,318800,7.408065999999981,7.381994571428542,7.168607160000005,7.181428975000013,7.4230852127075195,7.399225,-49.60566725928364,0.09844721270751933,0.0
2017-10-27,14.81,14.88,14.71,14.88,7.399225,175100,7.404198444444426,7.389278571428543,7.178583280000005,7.185786650000012,7.421016216278076,7.399225,-50.127579191679594,0.0,0.0
2017-10-30,14.94,14.94,14.82,14.88,7.399225,228600,7.399778222222204,7.396329476190447,7.1891376600000045,7.190187815000012,7.4149603843688965,7.429061,-50.16827698676817,0.0157353843688961,0.0
2017-10-31,14.93,14.96,14.88,14.94,7.429061,145800,7.399778222222204,7.403868476190446,7.201445280000005,7.194846875000012,7.416524887084961,7.468841999999998,-50.35793248269772,-0.012536112915038977,0.0
2017-11-01,15.0,15.05,14.99,15.02,7.468841999999999,233500,7.407513444444425,7.411203523809493,7.214355740000005,7.199661340000011,7.436708450317383,7.458897,-50.487959718259766,0.0,0.032133549682615836
2017-11-02,15.04,15.05,15.0,15.0,7.458897,218600,7.41248588888887,7.415500333333303,7.228127400000004,7.2043608650000115,7.463106632232666,7.473816999999998,-50.24595578511556,0.004209632232665683,0.0
2017-11-03,15.0,15.1,15.0,15.03,7.473816999999999,212800,7.416906333333314,7.41957499999997,7.242872120000004,7.209091500000012,7.478637218475342,7.493704999999999,-50.24193467414943,0.0048202184753431965,0.0
2017-11-06,15.05,15.09,14.98,15.07,7.493705,246400,7.423536555555537,7.42482999999997,7.258014600000004,7.213878080000012,7.497374057769775,7.498677000000002,-50.24967446735384,0.003669057769775108,0.0
2017-11-07,15.08,15.1,15.05,15.08,7.498677000000002,213900,7.438454111111093,7.429389095238065,7.269208760000003,7.218624275000012,7.511946201324463,7.513597,-50.18603314771576,0.0132692013244613,0.0
2017-11-08,15.1,15.13,15.05,15.11,7.513597,172500,7.459449555555539,7.433726142857113,7.281086860000004,7.223423330000012,7.5213236808776855,7.483761000000001,-50.22287438201399,0.0,-0.007726680877685688
2017-11-09,15.1,15.1,14.97,15.05,7.483761,334000,7.4688424444444275,7.436875476190447,7.293235560000004,7.228029720000012,7.525485515594482,7.513597,-49.996773982760914,0.04172451559448209,0.0
2017-11-10,15.05,15.11,15.03,15.11,7.513597,233600,7.481550444444427,7.439953857142828,7.307041120000004,7.232676580000011,7.533750534057617,7.528515,-50.14063180636917,0.02015353405761733,0.0
2017-11-13,15.14,15.15,15.07,15.14,7.528515,436600,7.492600888888871,7.444452999999971,7.321048660000003,7.237550225000011,7.539964199066162,7.524980999999999,-50.19838706032919,0.0,-0.011449199066162485
2017-11-14,14.9,14.93,14.75,14.9,7.524980999999999,339100,7.498838555555539,7.4487838571428275,7.333829060000004,7.242340970000011,7.5456085205078125,7.439121999999999,-49.35833207712877,0.0,-0.020627520507813912
2017-11-15,14.86,14.86,14.6,14.73,7.439122,466700,7.496641333333315,7.448789333333304,7.3420974200000035,7.246593705000012,7.530433654785156,7.479527999999999,-48.876893042870634,0.09131165478515602,0.0
2017-11-16,14.85,14.87,14.74,14.81,7.479528,194600,7.497275888888871,7.451192523809494,7.349150020000004,7.251048470000012,7.5300469398498535,7.484574,-49.155658745105654,0.05051893984985334,0.0
2017-11-17,14.81,14.84,14.77,14.82,7.484574,120100,7.496261333333314,7.4552567619047325,7.3556289200000045,7.255332760000012,7.525491237640381,7.499724999999999,-49.22070689851295,0.04091723764038058,0.0
2017-11-20,14.87,14.92,14.8,14.85,7.499725,218200,7.4963777777777585,7.459331999999971,7.3612543800000045,7.259257915000012,7.519212245941162,7.494677999999999,-49.36557410140631,0.0,-0.019487245941162357
2017-11-21,14.89,14.93,14.81,14.84,7.494677999999999,215200,7.494275666666646,7.462219857142829,7.367357100000005,7.263397025000012,7.513494491577148,7.524980999999999,-49.369983210396576,0.01881649157714982,0.0
2017-11-22,14.84,14.9,14.83,14.9,7.524980999999999,121200,7.498855666666646,7.4665507142856855,7.375800620000006,7.267622420000012,7.529685020446777,7.519929999999999,-49.46520120505519,0.0,-0.004704020446778756
2017-11-24,14.9,14.92,14.85,14.89,7.51993,77400,7.499559333333313,7.473955999999971,7.385093000000005,7.271539885000011,7.538175106048584,7.530029,-49.37424374715525,0.018245106048584425,0.0
2017-11-27,14.91,14.97,14.9,14.91,7.530028999999999,187600,7.499727555555534,7.483736523809496,7.394587360000005,7.275507845000011,7.5474419593811035,7.545178,-49.3800002724272,0.017412959381104542,0.0
2017-11-28,15.0,15.0,14.9,14.94,7.545178,109900,7.5019716666666465,7.490686666666638,7.403307560000005,7.279390380000011,7.556615352630615,7.575482,-49.420245296983836,0.011437352630615294,0.0
2017-11-29,15.0,15.0,14.94,15.0,7.575482000000001,185500,7.517122777777757,7.499079857142828,7.411752520000006,7.283291990000012,7.572269439697266,7.605784,-49.51820373535156,-0.0032125603027353122,0.0
2017-11-30,15.0,15.07,14.98,15.06,7.605784,249500,7.531151222222202,7.50749523809521,7.420118040000006,7.2872126400000115,7.588677883148193,7.590634,-49.61037262185795,0.0,0.01710611685180652
2017-12-01,15.08,15.1,14.9,15.03,7.590634,377300,7.542935666666646,7.513294857142829,7.428474360000007,7.291079615000012,7.60280179977417,7.615882000000001,-49.41582302212794,0.012167799774170263,0.0
2017-12-04,15.04,15.13,15.04,15.08,7.615882000000001,222900,7.55584199999998,7.520770333333305,7.436943980000007,7.295028680000012,7.620548248291016,7.610834,-49.465860422473376,0.0,-0.004666248291014696
2017-12-05,15.07,15.11,15.04,15.07,7.610834,236200,7.568748222222202,7.527294952380924,7.444725100000007,7.298908340000012,7.634589195251465,7.620933999999998,-49.33915597046142,0.02375519525146519,0.0
2017-12-06,15.09,15.11,15.05,15.09,7.620933999999999,146800,7.579409666666647,7.533353476190448,7.452022700000007,7.302706045000012,7.6446967124938965,7.651235000000001,-49.33931933403647,0.023762712493897276,0.0
2017-12-07,15.11,15.15,15.07,15.15,7.651235000000002,286200,7.593999111111092,7.540618142857115,7.459926320000006,7.306611110000013,7.65389347076416,7.6663869999999985,-49.47925101805835,0.0026584707641585936,0.0
2017-12-08,15.18,15.21,15.12,15.18,7.6663869999999985,263600,7.609149999999981,7.547893857142828,7.468328840000006,7.310591935000012,7.668476104736328,7.686589000000001,-49.483029613067664,0.0020891047363296167,0.0
2017-12-11,15.19,15.23,15.15,15.22,7.686589,292800,7.624862333333315,7.557552333333304,7.477037500000007,7.314541305000011,7.682900905609131,7.701738000000001,-49.521019017022795,-0.0036880943908688124,0.0
2017-12-12,15.2,15.25,15.12,15.25,7.7017380000000015,322700,7.63889077777776,7.5665114285714,7.485657420000007,7.318433965000012,7.701128005981445,7.701738000000001,-49.50079996077741,0.0,0.0006099940185562147
2017-12-13,15.2,15.25,15.18,15.25,7.7017380000000015,348200,7.649552333333316,7.574760142857114,7.4933960600000065,7.321907165000011,7.7179999351501465,7.7443089999999986,-49.39016435967117,0.016261935150144957,0.0
2017-12-14,15.02,15.1,15.01,15.1,7.7443089999999986,388600,7.6666273333333175,7.585204333333304,7.5009089600000065,7.325328310000011,7.736722946166992,7.780207000000001,-48.76342419756959,-0.007586053833006368,0.0
2017-12-15,15.1,15.22,15.08,15.17,7.780207000000001,468100,7.684885666666651,7.601446476190447,7.508748120000007,7.328796490000011,7.759805202484131,7.785336,-48.84769147999914,-0.0204017975158699,0.0
2017-12-18,15.2,15.24,15.12,15.18,7.785336,318100,7.704274777777763,7.616008761904733,7.516787840000006,7.332047475000011,7.78077507019043,7.795594,-48.7432472319471,-0.0045609298095703465,0.0
2017-12-19,15.25,15.25,15.16,15.2,7.795594,232000,7.723681444444428,7.630819238095209,7.524641000000006,7.3350406600000095,7.8007965087890625,7.805852000000002,-48.67897033691406,0.0052025087890621435,0.0
2017-12-20,15.2,15.24,15.16,15.22,7.805852000000002,166700,7.740861111111095,7.645396714285686,7.532307660000006,7.338107220000009,7.822376251220703,7.841755,-48.60462384217673,0.016524251220701558,0.0
2017-12-21,15.2,15.29,15.2,15.29,7.841755,153700,7.760346444444429,7.661924190476162,7.540790260000006,7.34175067500001,7.842082500457764,7.872528000000001,-48.71103662225138,0.0003275004577636409,0.0
2017-12-22,15.28,15.39,15.27,15.35,7.872528,273200,7.781006333333319,7.6784740476190185,7.549261800000005,7.345216850000011,7.859382152557373,7.9135550000000014,-48.79881333838845,-0.013145847442626923,0.0
2017-12-26,15.44,15.46,15.38,15.43,7.9135550000000014,285200,7.804541555555541,7.697218095238067,7.558852240000005,7.348859040000011,7.88483190536499,7.96997,-48.89933956341549,-0.028723094635011215,0.0
2017-12-27,15.49,15.6,15.46,15.54,7.96997,287900,7.834345111111095,7.718167666666638,7.569570980000004,7.352895295000012,7.920246601104736,7.9135550000000014,-49.03316215505317,0.0,0.04972339889526367
2017-12-28,15.54,15.58,15.43,15.43,7.9135550000000014,319300,7.853150222222207,7.7357094285714,7.579061940000003,7.356559880000012,7.942022323608398,7.934069999999998,-48.52869524557097,0.02846732360839699,0.0
2017-12-29,15.55,15.58,15.47,15.47,7.934069999999998,313600,7.870246111111096,7.752785047619018,7.589162120000005,7.360483825000013,7.961106777191162,8.021256,-48.53841772985674,0.027036777191163708,0.0
2018-01-02,15.52,15.73,15.5,15.64,8.021256,384800,7.896459444444428,7.7725694285713995,7.601602740000004,7.3647317100000125,7.990901947021484,8.021256,-48.90727655357107,0.0,0.0
2018-01-03,15.78,15.79,15.64,15.64,8.021256,364500,7.921532999999984,7.793075238095208,7.613744960000004,7.368890015000012,8.012825965881348,8.113572,-48.767097404850716,-0.00843003411865162,0.0
2018-01-04,15.76,15.85,15.72,15.82,8.113572,466600,7.9557241111110955,7.816774761904733,7.627335740000003,7.373711470000012,8.04274845123291,8.180242999999999,-49.16088210345822,-0.0708235487670894,0.0
2018-01-05,15.82,15.98,15.82,15.95,8.180242999999999,425300,7.993333888888873,7.843889476190446,7.642259940000003,7.378955870000012,8.097461700439453,8.257175,-49.232215044266745,-0.08278129956054592,0.0
2018-01-08,15.97,16.120001000000002,15.96,16.1,8.257175,534100,8.036072444444429,7.874186666666636,7.660115060000004,7.384584930000012,8.163061141967773,8.308465,-49.29775688218775,-0.09411385803222672,0.0
2018-01-09,16.15,16.24,16.15,16.200001,8.308465,408100,8.079951333333318,7.9054833333333026,7.679791600000004,7.3903360600000125,8.222521781921387,8.257175,-49.24369583729417,0.0,0.08594321807861327
2018-01-10,16.23,16.23,15.93,16.1,8.257175,745200,8.111862999999984,7.933616095238064,7.6969506000000045,7.395785940000012,8.2687349319458,8.303334,-48.64139793822485,0.011559931945800628,0.0
2018-01-11,16.18,16.200001,16.15,16.190001000000002,8.303334,423200,8.155171777777761,7.962984904761875,7.715032780000005,7.401466615000012,8.307692527770996,8.359027000000001,-48.686275388302974,0.004358527770996545,0.0
2018-01-12,16.049999,16.110001,16.01,16.059998999999998,8.359027000000001,470600,8.202389222222207,7.99428438095235,7.733632100000006,7.407313775000011,8.344186782836914,8.275749000000001,-48.04366561394608,0.0,0.014840217163087033
2018-01-16,16.1,16.17,15.86,15.9,8.275749000000001,535500,8.230666222222208,8.021618238095206,7.749770240000006,7.412677340000011,8.34716796875,8.317387,-47.502088246855344,0.07141896874999887,0.0
2018-01-17,16.0,16.02,15.96,15.98,8.317387,244200,8.263569666666653,8.048907666666636,7.766940040000006,7.41802512500001,8.35133171081543,8.296567999999999,-47.73885037036653,0.0,-0.0339447108154296
2018-01-18,15.96,16.01,15.94,15.94,8.296567999999999,255000,8.28390255555554,8.073496285714256,7.783395060000006,7.42315683500001,8.357721328735352,8.317387,-47.56762027142189,0.06115332873535273,0.0
2018-01-19,16.0,16.09,15.95,15.98,8.317387,381400,8.299140777777762,8.098832047619018,7.799868700000006,7.42819105500001,8.35995864868164,8.379847,-47.684864526397746,0.04257164868164054,0.0
2018-01-22,15.94,16.1,15.94,16.1,8.379847,342300,8.312770999999984,8.12665361904759,7.817492100000006,7.43358237000001,8.364460945129395,8.390258,-48.04682642776774,-0.015386054870605292,0.0
2018-01-23,16.049999,16.120001000000002,16.049999,16.120001000000002,8.390258,239700,8.321859111111095,8.154482476190445,7.835025320000007,7.438801765000009,8.387040138244629,8.359027000000001,-47.97121825088828,0.0,0.0032178617553704214
2018-01-24,16.15,16.18,16.059998999999998,16.059998999999998,8.359027000000001,305000,8.333175999999984,8.179114476190446,7.852530640000007,7.443820210000008,8.395856857299805,8.338206,-47.72193412154132,0.0,-0.03682985729980359
2018-01-25,16.15,16.17,15.98,16.02,8.338206,361200,8.33705066666665,8.20128961904759,7.869022820000007,7.448622570000008,8.403860092163086,8.405869000000001,-47.54144761446263,0.06565409216308637,0.0
2018-01-26,16.030001000000002,16.15,16.030001000000002,16.15,8.405869000000001,289700,8.342255333333318,8.224733142857113,7.886569900000007,7.453529240000007,8.421207427978516,8.353823,-47.85630075555098,0.0,-0.015338427978514702
2018-01-29,16.15,16.190001000000002,16.030001000000002,16.049999,8.353823,264400,8.350930222222207,8.243011857142827,7.903146740000006,7.458380145000007,8.415762901306152,8.275749000000001,-47.565336911820665,0.0,-0.06193990130615212
2018-01-30,15.95,16.0,15.81,15.9,8.275749000000001,564200,8.346303777777763,8.26025919047616,7.919879280000006,7.4631814700000065,8.391486167907715,8.38505,-47.22335743454267,0.11573716790771371,0.0
2018-01-31,16.1,16.16,16.02,16.110001,8.38505,381200,8.356135111111097,8.281734428571399,7.937989720000005,7.468415680000008,8.39725399017334,8.405869000000001,-47.87552160814056,0.012203990173340173,0.0
2018-02-01,16.08,16.17,16.040001,16.15,8.405869000000001,283300,8.365966444444432,8.300049333333304,7.956415620000005,7.473481370000007,8.411408424377441,8.291363,-47.91697570044928,0.0,-0.005539424377440483
2018-02-02,16.09,16.15,15.86,15.93,8.291363,636400,8.356134888888876,8.312911571428542,7.972248380000004,7.477838225000007,8.38761043548584,7.874971,-47.34707824553773,0.0,-0.09624743548583936
2018-02-05,15.73,15.84,15.0,15.13,7.874971,1468600,8.298880777777764,8.301549619047588,7.979854240000004,7.480044950000007,8.285135269165039,7.979068999999999,-45.24034851840688,0.4101642691650387,0.0
2018-02-06,14.5,15.38,13.1,15.33,7.979069,1923000,8.256663222222208,8.291969904761876,7.988936000000003,7.482681320000007,8.21626091003418,8.057145,-46.40403842117299,0.23719191003417972,0.0
2018-02-07,15.49,15.68,15.33,15.48,8.057145,588000,8.22543422222221,8.282444666666638,7.999680300000003,7.485617170000007,8.155463218688965,7.750055000000002,-47.31612907823666,0.0,-0.09831821868896462
2018-02-08,15.58,15.66,14.89,14.89,7.7500550000000015,652900,8.152565999999988,8.255853714285685,8.004080820000002,7.486994855000007,8.02890682220459,7.843744,-46.07853040829691,0.2788518222045884,0.0
2018-02-09,15.18,15.31,14.65,15.07,7.843744,786000,8.095890555555544,8.236166523809494,8.010052140000003,7.488750110000008,7.944430351257324,7.979068999999999,-47.283142990993206,0.10068635125732417,0.0
2018-02-12,15.24,15.42,15.17,15.33,7.979069,710700,8.062926111111098,8.220725333333304,8.018123880000001,7.491091125000008,7.964291095733643,8.020712,-48.04767713154832,-0.014777904266357389,0.0
2018-02-13,15.33,15.41,15.3,15.41,8.020712,510300,8.0224441111111,8.204615095238065,8.026422440000001,7.493322270000006,7.9698309898376465,8.119558,-48.28143419962592,-0.050881010162353135,0.0
2018-02-14,15.15,15.36,15.01,15.36,8.119558,343100,7.990631777777766,8.1971774285714,8.03700092,7.495752295000008,7.9872517585754395,8.135419,-47.99966303010781,-0.13230624142456016,0.0
2018-02-15,15.41,15.46,15.25,15.39,8.135419,324600,7.973304666666654,8.188512285714259,8.04739166,7.498057170000007,8.066374778747559,8.114276,-47.586908520158815,0.0,0.06904422125244203
2018-02-16,15.35,15.42,15.3,15.35,8.114276,265400,7.999894111111099,8.179831714285687,8.057460500000001,7.5004607850000085,8.120043754577637,8.071985,-47.100692152588685,0.0,-0.0057677545776364525
2018-02-20,15.39,15.4,15.25,15.27,8.071985,378400,8.010218111111099,8.168145904761877,8.066481520000002,7.503016455000009,8.136072158813477,8.108988,-46.718584421653716,0.06408715881347682,0.0
2018-02-21,15.34,15.36,15.3,15.34,8.108988,184900,8.015978444444432,8.155247857142829,8.075636580000001,7.505575405000009,8.152785301208496,8.119558,-46.852768571000674,0.04379730120849601,0.0
2018-02-22,15.4,15.4,15.3,15.36,8.119558,166700,8.05703433333332,8.142357380952355,8.084700000000002,7.507778250000009,8.153128623962402,8.145995,-46.91973552107811,0.033570623962402735,0.0
2018-02-23,15.36,15.44,15.36,15.41,8.145995,287200,8.090617777777764,8.132212999999973,8.09388812,7.510045125000009,8.155292510986328,8.214713,-47.077920110406694,0.009297510986328916,0.0
2018-02-26,15.45,15.59,15.43,15.54,8.214713,283300,8.116800444444431,8.126332380952354,8.104147620000003,7.512564720000009,8.176218032836914,8.204141,-47.3859843446788,0.0,0.03849496716308565
2018-02-27,15.54,15.62,15.41,15.52,8.204141,314800,8.137181444444431,8.11672628571426,8.114195680000002,7.514978470000009,8.201828002929688,8.219999000000001,-47.15317008421593,-0.002312997070312406,0.0
2018-02-28,15.59,15.65,15.46,15.55,8.219999000000001,319700,8.148341555555543,8.110353714285688,8.123709480000004,7.5177479300000085,8.224472999572754,8.108988,-47.10949839503053,0.0,-0.004473999572752518
2018-03-01,15.55,15.55,15.26,15.34,8.108988,446900,8.145404777777765,8.102412714285688,8.130285100000004,7.519801085000008,8.221537590026855,8.119558,-46.404578943762345,0.11254959002685538,0.0
2018-03-02,15.26,15.39,15.14,15.36,8.119558,428800,8.145991666666653,8.089770238095213,8.136969540000003,7.522022280000009,8.215067863464355,8.177711,-46.51648526390393,0.09550986346435586,0.0
2018-03-05,15.36,15.5,15.32,15.47,8.177711,446400,8.157738999999987,8.078905571428546,8.144611880000003,7.525041005000009,8.207771301269531,8.214713,-46.943947632388294,0.030060301269530854,0.0
2018-03-06,15.5,15.54,15.47,15.54,8.214713,362700,8.169486222222211,8.075255571428546,8.152789100000003,7.528083490000011,8.211248397827148,8.209424,-47.160563720546016,0.0,0.003464602172851272
2018-03-07,15.48,15.54,15.47,15.53,8.209424,425900,8.179471333333321,8.09118190476188,8.160142480000005,7.53089222500001,8.21084976196289,8.283432000000001,-47.12910649090218,0.0014257619628903484,0.0
2018-03-08,15.68,15.68,15.57,15.67,8.283432000000001,398300,8.1947421111111,8.105675380952356,8.168360560000004,7.53393279000001,8.246606826782227,8.373296,-47.37328125856907,-0.036825173217774676,0.0
2018-03-09,15.75,15.84,15.71,15.84,8.373296,485500,8.212362444444432,8.120730190476166,8.177555380000005,7.53726141500001,8.297858238220215,8.415588,-47.614531324367334,-0.075437761779785,0.0
2018-03-12,15.94,15.94,15.86,15.92,8.415588,463600,8.235856555555545,8.152422238095212,8.186467740000005,7.540686330000011,8.346271514892578,8.415588,-47.57367138886571,0.0,0.0
2018-03-13,15.95,15.97,15.85,15.92,8.415588,635300,8.257588666666656,8.17965290476188,8.196508400000006,7.544157315000011,8.386812210083008,8.403243,-47.31901878088563,0.0,0.028775789916991812
2018-03-14,15.7,15.75,15.6,15.66,8.403243,325800,8.290283666666657,8.19985166666664,8.205891860000005,7.547451405000011,8.426566123962402,8.381778,-46.19051006409705,0.0,-0.023323123962402548
2018-03-15,15.63,15.69,15.58,15.62,8.381778,211000,8.319419222222212,8.21704528571426,8.213102300000005,7.55054602500001,8.446992874145508,8.349583,-45.921940626469215,0.0,-0.0652148741455072
2018-03-16,15.64,15.65,15.5,15.56,8.349583,386000,8.3385161111111,8.22799885714283,8.219668840000004,7.55341056000001,8.441025733947754,8.210065,-45.75176263529721,0.0,-0.09144273394775304
2018-03-19,15.57,15.58,15.25,15.3,8.210065,568200,8.337999666666654,8.2315534285714,8.221598700000005,7.55543929500001,8.39724063873291,8.188603,-45.11607425664765,0.0,-0.18717563873291
2018-03-20,15.32,15.47,15.26,15.26,8.188603,275200,8.335686222222211,8.235092809523783,8.221765900000005,7.557360720000011,8.349740982055664,8.285192,-45.28347980304283,0.16113798205566354,0.0
2018-03-21,15.34,15.47,15.3,15.44,8.285192,283700,8.335881777777765,8.245245523809496,8.222326240000005,7.559580805000011,8.326356887817383,8.183237,-46.072818084084304,0.0,-0.04116488781738248
2018-03-22,15.34,15.38,15.22,15.25,8.183237,368300,8.3147641111111,8.248781190476162,8.219821680000004,7.561175940000011,8.287394523620605,8.075916000000001,-45.6564293533075,0.0,-0.10415752362060537
2018-03-23,15.22,15.35,15.01,15.05,8.075916000000001,526500,8.277022777777766,8.246702999999972,8.216196500000004,7.562096280000011,8.23157024383545,8.210065,-45.305181104083395,0.15565424383544801,0.0
2018-03-26,15.28,15.38,15.22,15.3,8.210065,271100,8.254186888888878,8.249753952380923,8.214331120000004,7.563710390000011,8.231035232543945,8.13494,-46.202384101019966,0.0,-0.020970232543945144
2018-03-27,15.34,15.44,15.15,15.16,8.13494,345300,8.224375444444433,8.24595523809521,8.209849380000003,7.564764590000011,8.219922065734863,8.156405,-45.77887819436106,0.084982065734863,0.0
2018-03-28,15.15,15.25,15.13,15.2,8.156405,369100,8.19933399999999,8.243682095238066,8.207462500000004,7.568552130000011,8.195500373840332,8.199336,-46.082234382629395,0.03909537384033257,0.0
2018-03-29,15.31,15.33,15.24,15.28,8.199336,175300,8.182639888888879,8.242698142857114,8.205101480000003,7.57315502500001,8.20044231414795,8.204702000000001,-46.33218380793227,0.001106314147948595,0.0
2018-04-02,15.28,15.35,15.13,15.29,8.204702000000001,530600,8.18204399999999,8.247255952380922,8.203264160000005,7.57876648500001,8.223493576049805,8.344217,-46.216523374429,0.018791576049803638,0.0
2018-04-03,15.34,15.55,15.3,15.55,8.344217,435400,8.199334444444435,8.25795399999997,8.203800760000005,7.58563650000001,8.252155303955078,8.338854,-46.931477144983425,0.0,0.09206169604492231
2018-04-04,15.44,15.55,15.39,15.54,8.338854,411200,8.20529688888888,8.265627476190446,8.202980900000005,7.593087435000012,8.29405403137207,8.413977000000001,-46.62770893582966,-0.04479996862792923,0.0
2018-04-05,15.63,15.7,15.58,15.68,8.413977000000001,296900,8.230934666666657,8.275116238095208,8.203455280000005,7.601287965000011,8.346948623657227,8.306654,-46.76690928790034,0.0,0.06702837634277437
2018-04-06,15.61,15.65,15.46,15.48,8.306654,376000,8.25657222222221,8.279746238095207,8.202407820000005,7.608718145000011,8.369664192199707,8.371048,-45.93240185917502,0.06301019219970705,0.0
2018-04-09,15.62,15.65,15.6,15.6,8.371048,368300,8.274459222222212,8.283918428571397,8.203064660000003,7.615722315000011,8.401686668395996,8.424708,-46.143034176948746,0.03063866839599605,0.0
2018-04-10,15.7,15.7,15.64,15.7,8.424708,376000,8.306655666666655,8.286366619047588,8.203441440000004,7.62262079500001,8.417839050292969,8.424708,-46.38319076246516,0.0,0.0
2018-04-11,15.66,15.73,15.62,15.7,8.424708,562000,8.3364671111111,8.286800904761874,8.204859140000003,7.62947253500001,8.433988571166992,8.444866000000001,-46.28032757218476,0.009280571166991436,0.0
2018-04-12,15.5,15.58,15.46,15.5,8.444866000000001,300900,8.363748222222211,8.288195095238063,8.208241480000003,7.63628481500001,8.442551612854004,8.423075,-45.53192507836126,0.0,0.0023143871459971876
2018-04-13,15.54,15.58,15.45,15.46,8.423075,264800,8.388011888888878,8.289139476190444,8.209001980000004,7.64266090500001,8.466193199157715,8.395833,-45.23807762511181,0.0,-0.04311819915771409
2018-04-16,15.47,15.5,15.41,15.41,8.395833,336400,8.393746999999989,8.28980876190473,8.208801260000003,7.64831643000001,8.47067928314209,8.439417,-45.0312830425562,0.07484628314209019,0.0
2018-04-17,15.5,15.55,15.42,15.49,8.439417,241200,8.404920666666657,8.29408657142854,8.211762340000003,7.6540028650000105,8.474059104919434,8.466662,-45.29335632718248,0.03464210491943298,0.0
2018-04-18,15.59,15.59,15.51,15.54,8.466662,224400,8.410774555555545,8.306305476190445,8.223596160000003,7.65921780000001,8.481341361999512,8.488453,-45.4225137580469,0.014679361999512253,0.0
2018-04-19,15.54,15.59,15.53,15.58,8.488453,207100,8.430974444444434,8.320584047619016,8.233783840000003,7.66419107500001,8.490782737731934,8.477556,-45.502036343183995,0.0,-0.0023297377319337897
2018-04-20,15.59,15.61,15.55,15.56,8.477556,212600,8.442808666666657,8.329744238095207,8.242192060000002,7.66887613000001,8.502240180969238,8.472108,-45.35835359274268,0.0,-0.024684180969238412
2018-04-23,15.63,15.63,15.54,15.55,8.472108,251900,8.448075333333325,8.343499999999969,8.256633120000004,7.67337031500001,8.51648998260498,8.439417,-45.231575674566045,0.0,-0.04438198260498005
2018-04-24,15.62,15.64,15.46,15.49,8.439417,335900,8.449709666666658,8.36080957142854,8.268546580000002,7.67777118000001,8.515456199645996,8.444866000000001,-45.026105877043285,0.07603919964599548,0.0
2018-04-25,15.53,15.53,15.45,15.5,8.444866000000001,281900,8.449709666666658,8.371990571428539,8.277862520000003,7.68212915500001,8.510859489440918,8.477556,-45.09122910038118,0.06599348944091687,0.0
2018-04-26,15.52,15.61,15.52,15.56,8.477556,195500,8.455763111111104,8.388305619047586,8.286999400000003,7.686042845000011,8.50944995880127,8.483006,-45.31201825963195,0.03189395880126966,0.0
2018-04-27,15.55,15.58,15.51,15.57,8.483006,242700,8.465448999999992,8.403858047619014,8.294268360000004,7.690759105000011,8.511119842529297,8.515695,-45.33641719634363,0.028113842529297273,0.0
2018-04-30,15.61,15.66,15.56,15.63,8.515695,376800,8.473924333333324,8.418922761904728,8.301873880000002,7.697488190000012,8.51998519897461,8.521142999999999,-45.4895380743787,0.004290198974610249,0.0
2018-05-01,15.63,15.65,15.6,15.64,8.521142999999999,274500,8.47997777777777,8.433991380952348,8.310011220000002,7.703367245000011,8.53654670715332,8.532039,-45.41849931487647,0.015403707153321733,0.0
2018-05-02,15.65,15.75,15.65,15.66,8.532039,296300,8.484820666666657,8.44293528571425,8.319212300000002,7.71029659500001,8.553888320922852,8.591971000000001,-45.37746921505204,0.0218493209228523,0.0
2018-05-03,15.65,15.85,15.61,15.77,8.591971000000001,444100,8.497533444444436,8.454988476190442,8.328871960000003,7.71778641000001,8.577080726623535,8.624661,-45.611409469730276,-0.014890273376465757,0.0
2018-05-04,15.8,15.85,15.7,15.83,8.624661,385000,8.514483777777768,8.465021047619015,8.338974020000002,7.726079855000011,8.606316566467285,8.635557,-45.63287071088259,-0.018344433532714532,0.0
2018-05-07,15.83,15.88,15.83,15.85,8.635557,394100,8.5362771111111,8.480683095238062,8.348765260000002,7.734166955000011,8.630507469177246,8.646453999999999,-45.548848774906965,-0.005049530822754278,0.0
2018-05-08,15.89,15.89,15.85,15.87,8.646453999999999,300900,8.558675777777768,8.493797666666634,8.357400080000001,7.74240338500001,8.656742095947266,8.662801,-45.45216070606637,0.010288095947267095,0.0
2018-05-09,15.9,15.94,15.89,15.9,8.662801,332000,8.579258555555546,8.505135428571394,8.366573280000003,7.75038960500001,8.683465957641602,8.706386,-45.3870065557132,0.02066495764160159,0.0
2018-05-10,15.97,15.99,15.91,15.98,8.706386,471100,8.604078555555544,8.518548666666632,8.376301020000003,7.7587597250000115,8.70572566986084,8.695491,-45.52111595831765,0.0,0.0006603301391603367
2018-05-11,15.95,16.01,15.94,15.96,8.695491,657800,8.62405588888888,8.530483190476158,8.388031080000003,7.766909395000011,8.718981742858887,8.063360000000001,-45.36978857857841,0.0,-0.023490742858886193
2018-05-14,15.01,15.12,14.58,14.58,8.063360000000001,3947900,8.573191111111102,8.513353904761871,8.386907120000004,7.772064385000013,8.583230018615723,8.306701,-41.13010961168915,0.5198700186157215,0.0
2018-05-15,14.6,15.04,14.53,15.02,8.306701,1256300,8.548153555555547,8.509109523809489,8.389486920000003,7.778388655000012,8.520814895629883,8.389654,-43.27020708635231,0.21411389562988248,0.0
2018-05-16,15.1,15.24,15.02,15.17,8.389654,477200,8.52567388888888,8.506739857142824,8.392985740000002,7.7851988350000125,8.475589752197266,8.20162,-44.129269926188094,0.0,-0.08593575219726546
2018-05-17,15.23,15.27,14.76,14.83,8.20162,685900,8.478669333333324,8.494118809523776,8.392829660000002,7.7908554450000125,8.38378620147705,8.190561,-43.46738906623702,0.0,-0.18216620147705065
2018-05-18,14.85,15.0,14.63,14.81,8.190561,736200,8.429225333333324,8.479933476190443,8.390972240000002,7.796575310000012,8.29466438293457,8.262456,-43.99281307944247,0.10410338293456967,0.0
2018-05-21,14.75,14.99,14.75,14.94,8.262456,619700,8.386558888888878,8.469690619047586,8.388755440000002,7.803081435000012,8.31674575805664,8.290107,-44.33235771046425,0.05428975805664038,0.0
2018-05-22,14.99,15.02,14.95,14.99,8.290107,317300,8.345148444444435,8.461023904761872,8.386245820000001,7.809536130000011,8.311558723449707,8.317761,-44.552643606072664,0.02145172344970625,0.0
2018-05-23,15.0,15.05,14.91,15.04,8.317761,373600,8.30196788888888,8.45523076190473,8.38428928,7.816200230000012,8.300227165222168,8.373064999999999,-44.81231938017175,-0.01753383477783288,0.0
2018-05-24,15.09,15.14,15.04,15.14,8.373064999999999,255200,8.266142777777768,8.451811666666634,8.383685720000003,7.8229985900000125,8.336066246032715,8.422839,-44.940117265305716,-0.036998753967283804,0.0
2018-05-25,15.18,15.23,15.15,15.23,8.422839,980500,8.30608488888888,8.449206095238063,8.384506940000001,7.830069530000012,8.378657341003418,8.417309,-44.98583492446869,0.0,0.044181658996581774
2018-05-29,15.25,15.29,15.1,15.22,8.417309,452300,8.318374666666656,8.446077666666636,8.385861460000003,7.837752980000012,8.409964561462402,8.422839,-44.743991054780544,-0.007344438537597142,0.0
2018-05-30,15.25,15.25,15.01,15.23,8.422839,248400,8.322061888888877,8.441655952380922,8.390116940000002,7.8453218250000125,8.438551902770996,8.406249,-44.59256793978335,0.0,-0.01571290277099635
2018-05-31,15.29,15.29,15.15,15.2,8.406249,212200,8.344798444444432,8.436184809523779,8.394469860000003,7.852712885000012,8.457486152648926,8.395188000000001,-44.35864373257286,0.0,-0.05123715264892503
2018-06-01,15.2,15.25,15.14,15.18,8.395188000000001,383100,8.367534777777767,8.429668095238064,8.396669780000003,7.860001215000012,8.463022232055664,8.406249,-44.248865401477836,0.06783423205566308,0.0
2018-06-04,15.18,15.26,15.16,15.2,8.406249,403300,8.383511777777766,8.420824190476159,8.401130020000004,7.867337615000012,8.455680847167969,8.444961,-44.370520742315996,0.049431847167968,0.0
2018-06-05,15.2,15.28,15.2,15.27,8.444961,241300,8.400717777777764,8.412267047619016,8.408510920000003,7.87506032500001,8.461177825927734,8.472612,-44.58953617598078,0.0162168259277351,0.0
2018-06-06,15.29,15.36,15.29,15.32,8.472612,280400,8.417923444444432,8.40450776190473,8.413761860000003,7.8830658550000114,8.472311973571777,8.478143,-44.69770252237743,-0.0003000264282224663,0.0
2018-06-07,15.39,15.4,15.31,15.33,8.478143,276200,8.429598777777764,8.396492952380921,8.420625920000003,7.8913881700000115,8.488130569458008,8.240335,-44.63058989264182,0.0,-0.009987569458008494
2018-06-08,15.15,15.19,14.66,14.9,8.240335,2129400,8.409320555555544,8.376375523809491,8.422304520000003,7.898473250000011,8.446322441101074,8.16291,-43.31327220737534,0.0,-0.20598744110107425
2018-06-11,14.87,15.07,14.54,14.76,8.16291,1218600,8.381053999999986,8.350495714285682,8.421576000000002,7.90543623000001,8.395878791809082,8.234803999999999,-43.11735235901706,0.23296879180908192,0.0
2018-06-12,14.8,14.94,14.8,14.89,8.234803999999999,678000,8.36016122222221,8.328558238095205,8.422178040000002,7.912927345000011,8.357504844665527,8.256927000000001,-43.87169345422749,0.12270084466552866,0.0
2018-06-13,14.92,15.03,14.9,14.93,8.256927000000001,552400,8.343569888888876,8.337775714285682,8.420432240000002,7.920529075000011,8.320572853088379,8.305817999999999,-44.26943835841675,0.06364585308837789,0.0
2018-06-14,14.63,14.94,14.63,14.78,8.305817999999999,534000,8.333639888888875,8.337733666666633,8.419771520000001,7.927363320000011,8.295489311218262,7.92368,-43.87354999175736,0.0,0.010328688781736872
2018-06-15,14.29,14.31,13.97,14.1,7.92368,2327700,8.280021111111099,8.315544428571394,8.409965580000001,7.9323832600000115,8.215620994567871,7.895583999999999,-41.733184435688855,0.0,-0.29194099456787104
2018-06-18,14.09,14.1,13.96,14.05,7.895583999999999,874200,8.21897922222221,8.300971285714251,8.401744180000001,7.9374795500000115,8.160470008850098,7.929299,-41.91836292633383,0.26488600885009905,0.0
2018-06-19,14.01,14.11,14.0,14.11,7.929299,390200,8.158611111111098,8.288530238095204,8.392909200000002,7.943009450000011,8.101876258850098,7.9742570000000015,-42.58060766229555,0.17257725885009734,0.0
2018-06-20,14.17,14.2,14.1,14.19,7.9742570000000015,323100,8.102623777777765,8.274806476190442,8.383900180000003,7.948740045000011,8.050403594970703,7.946159,-43.26706416511132,0.0,-0.07614659497070164
2018-06-21,14.2,14.22,14.1,14.14,7.946159,327900,8.069937555555542,8.258427999999965,8.374329200000004,7.954041035000012,7.9862775802612305,7.951777999999999,-43.519960535634866,0.04011858026123072,0.0
2018-06-22,14.13,14.26,14.12,14.15,7.951778,353400,8.046478444444432,8.241000238095202,8.364467440000004,7.958671405000013,7.9826178550720215,7.934918,-43.58573954012706,0.0,-0.03083985507202147
2018-06-25,14.31,14.31,14.1,14.12,7.934918,413800,8.013157777777765,8.220136095238061,8.354704300000003,7.962711505000012,7.98682975769043,7.929299,-43.43604987471367,0.0,-0.051911757690429994
2018-06-26,14.1,14.18,14.07,14.11,7.929299,276800,7.976754666666654,8.196634190476155,8.345373620000004,7.966554855000012,7.986620903015137,7.816911000000001,-43.39744221817762,0.0,-0.0573219030151364
2018-06-27,14.11,14.15,13.79,13.91,7.816911,971700,7.922431666666654,8.168043809523775,8.332923500000003,7.969547150000011,7.951350212097168,7.929299,-42.83716598060987,0.1344392120971678,0.0
2018-06-28,13.95,14.11,13.86,14.11,7.929299,409400,7.9230559999999866,8.144541904761871,8.322176240000005,7.97324593500001,7.949635982513428,7.895583999999999,-43.659560719252816,0.0,-0.020336982513427415
2018-06-29,14.14,14.24,14.01,14.05,7.895583999999999,380400,7.9230559999999866,8.120224523809489,8.310318860000004,7.97720983000001,7.939528465270996,7.783189000000001,-43.49090060305341,0.0,-0.04394446527099749
2018-07-02,14.05,14.1,13.83,13.85,7.783189,778400,7.906821555555542,8.09108171428568,8.296431520000004,7.98084922000001,7.907891750335693,7.721375000000001,-42.90330866183615,0.0,-0.12470275033569322
2018-07-03,13.97,14.0,13.67,13.74,7.721375,808500,7.87872355555554,8.058468666666633,8.281416860000006,7.98417954000001,7.866836071014404,7.698896,-42.7450067611761,0.0,-0.1454610710144042
2018-07-05,13.72,13.83,13.67,13.7,7.698896,682200,7.851249888888875,8.022941761904727,8.266606440000006,7.987128180000011,7.8392558097839355,7.7663350000000015,-42.77915467310996,0.14035980978393514,0.0
2018-07-06,13.74,13.82,13.7,13.82,7.7663350000000015,285800,7.830645111111096,7.989309523809489,8.253035820000006,7.990193685000011,7.809720993041992,7.861869,-43.489717850636815,0.043385993041990645,0.0
2018-07-09,13.89,14.05,13.86,13.99,7.861869,376000,7.82252855555554,7.9599631428571085,8.240722080000006,7.9935654900000115,7.8068695068359375,7.9742570000000015,-44.19678694184462,-0.05499949316406294,0.0
2018-07-10,14.1,14.22,14.01,14.19,7.9742570000000015,610600,7.827523888888873,7.947292761904728,8.230547100000006,7.997572685000011,7.845607757568359,8.030453999999999,-44.71030473877125,-0.1286492424316421,0.0
2018-07-11,14.2,14.3,14.11,14.29,8.030453999999999,712100,7.851250888888874,7.940985333333298,8.220842280000006,8.00176295000001,7.906951427459717,7.9967380000000015,-44.667939625894206,0.0,0.12350257254028207
2018-07-12,14.3,14.4,14.19,14.23,7.9967380000000015,744700,7.858744111111097,7.929648857142822,8.210354180000007,8.00563775000001,7.964989185333252,8.012167999999999,-44.02678014523365,-0.0317488146667495,0.0
2018-07-13,14.0,14.04,13.9,14.02,8.012167999999999,526600,7.871697888888875,7.917993666666632,8.199956760000006,8.00941832000001,8.016178131103516,7.915014,-42.823265826651095,0.0,-0.0040101311035165565
2018-07-16,14.04,14.05,13.84,13.85,7.915014,454700,7.886345111111098,7.899383952380919,8.186417620000007,8.012713120000011,8.027694702148438,7.8921550000000025,-42.03830539965027,0.0,-0.11268070214843728
2018-07-17,13.84,13.86,13.7,13.81,7.892155000000002,790200,7.905320666666654,7.89788276190473,8.171767500000007,8.01594259000001,8.00925064086914,7.943589,-42.00397798067241,0.11709564086913904,0.0
2018-07-18,13.84,13.92,13.75,13.9,7.943589,350800,7.932508777777765,7.900168714285682,8.157928140000006,8.01940475500001,7.9926347732543945,7.995021,-42.499030408241765,0.0490457732543943,0.0
2018-07-19,13.98,14.0,13.85,13.99,7.995021,418400,7.95791833333332,7.903298333333301,8.144899480000007,8.02302615000001,7.991799831390381,8.023599,-42.87491185567991,-0.003221168609619518,0.0
2018-07-20,14.0,14.1,13.95,14.04,8.023599,812000,7.97588833333332,7.90564795238092,8.132115440000005,8.02657011500001,7.993816375732422,7.926443999999999,-43.06398592783175,0.0,0.02978262426757894
2018-07-23,14.0,14.05,13.8,13.87,7.926444,1114600,7.970575777777766,7.904709142857111,8.116516600000006,8.02935901500001,7.994843006134033,7.932158999999998,-42.358738239841145,0.06839900613403316,0.0
2018-07-24,13.92,13.96,13.81,13.88,7.932158999999999,440200,7.9596541111110986,7.903774904761874,8.101249960000006,8.03207856500001,8.002845764160156,7.897869999999998,-42.34260976829859,0.0,-0.07068676416015762
2018-07-25,13.84,13.94,13.76,13.82,7.897869999999998,420800,7.9486687777777645,7.902010714285684,8.097940160000006,8.034651165000009,7.995555400848389,7.806435,-42.145040514845235,0.0,-0.09768540084839028
2018-07-26,13.8,13.9,13.65,13.66,7.806435,1989400,7.925809555555541,7.8961600476190155,8.087934840000008,8.036668660000009,7.952142238616943,7.863580999999999,-41.785195910564106,0.1457072386169438,0.0
2018-07-27,13.69,13.76,13.66,13.76,7.863581,872300,7.920094777777763,7.898382428571397,8.077413380000007,8.03887397000001,7.92286491394043,8.069314,-42.42103986961897,0.059283913940429755,0.0
2018-07-30,13.85,14.14,13.85,14.12,8.069314,1511800,7.939779111111097,7.905049809523779,8.074767260000009,8.04213241500001,7.948509693145752,8.120749,-43.70743843381195,-0.12080430685424837,0.0
2018-07-31,14.17,14.23,14.12,14.21,8.120749,808300,7.959463555555541,7.915771952380921,8.073371020000007,8.045491405000009,7.994763374328613,8.132178,-43.73847027214207,-0.12598562567138671,0.0
2018-08-01,14.17,14.25,14.17,14.23,8.132178,507500,7.974703222222208,7.932390476190446,8.070765460000008,8.04898213000001,8.0519380569458,8.160752,-43.415755046059026,-0.0802399430541989,0.0
2018-08-02,14.16,14.29,14.16,14.28,8.160752,468400,7.98994244444443,7.953313190476161,8.068178360000008,8.05261572500001,8.119303703308105,8.195041,-43.14213092921494,-0.04144829669189498,0.0
2018-08-03,14.35,14.36,14.26,14.34,8.195041,504500,8.019786555555541,7.9769391428571135,8.065723960000009,8.05639589500001,8.18612003326416,8.229331,-42.914086239441005,-0.008920966735839642,0.0
2018-08-06,14.39,14.44,14.35,14.4,8.229331,513600,8.052805666666652,7.998986571428542,8.062849280000009,8.06039724500001,8.213659286499023,8.292192,-42.96069939931234,-0.015671713500976736,0.0
2018-08-07,14.42,14.54,14.41,14.51,8.292192,475500,8.096619222222209,8.019478142857114,8.060236340000008,8.06486208000001,8.247138977050781,8.252189,-43.16237782873342,0.0,0.04505302294921876
2018-08-08,14.51,14.54,14.41,14.44,8.252189,455500,8.14614744444443,8.03271299999997,8.056933940000008,8.069052300000012,8.271342277526855,8.263618,-42.71923630521568,0.019153277526855916,0.0
2018-08-09,14.51,14.53,14.42,14.46,8.263618,359700,8.190595999999987,8.043816047619018,8.053749520000007,8.073200225000011,8.292540550231934,8.200757000000001,-42.65186341471692,0.0,-0.028922550231934352
2018-08-10,14.42,14.43,14.32,14.35,8.200757000000001,484400,8.205200777777764,8.053531238095209,8.049639680000007,8.077033845000011,8.292484283447266,8.206471,-42.21265307702254,0.09172728344726444,0.0
2018-08-13,14.44,14.45,14.36,14.36,8.206471,650200,8.21472544444443,8.062783761904733,8.045865340000008,8.08124410500001,8.285920143127441,8.235044,-42.29860624563063,0.07944914312744089,0.0
2018-08-14,14.42,14.43,14.4,14.41,8.235044,460300,8.226154999999984,8.078023285714256,8.04244124000001,8.085796135000011,8.274999618530273,8.166469000000001,-42.57460361880449,0.0,-0.039955618530273185
2018-08-15,14.43,14.43,14.18,14.29,8.166469000000001,980000,8.226790222222208,8.091085857142827,8.03687140000001,8.089632355000012,8.255233764648438,8.18797,-42.230694439129195,0.08876476464843641,0.0
2018-08-16,14.12,14.19,13.93,14.09,8.18797,764400,8.22600455555554,8.102723047619017,8.031178560000008,8.093576080000012,8.241497993469238,8.193783,-41.5081760577059,0.05352799346923831,0.0
2018-08-17,14.1,14.12,14.01,14.1,8.193783,530000,8.222054777777762,8.112187904761875,8.025491360000009,8.09739969000001,8.241898536682129,8.217023,-41.54681888877923,0.04811553668212909,0.0
2018-08-20,14.2,14.2,14.07,14.14,8.217023,389900,8.21370266666665,8.121398571428543,8.025025120000008,8.101140595000011,8.245277404785156,8.228645,-41.68827860830866,0.02825440478515695,0.0
2018-08-21,14.13,14.19,14.13,14.16,8.228645,281100,8.21108666666665,8.135789095238065,8.026339820000008,8.10498933500001,8.247268676757812,8.222836000000001,-41.75657714154087,0.0,-0.01862367675781229
2018-08-22,14.16,14.18,14.12,14.15,8.222836000000001,343700,8.206555333333318,8.149630857142828,8.026100460000007,8.108734430000009,8.256695747375488,8.228645,-41.64879330476687,0.03385974737548736,0.0
2018-08-23,14.16,14.19,14.12,14.16,8.228645,258800,8.209653999999984,8.165382047619017,8.025534820000008,8.112409130000009,8.263595581054688,8.251892999999999,-41.641274145094016,0.03495058105468729,0.0
2018-08-24,14.19,14.21,14.17,14.2,8.251892999999999,217100,8.214700888888874,8.186594333333304,8.024456320000008,8.116175210000009,8.274543762207031,8.275139,-41.72856505488006,0.022650762207032216,0.0
2018-08-27,14.25,14.28,14.23,14.24,8.275139,417900,8.219155888888872,8.206192333333302,8.031485500000008,8.11998292000001,8.285242080688477,8.292571,-41.817120219884295,0.010103080688477206,0.0
2018-08-28,14.32,14.32,14.25,14.27,8.292571,328600,8.233167222222205,8.216823619047588,8.039425240000009,8.12402697000001,8.29864501953125,8.304193,-41.845514929703924,0.006074019531249419,0.0
2018-08-29,14.27,14.3,14.25,14.29,8.304193,325900,8.246080888888871,8.225559047619019,8.046923120000008,8.127979950000011,8.314919471740723,8.298383,-41.81301979187737,0.0,-0.010726471740722943
2018-08-30,14.27,14.32,14.23,14.28,8.298383,404900,8.257703111111093,8.233473571428542,8.053405640000008,8.131829290000011,8.328872680664062,8.292571,-41.67456105977547,0.0,-0.0304896806640631
2018-08-31,14.32,14.32,14.26,14.27,8.292571,367000,8.266097333333315,8.239750666666637,8.060333880000007,8.13566724000001,8.33775806427002,8.32163,-41.57142211443574,0.04518706427001895,0.0
2018-09-04,14.32,14.32,14.26,14.32,8.32163,541000,8.276428999999982,8.245778714285684,8.067730920000008,8.14007978000001,8.345870971679688,8.32163,-41.71877813072844,0.0,0.0
2018-09-05,14.33,14.35,14.29,14.32,8.32163,511700,8.287406111111093,8.250173904761875,8.07546516000001,8.14429029000001,8.35192584991455,8.310003,-41.67649546149057,0.0,-0.030295849914550033
2018-09-06,14.34,14.35,14.24,14.3,8.310003,592100,8.29644588888887,8.251022047619017,8.083079240000009,8.14841743500001,8.353235244750977,8.298383,-41.58576751922394,0.0,-0.043232244750976534
2018-09-07,14.29,14.3,14.25,14.28,8.298383,418000,8.301611444444426,8.253221761904731,8.092708680000008,8.15241072500001,8.35415267944336,8.310003,-41.49753025599888,0.055769679443359976,0.0
2018-09-10,14.32,14.35,14.3,14.3,8.310003,522900,8.305485222222204,8.25543057142854,8.100322760000008,8.15648735000001,8.35814380645752,8.310003,-41.55144191288448,0.0,0.0
2018-09-11,14.3,14.32,14.27,14.3,8.310003,575700,8.307422111111093,8.26063276190473,8.108611140000008,8.16041246000001,8.355425834655762,8.304193,-41.570448708700965,0.0,-0.04542283465576169
2018-09-12,14.3,14.31,14.26,14.29,8.304193,737300,8.307422111111093,8.265286190476159,8.119031220000009,8.16433377500001,8.351189613342285,8.331968,-41.55920494512046,0.04699661334228544,0.0
2018-09-13,14.07,14.14,14.06,14.1,8.331968,674000,8.31115377777776,8.269901619047587,8.131243080000008,8.16834347000001,8.355330467224121,8.314237,-40.74233711188566,0.0,-0.023362467224121275
2018-09-14,14.16,14.16,14.02,14.07,8.314237,419900,8.313561111111094,8.276938190476159,8.143549900000009,8.17218876500001,8.360420227050781,8.178328,-40.57981359594328,0.0,-0.04618322705078093
2018-09-17,14.07,14.1,13.81,13.84,8.178328,1153900,8.29763866666665,8.276479047619015,8.151789760000009,8.17520299500001,8.330613136291504,8.225599,-39.80770855280705,0.15228513629150342,0.0
2018-09-18,13.86,13.94,13.85,13.92,8.225599,525700,8.28696855555554,8.277994095238062,8.159064360000007,8.17830207000001,8.315430641174316,8.284694,-40.26271091110405,0.08983164117431564,0.0
2018-09-19,13.94,14.03,13.92,14.02,8.284694,309100,8.284156444444427,8.28121652380949,8.165273100000007,8.18177237000001,8.312533378601074,8.331968,-40.709462349493045,0.027839378601074216,0.0
2018-09-20,14.05,14.1,14.03,14.1,8.331968,416800,8.287888111111094,8.286136666666632,8.171303380000007,8.18535280000001,8.313591957092285,8.272875,-41.038354914239115,0.0,0.018376042907714663
2018-09-21,14.11,14.11,14.0,14.0,8.272875,364700,8.283762777777762,8.288519476190443,8.176826120000008,8.18866300500001,8.308455467224121,8.284694,-40.65388951982771,0.03558046722412023,0.0
2018-09-24,14.03,14.04,14.0,14.02,8.284694,259400,8.280950666666651,8.291188476190442,8.182276640000008,8.19198180500001,8.326226234436035,8.278783,-40.61179576008534,0.0,-0.041532234436035154
2018-09-25,14.03,14.07,13.96,14.01,8.278783,393700,8.27812733333332,8.292468952380919,8.189552020000008,8.19511954500001,8.334914207458496,8.172417999999999,-40.50739323726983,0.0,-0.056131207458495425
2018-09-26,14.04,14.04,13.73,13.83,8.172417999999999,951900,8.26039955555554,8.287577476190442,8.195157280000007,8.19764970000001,8.308908462524414,8.255147000000001,-39.92112463829057,0.13649046252441543,0.0
2018-09-27,13.85,13.99,13.84,13.97,8.255147000000001,388300,8.253833999999985,8.285795380952347,8.20138844000001,8.200492490000011,8.294881820678711,8.272875,-40.623609014468784,0.03973482067871004,0.0
2018-09-28,14.0,14.02,13.97,14.0,8.272875,308300,8.264339222222207,8.284304047619013,8.206945520000009,8.203348175000011,8.296318054199219,8.308330999999999,-40.74058532714844,0.023443054199217883,0.0
2018-10-01,14.0,14.11,14.0,14.06,8.308330999999999,420000,8.27353166666665,8.284777761904728,8.212640160000008,8.206381140000012,8.303356170654297,8.326058999999999,-40.9434127264986,-0.0049748293457021475,0.0
2018-10-02,14.1,14.14,14.06,14.09,8.326058999999999,299500,8.278127777777762,8.286372428571394,8.220632460000008,8.209289890000012,8.315634727478027,8.343784,-40.98201045083018,-0.010424272521971645,0.0
2018-10-03,14.15,14.15,14.08,14.12,8.343784,346700,8.27944066666665,8.287427380952346,8.228864960000008,8.21210777500001,8.346870422363281,8.249236999999999,-40.88618681045835,0.0,-0.0030864223632818266
2018-10-04,14.12,14.12,13.84,13.96,8.249236999999999,828500,8.276814222222205,8.28398009523806,8.235892300000009,8.214427280000011,8.342622756958008,8.190146,-40.23909199886814,0.0,-0.09338575695800877
2018-10-05,14.05,14.05,13.77,13.86,8.190146,612100,8.26630888888887,8.278272619047584,8.243566520000009,8.21640004000001,8.32534122467041,8.142875,-39.932602996605986,0.0,-0.13519522467040979
2018-10-08,13.89,13.89,13.66,13.78,8.142875,628000,8.251207999999982,8.27086747619044,8.249152400000009,8.218085155000011,8.290801048278809,8.136961999999999,-39.834535208426644,0.0,-0.1479260482788085
2018-10-09,13.78,13.84,13.71,13.77,8.136961999999999,481000,8.247268444444426,8.262627428571395,8.250505360000007,8.219561190000013,8.254268646240234,7.876957000000001,-40.056146359911146,0.0,-0.11730664624023568
2018-10-10,13.78,13.78,13.29,13.33,7.876957000000001,1252500,8.205247333333315,8.242006190476157,8.245629520000008,8.219583335000012,8.157551765441895,7.634682000000001,-38.803062524816994,0.0,-0.28059476544189366
2018-10-11,13.23,13.25,12.56,12.92,7.6346820000000015,2069900,8.13433699999998,8.21012471428568,8.235679600000008,8.21818897000001,8.024873733520508,7.717146999999999,-37.88797419875768,0.3901917335205063,0.0
2018-10-12,12.98,13.05,12.72,12.82,7.717147,1110700,8.06864988888887,8.180847523809492,8.226807500000008,8.216924855000011,7.931350231170654,7.638895,-38.13299351660957,0.0,-0.21420323117065454
2018-10-15,12.92,12.93,12.65,12.69,7.638895,1028500,7.9922983333333155,8.148688380952349,8.215684580000008,8.215551555000012,7.832629203796387,7.729188000000002,-38.27715363438624,0.19373420379638695,0.0
2018-10-16,12.7,12.84,12.7,12.84,7.7291880000000015,615600,7.924009888888872,8.12730076190473,8.205681720000008,8.21452714500001,7.760586261749268,7.668992999999999,-39.55929702687486,0.0,-0.031398261749266076
2018-10-17,12.85,12.85,12.6,12.74,7.668992999999999,712400,7.859538333333317,8.100795714285683,8.193217740000009,8.212765830000011,7.722123622894287,7.470346000000001,-39.38678474965238,0.0,-0.05313062289428849
2018-10-18,12.6,12.73,12.36,12.41,7.470346000000001,1109100,7.77956055555554,8.062017238095207,8.177580880000008,8.21001128000001,7.680044651031494,7.422188,-38.11406405292914,0.0,-0.2096986510314931
2018-10-19,12.35,12.54,12.28,12.33,7.422188,702900,7.699484222222207,8.01869438095235,8.160752280000008,8.20655436000001,7.619174003601074,7.19344,-38.20621246065633,0.0,-0.196986003601074
2018-10-22,12.26,12.32,11.85,11.95,7.19344,2032600,7.594648444444429,7.9672927142856835,8.140605940000007,8.201620345000011,7.5190653800964355,7.006834,-37.07895079417208,0.0,-0.3256253800964357
2018-10-23,11.29,11.73,11.27,11.64,7.006834,2695300,7.497968111111096,7.906442238095208,8.116613200000009,8.195368640000012,7.3675923347473145,6.8503240000000005,-36.704533206638196,0.0,-0.3607583347473149
2018-10-24,11.56,11.73,11.35,11.38,6.8503240000000005,1358000,7.410817222222207,7.83842038095235,8.088918800000009,8.188077935000011,7.2079057693481445,7.169364,-36.661636473214905,0.357581769348144,0.0
2018-10-25,11.41,11.96,11.41,11.91,7.169364,905500,7.34995244444443,7.790655904761874,8.068976700000007,8.182638880000011,7.153721332550049,7.1091690000000005,-39.93516933207348,0.0,0.01564266744995102
2018-10-26,11.75,11.88,11.52,11.81,7.1091690000000005,876200,7.291093999999983,7.7360855238094945,8.047400680000008,8.176668055000013,7.102162837982178,7.0610100000000005,-39.86314277745828,0.0,0.007006162017822781
2018-10-29,11.85,12.1,11.64,11.73,7.0610100000000005,725800,7.2168519999999825,7.678377666666638,8.024745220000007,8.170177970000012,7.077481269836426,7.169364,-39.663416284429445,0.01647126983642533,0.0
2018-10-30,11.71,11.92,11.7,11.91,7.169364,398600,7.1613376666666495,7.6241411428571135,8.003792040000008,8.164646045000014,7.103714466094971,7.380052,-40.35504226620512,-0.06564953390502914,0.0
2018-10-31,12.02,12.27,12.02,12.26,7.380052,555600,7.151304999999983,7.579093190476162,7.986820180000007,8.159959370000013,7.207189559936523,7.55462,-41.213788255003884,-0.17286244006347662,0.0
2018-11-01,12.42,12.58,12.4,12.55,7.55462,553200,7.1660196666666485,7.541513952380924,7.973455860000006,8.156249630000012,7.2872138023376465,7.512483,-41.93455137579565,0.0,0.2674061976623534
2018-11-02,12.7,12.75,12.33,12.48,7.512483,605500,7.201468888888872,7.5064304285714005,7.9591326200000045,8.152225110000012,7.36846923828125,7.548602000000002,-40.95777853941306,-0.14401376171874958,0.0
2018-11-05,12.48,12.59,12.45,12.54,7.548602000000002,323900,7.261665333333316,7.475880714285686,7.9450668000000055,8.148068885000013,7.467003345489502,7.662972999999999,-40.454518776000775,-0.08159865451049964,0.0
2018-11-06,12.61,12.75,12.57,12.73,7.662973,340900,7.351959666666649,7.453028238095209,7.932823480000005,8.144432460000013,7.567081451416016,7.819482000000002,-40.55709778934787,-0.09589154858398441,0.0
2018-11-07,12.83,13.0,12.83,12.99,7.819482000000002,430700,7.424194999999983,7.437910142857113,7.9233617000000045,8.141734735000014,7.655799388885498,7.819482000000002,-41.063900008579694,0.0,0.0
2018-11-08,12.99,13.09,12.95,12.99,7.819482000000002,553300,7.503118666666651,7.435173238095207,7.913667480000004,8.139141115000015,7.709573745727539,7.771327,-40.64993267338307,0.0,0.10990825427246254
2018-11-09,12.99,12.99,12.85,12.91,7.771327,531900,7.582042777777763,7.4416801428571135,7.903126360000004,8.135968405000014,7.760758399963379,7.69307,-39.885682417014884,0.0,0.010568600036621412
2018-11-12,12.62,12.88,12.51,12.78,7.69307,771000,7.640232333333319,7.4405336190475895,7.891136340000004,8.132664640000016,7.787723064422607,7.747247,-39.06319980889978,0.09465306442260779,0.0
2018-11-13,12.87,12.98,12.8,12.87,7.747247,761100,7.681031777777763,7.445693238095208,7.879648680000003,8.130022130000016,7.803940296173096,7.659553999999999,-39.3633232620583,0.0,-0.05669329617309593
2018-11-14,12.67,12.74,12.48,12.49,7.659553999999999,487800,7.692691111111096,7.442377333333303,7.866407160000003,8.126394650000016,7.773118019104004,7.659553999999999,-37.76526806161726,0.0,0.0
2018-11-15,12.46,12.52,12.25,12.49,7.659553999999999,500900,7.709032333333318,7.441927857142826,7.853398180000004,8.122663075000016,7.741574287414551,7.659553999999999,-38.017819956648914,0.0,0.0
2018-11-16,12.45,12.54,12.34,12.49,7.659553999999999,254700,7.721360333333318,7.45093776190473,7.840621600000004,8.119504030000016,7.72121524810791,7.500108,-38.18082267327534,0.0,-0.06166124810791107
2018-11-19,12.54,12.54,12.2,12.23,7.500108,328200,7.703264222222207,7.454648238095206,7.824423700000004,8.117629715000016,7.680016040802002,7.224139999999999,-37.20346655108748,0.0,-0.17990804080200196
2018-11-20,12.0,12.0,11.72,11.78,7.2241399999999985,949900,7.637115111111094,7.456110142857111,7.802706440000004,8.113855070000017,7.567915439605713,7.322261999999998,-35.75623565699734,0.34377543960571444,0.0
2018-11-21,11.92,12.02,11.84,11.94,7.3222619999999985,309500,7.581868444444426,7.471130523809491,7.783067820000005,8.110180655000017,7.499666690826416,7.248671000000001,-37.18872118235832,0.0,-0.17740469082641752
2018-11-23,11.87,11.89,11.81,11.82,7.248671000000001,111300,7.523795555555537,7.490099428571396,7.761401880000005,8.107673735000017,7.416872978210449,7.43265,-37.2514976462737,0.16820197821044847,0.0
2018-11-26,12.0,12.13,11.95,12.12,7.43265,348500,7.4948599999999805,7.502636857142825,7.743770140000005,8.105618265000016,7.37416410446167,7.487839,-39.157061844375654,-0.058485895538329835,0.0
2018-11-27,12.11,12.23,12.02,12.21,7.487839,204200,7.466036888888869,7.520668761904729,7.729960360000004,8.103162115000016,7.376491546630859,7.6104910000000014,-39.58647381956709,-0.11134745336914076,0.0
2018-11-28,12.3,12.51,12.26,12.41,7.6104910000000014,367600,7.4605854444444235,7.5468345238094905,7.717658200000005,8.101111010000016,7.451042652130127,7.684080999999999,-39.95936621974112,-0.1594483478698745,0.0
2018-11-29,12.48,12.53,12.37,12.53,7.684081,246200,7.463310666666647,7.571344857142823,7.7056459400000055,8.098933625000015,7.525732517242432,7.800599000000001,-39.93828797093031,-0.1583484827575683,0.0
2018-11-30,12.64,12.72,12.56,12.72,7.800599000000001,255500,7.478982333333314,7.591370904761871,7.695018560000005,8.097259525000016,7.638530731201172,7.923253,-39.9486577735757,-0.16206826879882907,0.0
2018-12-03,12.99,13.06,12.81,12.92,7.923253,539000,7.525998444444426,7.6089248571428225,7.688026120000004,8.096304410000014,7.737031936645508,7.733141000000002,-40.1158518835487,0.0,0.18622106335449207
2018-12-04,12.93,12.94,12.55,12.61,7.733141000000002,676800,7.582554111111092,7.619432380952346,7.676995060000004,8.094610190000015,7.785275459289551,7.635021000000001,-38.26109865749761,0.0,-0.052134459289549184
2018-12-06,12.45,12.45,12.15,12.45,7.635021000000001,539500,7.617305111111092,7.623547571428537,7.664119820000004,8.092240355000015,7.788512706756592,7.536902000000001,-37.441665005971146,0.0,-0.15349170675659085
2018-12-07,12.52,12.65,12.25,12.29,7.536902,612500,7.649330777777759,7.617544190476156,7.651409500000004,8.089327075000014,7.756852149963379,7.506238000000001,-36.88484825090822,0.0,-0.21995014996337847
2018-12-10,12.39,12.4,12.05,12.24,7.5062380000000015,575500,7.657507222222203,7.602627809523775,7.636431320000003,8.086128290000014,7.697319507598877,7.530771,-37.11340271569545,0.19108150759887543,0.0
2018-12-11,12.4,12.47,12.23,12.28,7.530771,324300,7.662277444444426,7.5888796666666325,7.621589240000004,8.082708580000013,7.620447635650635,7.616623,-37.94423749470167,0.0896766356506351,0.0
2018-12-12,12.31,12.43,12.29,12.42,7.616623,403600,7.66295877777776,7.581512809523774,7.607755080000004,8.079770990000013,7.597832679748535,7.608498,-38.82582383455286,0.0,0.018790320251464543
2018-12-13,12.14,12.2,11.78,12.17,7.608498,521800,7.654560666666648,7.577485571428536,7.593403860000004,8.076713485000013,7.592960357666016,7.352171,-37.60920001917818,0.0,0.015537642333984358
2018-12-14,11.92,12.03,11.67,11.76,7.352171,582000,7.604735333333314,7.558672428571394,7.573571600000005,8.072929400000014,7.5534257888793945,7.120854,-35.77018887007317,0.0,-0.2012547888793943
2018-12-17,11.71,11.86,11.33,11.39,7.120854,1067000,7.515579888888869,7.533020047619014,7.551003940000005,8.067935880000014,7.469254970550537,6.952052999999999,-34.42269560535086,0.0,-0.34840097055053754
2018-12-18,11.34,11.45,11.1,11.12,6.952053,1050300,7.4287923333333135,7.499329523809491,7.526242080000004,8.061807590000013,7.348853588104248,6.720733999999998,-33.9131871573359,0.0,-0.3968005881042478
2018-12-19,11.21,11.21,10.71,10.75,6.720733999999998,1199700,7.327204888888868,7.454623809523777,7.497799260000004,8.054337695000013,7.16509485244751,6.251844999999999,-33.3479548609534,0.0,-0.44436085244751133
2018-12-20,10.71,10.77,9.71,10.0,6.2518449999999985,2400500,7.184420777777758,7.395182714285681,7.460096920000004,8.044549800000013,6.884001731872559,6.108055,-31.15998268127441,0.0,-0.63215673187256
2018-12-21,9.95,10.45,9.72,9.77,6.108055,1604200,7.029067111111092,7.342035809523777,7.424718880000004,8.033672915000013,6.634310722351074,6.101804,-32.09507960746085,0.0,-0.526255722351074
2018-12-24,9.6,10.08,9.31,9.76,6.101804,751000,6.87029299999998,7.2839187619047285,7.394061320000004,8.022315455000014,6.432376861572266,6.464409,-34.09449936913662,0.33057286157226606,0.0
2018-12-26,9.91,10.34,9.86,10.34,6.464409,1073500,6.742269222222203,7.246572952380919,7.369006560000003,8.012559560000012,6.3400421142578125,6.70823,-38.68431224122038,-0.12436688574218735,0.0
2018-12-27,10.28,10.77,10.16,10.73,6.70823,920000,6.642239444444426,7.212076761904729,7.350393260000004,8.004022770000011,6.347903251647949,6.914544000000001,-40.839671466468324,-0.36032674835205114,0.0
2018-12-28,10.84,11.19,10.79,11.06,6.914544,711800,6.593614222222205,7.184776999999967,7.334100380000003,7.996579275000012,6.481522083282471,6.989563,-41.39672619093607,-0.43302191671752954,0.0
2018-12-31,11.2,11.33,11.11,11.18,6.989563,655100,6.579026333333316,7.155208999999967,7.320511780000003,7.989618200000012,6.659294605255127,7.1083479999999994,-40.43564753796845,-0.33026839474487346,0.0
2019-01-02,11.01,11.44,10.82,11.37,7.108348,581600,6.596392444444428,7.127793142857111,7.313271820000002,7.983412025000012,6.864316940307617,6.977059,-39.62781934645895,0.0,0.24403105969238315
2019-01-03,11.29,11.36,11.09,11.16,6.977059,450700,6.624872999999983,7.088576952380921,7.304369240000002,7.977246995000013,6.965644836425781,7.170868,-37.58382763059336,-0.011414163574218428,0.0
2019-01-04,11.21,11.48,11.21,11.47,7.170868,478200,6.726986666666651,7.052749095238064,7.303917800000002,7.972158320000013,7.057437419891357,7.264646,-38.47046713259497,-0.11343058010864215,0.0
2019-01-07,11.48,11.73,11.48,11.62,7.264646000000001,547100,6.855496777777763,7.030439809523779,7.309074040000001,7.967055590000013,7.127867221832275,7.295906,-38.65862976047955,-0.13677877816772543,0.0
2019-01-08,11.75,11.8,11.6,11.67,7.295906,517800,6.988174777777762,7.014291476190446,7.317985680000001,7.9626189350000125,7.189722537994385,7.389680999999999,-38.39140927168479,-0.10618346200561479,0.0
2019-01-09,11.75,11.82,11.63,11.82,7.389680999999999,419100,7.090982777777762,7.007280952380922,7.322392020000002,7.959187760000013,7.248755931854248,7.364675,-38.67380768312819,0.0,0.14092506814575056
2019-01-10,11.78,11.82,11.61,11.78,7.364675,327600,7.163921111111096,7.000539857142828,7.327502140000002,7.9549608100000135,7.327247619628906,7.395932000000001,-37.79925620009417,-0.03742738037109383,0.0
2019-01-11,11.69,11.84,11.69,11.83,7.395932000000001,484700,7.217408666666651,6.994118952380923,7.334200580000002,7.951265770000013,7.372195720672607,7.3227699999999984,-37.6822001633761,0.0,0.02373627932739364
2019-01-14,11.37,11.6,11.36,11.51,7.3227699999999984,465700,7.254431666666651,6.980125952380922,7.337268700000002,7.947097595000014,7.382699489593506,7.380028,-35.85838844836224,0.05992948959350741,0.0
2019-01-15,11.57,11.63,11.52,11.6,7.380028,273900,7.2846183333333165,6.969246428571399,7.337268220000002,7.943001055000014,7.39923095703125,7.418201,-36.21352623248922,0.019202957031249746,0.0
2019-01-16,11.6,11.73,11.6,11.66,7.418201,213300,7.333634111111094,6.972390714285685,7.334539840000002,7.939068550000014,7.405858516693115,7.405478,-36.4849183817057,0.0,0.012342483306884589
2019-01-17,11.67,11.72,11.53,11.64,7.405478,337900,7.359701888888872,6.9859442380952075,7.332399740000003,7.934374855000013,7.414506912231445,7.4627360000000005,-36.30148700832092,0.009028912231445752,0.0
2019-01-18,11.65,11.8,11.57,11.73,7.462736,428200,7.381711888888873,7.010262476190446,7.330682420000003,7.929994265000013,7.427480697631836,7.392753,-36.679618946020156,0.0,0.035255302368163655
2019-01-22,11.73,11.73,11.56,11.62,7.392753,509100,7.3924726666666505,7.042263380952351,7.3252780200000025,7.924888145000014,7.439492225646973,7.450010999999999,-35.97683110458715,0.04673922564697275,0.0
2019-01-23,11.68,11.78,11.51,11.71,7.450011,485500,7.399175999999985,7.0993189047618745,7.317888600000003,7.920604930000013,7.45350456237793,7.4627360000000005,-36.34923516329693,0.0034935623779297487,0.0
2019-01-24,11.74,11.75,11.66,11.73,7.462736,206200,7.410071666666649,7.163827523809493,7.310753680000004,7.916063370000013,7.464956283569336,7.469098,-36.360133984916146,0.0022202835693363454,0.0
2019-01-25,11.75,11.84,11.73,11.74,7.469098,297300,7.418201222222205,7.228936761904732,7.304709100000004,7.9112853200000135,7.478565692901611,7.475458999999999,-36.29841828874266,0.009467692901611535,0.0
2019-01-28,11.73,11.79,11.69,11.75,7.475459,289300,7.43516666666665,7.277081999999971,7.300356880000004,7.906539075000013,7.481894493103027,7.5263550000000015,-36.324302186357215,0.00643549310302749,0.0
2019-01-29,11.77,11.85,11.72,11.83,7.5263550000000015,258500,7.451425222222205,7.316040333333303,7.295939040000004,7.9019465200000125,7.508082866668701,7.672686000000001,-36.53353451674809,-0.01827213333130029,0.0
2019-01-30,11.93,12.08,11.84,12.06,7.672686,486100,7.479701333333316,7.352142333333303,7.296201680000004,7.898194575000014,7.551907539367676,7.729944000000001,-37.380534499438845,-0.12077846063232389,0.0
2019-01-31,12.14,12.24,12.11,12.15,7.7299440000000015,421900,7.515753111111094,7.38739857142854,7.297609480000003,7.894865130000013,7.6076250076293945,7.793564999999999,-37.385802406342435,-0.12231899237060695,0.0
2019-02-01,12.24,12.36,12.19,12.25,7.793564999999999,361600,7.552511888888871,7.420027952380921,7.300289700000003,7.891635870000012,7.674679279327393,7.844461999999999,-37.34955690344985,-0.11888572067260661,0.0
2019-02-04,12.25,12.4,12.25,12.33,7.844461999999999,316300,7.602701777777759,7.461332857142826,7.307176780000003,7.888524870000013,7.750396728515625,7.888994999999998,-37.141956784139296,-0.09406527148437416,0.0
2019-02-05,12.35,12.44,12.35,12.4,7.888994999999999,407800,7.6514777777777585,7.495529380952348,7.320473880000004,7.885527580000013,7.824099540710449,7.939889999999999,-36.9024230587867,-0.06489545928954943,0.0
2019-02-06,12.39,12.48,12.39,12.48,7.939889999999999,253100,7.70449488888887,7.527683857142824,7.332826440000003,7.882839250000013,7.8784379959106445,7.863548,-36.87149041738266,0.0,0.061452004089354695
2019-02-07,12.44,12.44,12.22,12.36,7.863548,509900,7.748322666666646,7.554714428571396,7.345123980000003,7.879796450000014,7.903489112854004,7.8381,-36.05591332642392,0.0,-0.039941112854004146
2019-02-08,12.23,12.34,12.13,12.32,7.8381,392800,7.78861611111109,7.576067714285681,7.353232980000002,7.876789865000013,7.911834716796875,7.850825,-35.78056236366173,0.07373471679687515,0.0
2019-02-11,12.39,12.39,12.27,12.34,7.850825,692600,7.824668333333313,7.599217714285681,7.360492700000002,7.873819660000013,7.911437511444092,7.946253999999999,-35.88786457500736,0.06061251144409141,0.0
2019-02-12,12.39,12.49,12.35,12.49,7.946254,553000,7.855064777777757,7.625423523809491,7.367207960000002,7.8711631500000125,7.923185348510742,8.003513,-36.563768226495256,-0.02306865148925752,0.0
2019-02-13,12.48,12.58,12.47,12.58,8.003513,540100,7.885461333333312,7.657839857142825,7.373596600000002,7.868765685000013,7.938929080963135,8.013216,-36.89245563622309,-0.06458391903686511,0.0
2019-02-14,12.28,12.44,12.24,12.39,8.013216,469600,7.909866999999979,7.687991666666634,7.3778489400000025,7.866253290000014,7.970649719238281,7.987346,-35.66868668895657,0.0,0.042566280761718644
2019-02-15,12.4,12.47,12.35,12.35,7.987346,324500,7.925742999999979,7.715093809523776,7.379130800000002,7.863584305000013,8.002779006958008,7.967942,-35.20016998414569,0.0,-0.0154330069580082
2019-02-19,12.25,12.42,12.2,12.32,7.967942,490700,7.934514888888868,7.741877809523777,7.383826820000003,7.860763820000013,8.024004936218262,7.942075000000001,-34.870089803423205,0.0,-0.05606293621826186
2019-02-20,12.35,12.35,12.25,12.28,7.942075,423900,7.934757666666646,7.7647034761904425,7.389967900000003,7.857514340000012,8.022049903869629,7.896800000000001,-34.673860717674025,0.0,-0.07997490386962891
2019-02-21,12.3,12.3,12.21,12.21,7.8968,302300,7.938452333333313,7.7887057142856815,7.397165860000002,7.853875035000012,7.999898910522461,7.929141,-34.480762403583455,0.10309891052246112,0.0
2019-02-22,12.33,12.34,12.24,12.26,7.929141,357200,7.94856799999998,7.811521428571395,7.405623920000003,7.850342955000013,7.982538223266602,7.942075000000001,-34.88957403534583,0.053397223266601124,0.0
2019-02-25,12.31,12.34,12.27,12.28,7.942075,301500,7.9587068888888695,7.834347095238061,7.413850000000002,7.846821060000012,7.974490165710449,7.948539999999999,-35.0611550023579,0.03241516571044922,0.0
2019-02-26,12.3,12.33,12.28,12.29,7.948539999999999,312200,7.958960888888869,7.857177666666633,7.420488340000002,7.843249755000013,7.97045373916626,7.9550089999999996,-35.146836947386,0.02191373916626116,0.0
2019-02-27,12.31,12.34,12.22,12.3,7.955008999999999,305700,7.953571555555537,7.880013380952347,7.427418560000002,7.839492870000012,7.972912788391113,7.935606,-35.179570826088515,0.0,-0.017903788391114617
2019-02-28,12.28,12.33,12.26,12.27,7.935606,377900,7.944948222222204,7.89950152380949,7.439087260000003,7.835693445000013,7.980344772338867,7.974408,-34.960515302861715,0.04473877233886725,0.0
2019-03-01,12.3,12.4,12.3,12.33,7.974408,383100,7.943510666666648,7.913869238095205,7.456158340000002,7.835248685000013,7.989157199859619,7.987346,-35.20553771403391,0.014749199859618756,0.0
2019-03-04,12.33,12.44,12.3,12.35,7.987346,658600,7.945666666666649,7.9261264761904435,7.476864200000002,7.833651910000012,7.997291564941406,7.993811,-35.244602713025046,0.009945564941406637,0.0
2019-03-05,12.42,12.43,12.34,12.36,7.993811,337100,7.951415111111093,7.935661999999967,7.5023257400000025,7.831672695000012,8.007867813110352,8.000281,-35.21142546027223,0.014056813110351563,0.0
2019-03-06,12.4,12.42,12.36,12.37,8.000281,282800,7.962912999999982,7.94308195238092,7.537294460000002,7.830666000000012,8.01857852935791,7.948539999999999,-35.1772147990468,0.0,-0.018297529357910847
2019-03-07,12.35,12.43,12.28,12.29,7.948539999999999,486800,7.965068444444425,7.945917428571397,7.574104160000002,7.829455895000013,8.020444869995117,7.987346,-34.74007428807878,0.07190486999511858,0.0
2019-03-08,12.25,12.35,12.18,12.35,7.987346,539300,7.970098555555536,7.948177238095207,7.611815000000002,7.828080345000013,8.022859573364258,8.052021,-35.037574304742854,0.0355135733642582,0.0
2019-03-11,12.41,12.47,12.4,12.45,8.052021,616300,7.981596444444425,7.957152142857111,7.643567240000002,7.826889915000013,8.033990859985352,8.097291,-35.46995293184456,-0.01803014001464831,0.0
2019-03-12,12.49,12.52,12.46,12.52,8.097291,595600,7.9974055555555355,7.96949457142854,7.671348460000002,7.825787565000013,8.055974006652832,8.110228999999999,-35.65515969127131,-0.04131699334716821,0.0
2019-03-13,12.51,12.55,12.43,12.54,8.110228999999999,524700,8.016808111111093,7.981847142857113,7.695262160000002,7.8244733850000125,8.080672264099121,8.074066,-35.5608272400389,0.0,0.029556735900877484
2019-03-14,12.27,12.31,12.23,12.28,8.074066,492800,8.027881222222204,7.987933428571397,7.716952220000003,7.822729520000012,8.106587409973145,8.041189,-33.98544454419263,0.0,-0.032521409973144344
2019-03-15,12.22,12.25,12.17,12.23,8.041189,390300,8.03386377777776,7.989727523809493,7.735609040000003,7.820848920000012,8.117510795593262,8.014892,-33.62624042850972,0.0,-0.07632179559326246
2019-03-18,12.23,12.3,12.19,12.19,8.014892,245800,8.036206111111094,7.989807333333302,7.756365700000003,7.818809185000012,8.109563827514648,8.034616,-33.47363554130723,0.09467182751464875,0.0
2019-03-19,12.21,12.25,12.19,12.22,8.034616,261300,8.040021111111095,7.992058285714255,7.773640660000002,7.816951020000012,8.096160888671875,8.034616,-33.74663757224325,0.0,0.0
2019-03-20,12.2,12.23,12.18,12.22,8.034616,298300,8.049585111111094,7.995233238095207,7.789040060000001,7.815148160000011,8.080482482910156,8.067489,-33.87493876505601,0.04586648291015649,0.0
2019-03-21,12.21,12.31,12.2,12.27,8.067489,272400,8.058489888888872,8.001205333333303,7.804471720000001,7.813454360000012,8.078670501708984,8.008317,-34.1591646152487,0.0,-0.011181501708984243
2019-03-22,12.3,12.31,12.05,12.18,8.008317,465900,8.053633888888873,8.006515666666635,7.816844440000001,7.811271140000013,8.070301055908203,7.922839999999999,-33.74137064114775,0.0,-0.06198405590820322
2019-03-25,12.11,12.15,12.05,12.05,7.922839999999999,425800,8.034250444444428,8.00621561904759,7.828007740000001,7.8085222800000125,8.051094055175781,7.942566,-33.1859414508234,0.12825405517578226,0.0
2019-03-26,12.09,12.12,12.07,12.08,7.942566,360100,8.015621222222205,8.00623899999997,7.838940420000001,7.805844395000012,8.032535552978516,7.909691,-33.5055003892507,0.0,-0.08996955297851539
2019-03-27,12.12,12.13,12.02,12.03,7.909691,303000,7.997357333333316,8.004389047619018,7.850678840000001,7.804191175000012,8.00742244720459,7.9359899999999985,-33.43788489439243,0.09773144720459026,0.0
2019-03-28,12.03,12.07,12.01,12.07,7.9359899999999985,224200,7.985668555555538,8.003483380952352,7.8617980800000025,7.803056575000012,7.982702732086182,8.008317,-33.863274796303386,0.046712732086183095,0.0
2019-03-29,12.15,12.18,12.11,12.18,8.008317,235400,7.984937999999982,8.006945809523781,7.873600400000002,7.801924140000012,7.983485698699951,8.087214,-34.454140404762306,-0.024831301300048736,0.0
2019-04-01,12.22,12.32,12.21,12.3,8.087214,360800,7.9907822222222045,8.012317523809495,7.8872351200000015,7.801075575000012,8.016273498535156,8.126665,-34.82704472735645,-0.07094050146484321,0.0
2019-04-02,12.31,12.37,12.28,12.36,8.126665,377000,8.001009888888872,8.018951761904733,7.900513700000001,7.800179810000012,8.053681373596191,8.12009,-34.84076558579133,0.0,0.07298362640380773
2019-04-03,12.36,12.42,12.33,12.35,8.12009,353200,8.006854444444429,8.024965047619018,7.915060440000001,7.801161860000011,8.096237182617188,8.126665,-34.44342362253289,-0.023852817382811864,0.0
2019-04-04,12.37,12.41,12.35,12.36,8.126665,519900,8.020004222222205,8.030983333333305,7.928593520000001,7.802317265000011,8.134075164794922,8.166116,-34.1903303819181,0.007410164794922736,0.0
2019-04-05,12.38,12.44,12.36,12.42,8.166116,347500,8.047034888888874,8.041344095238065,7.94266112,7.803501350000012,8.166874885559082,8.185842,-34.24416356232623,0.0007588855590814347,0.0
2019-04-08,12.47,12.48,12.4,12.45,8.185842,549900,8.07406555555554,8.050796285714256,7.956996,7.8045592750000115,8.186297416687012,8.172691,-34.24660709488344,0.0,-0.00045541668701254423
2019-04-09,12.45,12.47,12.41,12.43,8.172691,516900,8.103287777777762,8.056542476190447,7.97094064,7.805691935000011,8.195962905883789,8.179267,-34.06304983198882,0.02327190588378869,0.0
2019-04-10,12.44,12.46,12.41,12.44,8.179267,433000,8.13031855555554,8.060446095238067,7.983998879999999,7.806829380000011,8.208871841430664,8.179267,-34.012284232872474,0.0,0.0
2019-04-11,12.46,12.46,12.4,12.44,8.179267,677300,8.149312999999983,8.063733619047591,7.994130499999999,7.808051125000011,8.217805862426758,8.216033,-33.94046734383635,0.03853886242675841,0.0
2019-04-12,12.28,12.33,12.19,12.29,8.216033,604300,8.163626222222204,8.070493952380925,8.003852279999998,7.809484795000011,8.22887897491455,8.182605,-33.044109235845795,0.0,-0.012845974914551306
2019-04-15,12.25,12.31,12.22,12.24,8.182605,333700,8.169841777777759,8.07722804761902,8.01163308,7.811313265000011,8.229337692260742,8.189293,-32.76684891943838,0.046732692260741615,0.0
2019-04-16,12.29,12.3,12.23,12.25,8.189293,275800,8.17753099999998,8.085532857142828,8.018529699999998,7.812613235000011,8.23338508605957,8.182605,-32.788693175023916,0.0,-0.044092086059571045
2019-04-17,12.27,12.29,12.21,12.24,8.182605,224200,8.183746555555537,8.092579952380923,8.024401899999999,7.814048340000011,8.235077857971191,8.182605,-32.71995214075824,0.0,0.0
2019-04-18,12.27,12.27,12.18,12.24,8.182605,299400,8.185578666666647,8.099627047619018,8.029256199999999,7.816045420000011,8.233912467956543,8.169236999999999,-32.72947330100864,0.0,-0.051307467956542396
2019-04-22,12.24,12.25,12.19,12.22,8.169236999999999,292100,8.183733666666647,8.104472190476162,8.03536998,7.818284730000011,8.222864151000977,8.189293,-32.70978599835535,0.05362715100097759,0.0
2019-04-23,12.24,12.25,12.2,12.25,8.189293,320900,8.185578333333314,8.113090095238066,8.04239384,7.8207367150000096,8.22366714477539,8.169236999999999,-32.868023307955994,0.0,-0.03437414477539136
2019-04-24,12.25,12.26,12.22,12.22,8.169236999999999,352700,8.18446388888887,8.124823285714257,8.048762080000001,7.82275122500001,8.219413757324219,8.169236999999999,-32.73802162582473,0.0,0.0
2019-04-25,12.22,12.25,12.22,12.22,8.169236999999999,196600,8.183349444444424,8.135617142857114,8.053221740000001,7.82428806500001,8.217841148376465,8.169236999999999,-32.75089076615005,0.0,0.0
2019-04-26,12.24,12.25,12.22,12.22,8.169236999999999,203400,8.17814988888887,8.147976476190447,8.056536220000002,7.82526296500001,8.215472221374512,8.175922,-32.77027642083051,0.04623522137451275,0.0
2019-04-29,12.23,12.25,12.2,12.23,8.175922,325400,8.177407333333313,8.15940180952378,8.059790340000001,7.825990305000009,8.216353416442871,8.216033,-32.81804238395036,0.04043141644287118,0.0
2019-04-30,12.23,12.3,12.21,12.29,8.216033,401200,8.180378444444424,8.169293047619018,8.06436408,7.827086780000009,8.2213134765625,8.242774,-33.105667399816916,0.0052804765625005246,0.0
2019-05-01,12.3,12.41,12.29,12.33,8.242774,427000,8.187063888888868,8.176700666666639,8.069860720000001,7.828239810000009,8.235498428344727,8.202662,-33.207636428672124,0.0,0.007275571655274149
2019-05-02,12.3,12.35,12.24,12.27,8.202662,348300,8.189292444444426,8.180319571428543,8.075072460000001,7.829678050000009,8.24303913116455,8.236088,-32.81956698317399,0.04037713116455066,0.0
2019-05-03,12.33,12.35,12.29,12.32,8.236088,212200,8.196720333333314,8.185843285714256,8.08185822,7.831397715000009,8.258113861083984,8.229403,-32.969855023668956,0.0,-0.022025861083983855
2019-05-06,12.18,12.31,12.17,12.31,8.229403,599500,8.201176999999982,8.190735571428542,8.087863460000001,7.83282678500001,8.267437934875488,8.175922,-32.83965934300985,0.0,-0.0380349348754887
2019-05-07,12.28,12.29,12.18,12.23,8.175922,709600,8.20191977777776,8.191202523809496,8.0925404,7.83373129000001,8.257721900939941,8.202662,-32.47978821798904,0.0817999009399415,0.0
2019-05-08,12.22,12.28,12.18,12.27,8.202662,323700,8.20563366666665,8.192003476190447,8.097622840000001,7.834626605000008,8.250733375549316,8.189293,-32.75685920497705,0.0,-0.048071375549316286
2019-05-09,12.24,12.26,12.11,12.25,8.189293,553500,8.207862111111096,8.192794047619017,8.102308520000001,7.835940850000009,8.2476167678833,8.169236999999999,-32.672516180544484,0.0,-0.058323767883301514
2019-05-10,12.22,12.24,12.12,12.22,8.169236999999999,546300,8.207119333333317,8.192316428571399,8.106981140000002,7.837126240000009,8.236045837402344,8.08233,-32.60191622420341,0.0,-0.06680883740234478
2019-05-13,12.11,12.15,12.0,12.09,8.08233,1105500,8.192263444444428,8.187700380952352,8.109139580000003,7.838048540000009,8.203126907348633,8.146934,-32.1494879458343,0.12079690734863213,0.0
2019-05-14,11.88,12.09,11.85,11.98,8.146934,504300,8.18161455555554,8.184409952380921,8.112331340000003,7.83975103500001,8.197381019592285,8.106133,-31.574448918261393,0.0,-0.05044701959228526
2019-05-15,11.99,12.0,11.85,11.92,8.106133,419700,8.170889111111096,8.180768428571398,8.114577780000001,7.840963795000009,8.180538177490234,8.119736,-31.37132401434367,0.07440517749023456,0.0
2019-05-16,11.92,12.02,11.86,11.94,8.119736,510700,8.157961111111097,8.17745619047616,8.116966880000001,7.841215905000009,8.16771411895752,8.085728999999999,-31.59368409583317,0.0,-0.04797811895751991
2019-05-17,11.91,12.0,11.88,11.89,8.085728999999999,384700,8.141997333333318,8.172843047619017,8.119710660000003,7.841040805000009,8.15282917022705,7.908919,-31.431209670083682,0.0,-0.06710017022705195
2019-05-20,11.88,11.9,11.44,11.63,7.908919,1226400,8.112330333333318,8.15981038095235,8.118142120000003,7.839924510000008,8.10884952545166,7.94972,-30.276444321137923,0.19993052545166012,0.0
2019-05-21,11.66,11.85,11.51,11.69,7.94972,478100,8.08422566666665,8.14935719047616,8.116096100000004,7.838869350000009,8.070394515991211,7.861313000000001,-30.963263336259956,0.0,-0.12067451599121082
2019-05-22,11.65,11.67,11.55,11.56,7.861313000000001,266700,8.047783444444427,8.133739095238065,8.111376540000004,7.83720071000001,8.022669792175293,7.691305999999999,-30.599742282220653,0.0,-0.16135679217529209
2019-05-23,11.43,11.53,10.9,11.31,7.691306,858300,7.994679999999984,8.110980476190445,8.102998080000003,7.834510585000009,7.933805465698242,7.711705999999999,-29.851410559697243,0.2424994656982422,0.0
2019-05-24,11.26,11.45,11.13,11.34,7.711705999999999,544600,7.953499555555538,8.089193285714254,8.095750880000002,7.83160815500001,7.8609771728515625,7.738909,-30.67921364328428,0.14927117285156388,0.0
2019-05-28,11.26,11.39,11.25,11.38,7.738909,387300,7.908163444444428,8.068701476190444,8.089705280000002,7.829041755000009,7.823031425476074,7.752509,-31.256314363127647,0.08412242547607462,0.0
2019-05-29,11.35,11.42,11.3,11.4,7.752509,330200,7.868871888888872,8.04853895238092,8.084457620000002,7.826486210000009,7.785205364227295,7.800111999999999,-31.708724875199167,0.03269636422729505,0.0
2019-05-30,11.41,11.55,11.3,11.47,7.800111999999999,262400,7.833358111111094,8.028733190476158,8.079767540000002,7.824482985000008,7.776892185211182,7.664103,-32.197975717426495,0.0,0.02321981478881696
2019-05-31,11.4,11.46,11.14,11.27,7.664103,644200,7.78651077777776,8.001177428571397,8.072357280000004,7.821771145000009,7.76738977432251,7.602899000000002,-31.079061452329103,0.0,-0.10328677432250988
2019-06-03,11.25,11.39,11.17,11.18,7.602899000000002,565400,7.75250855555554,7.9726172857142545,8.063065480000002,7.8186104200000095,7.743255138397217,7.786510000000001,-30.740115041169798,0.14035613839721517,0.0
2019-06-04,11.23,11.46,11.22,11.45,7.786510000000002,343400,7.734374111111096,7.951208809523778,8.058629340000003,7.816710625000009,7.753629207611084,7.929319999999999,-32.28271434400799,-0.03288079238891761,0.0
2019-06-05,11.5,11.67,11.44,11.66,7.92932,326300,7.741930444444431,7.9369191428571115,8.058758940000004,7.815417375000009,7.7915568351745605,8.04493,-33.177042579978036,-0.13776316482543915,0.0
2019-06-06,11.67,11.89,11.6,11.83,8.04493,495800,7.781221999999985,7.930681428571396,8.060806220000003,7.814673110000009,7.845005989074707,8.112932,-33.68549459784694,-0.19992401092529377,0.0
2019-06-07,11.87,11.99,11.87,11.93,8.112932,382400,7.825802666666653,7.926408571428539,8.064871040000003,7.81415265500001,7.936801910400391,8.180936,-33.471903517180294,-0.17613008959961007,0.0
2019-06-10,11.99,12.08,11.97,12.03,8.180936,424300,7.874916777777764,7.926010619047586,8.069769960000004,7.81391411000001,8.052183151245117,8.194536,-33.065809216582565,-0.1287528487548837,0.0
2019-06-11,12.05,12.09,12.0,12.05,8.194536,384600,7.924030888888875,7.927215333333301,8.073494340000003,7.81377261000001,8.134744644165039,8.174137,-32.49174569157645,0.0,0.059791355834960314
2019-06-12,12.0,12.1,12.0,12.02,8.174137,444100,7.965589222222208,7.931587095238062,8.075232800000002,7.813500070000011,8.184083938598633,8.136087,-31.91277921298974,0.0,-0.009946938598632826
2019-06-13,11.84,11.9,11.72,11.76,8.136087,479900,8.018031888888876,7.931070571428539,8.075421240000002,7.81292104000001,8.20104694366455,8.087655999999999,-30.263206261355858,0.0,-0.06495994366455093
2019-06-14,11.68,11.75,11.64,11.69,8.087655999999999,315900,8.071893777777763,7.930190714285682,8.074772560000001,7.81198362500001,8.195735931396484,7.907775999999998,-29.891052768208,0.0,-0.10807993139648531
2019-06-17,11.7,11.71,11.35,11.43,7.907775999999999,945200,8.085367777777762,7.92009738095235,8.07039478,7.81005965000001,8.136258125305176,7.9700440000000015,-28.81663932366425,0.22848212530517653,0.0
2019-06-18,11.45,11.6,11.45,11.52,7.9700440000000015,457500,8.08989266666665,7.914588571428541,8.066473340000002,7.80838890500001,8.091930389404297,7.921613000000002,-29.7575487030877,0.0,-0.12188638940429541
2019-06-19,11.48,11.56,11.45,11.45,7.921613000000002,282500,8.076190777777763,7.9151930476190175,8.061188760000002,7.8065050550000095,8.042202949523926,7.997716,-29.76241965481287,0.12058994952392421,0.0
2019-06-20,11.5,11.59,11.45,11.56,7.997716,428500,8.063388999999985,7.917478571428541,8.057689260000004,7.80503078000001,8.015366554260254,8.094573,-30.662919080793653,0.017650554260254303,0.0
2019-06-21,11.5,11.71,11.5,11.7,8.094573,241700,8.053793111111096,7.92858619047616,8.055995380000004,7.803895495000011,8.021121978759766,8.066899000000001,-31.44340189094217,0.0,0.07345102124023484
2019-06-24,11.71,11.76,11.63,11.66,8.066899000000001,308900,8.039611222222208,7.946471571428542,8.053748020000004,7.802621840000011,8.050532341003418,7.990799000000002,-30.955983353315457,0.0,0.016366658996583183
2019-06-25,11.69,11.69,11.5,11.55,7.990799000000001,256900,8.019240333333318,7.959761714285685,8.049243340000004,7.80102582000001,8.054182052612305,8.039227,-30.266822055304726,0.06338305261230381,0.0
2019-06-26,11.61,11.63,11.56,11.62,8.039227,230000,8.008478111111096,7.974062571428543,8.046375780000004,7.79973004000001,8.077567100524902,8.025391,-30.485653179647997,0.0,-0.038340100524902
2019-06-27,11.62,11.64,11.55,11.6,8.025391,270000,8.001559777777763,7.987056952380923,8.043097740000002,7.798306980000009,8.08141040802002,8.053063,-30.33266889637914,0.0560194080200187,0.0
2019-06-28,11.65,11.69,11.55,11.64,8.053063,564600,8.017702777777762,7.999102238095209,8.040506900000002,7.797022280000009,8.07236385345459,8.101492,-30.649795073414182,0.019300853454589983,0.0
2019-07-01,11.72,11.8,11.66,11.71,8.101492,686400,8.032308111111096,8.019930285714256,8.038884640000003,7.7960087750000095,8.078926086425781,8.156838,-31.0083169391479,-0.02256591357421911,0.0
2019-07-02,11.75,11.79,11.66,11.79,8.156838,321600,8.058444222222205,8.046308333333304,8.038636660000002,7.79513312500001,8.114575386047363,8.198352,-31.174084935985043,-0.042262613952637196,0.0
2019-07-03,11.8,11.85,11.78,11.85,8.198352,154100,8.080737111111095,8.065919857142827,8.038817840000002,7.7945537000000105,8.149871826171875,8.212188000000001,-31.2247103276635,-0.04848017382812486,0.0
2019-07-05,11.82,11.88,11.81,11.87,8.212188000000001,389100,8.093805444444428,8.079389761904732,8.039676860000002,7.79472300000001,8.188779830932617,8.267534,-31.012806816068935,-0.023408169067383966,0.0
2019-07-08,11.88,11.95,11.87,11.95,8.267534,428600,8.116098222222204,8.089989952380924,8.041642800000002,7.79493267500001,8.231200218200684,8.288288,-31.11966344601938,-0.0363337817993159,0.0
2019-07-09,11.97,12.0,11.92,11.98,8.288288,638500,8.149152555555538,8.09834023809521,8.044023820000001,7.794950645000011,8.265586853027344,8.322883000000001,-31.00511808825256,-0.022701146972655906,0.0
2019-07-10,12.02,12.04,11.98,12.03,8.322883000000001,543900,8.180669888888872,8.10509961904759,8.046963040000001,7.794905220000011,8.299327850341797,8.288288,-31.01140606532172,0.0,0.023555149658204044
2019-07-11,12.05,12.06,11.96,11.98,8.288288,704000,8.209880666666649,8.10956399999997,8.048408140000003,7.79498228500001,8.318367958068848,8.305887,-30.56454125151212,0.030079958068848,0.0
2019-07-12,11.69,11.81,11.66,11.8,8.305887,548300,8.237972222222204,8.11583780952378,8.049670400000002,7.79508825000001,8.33814525604248,8.29181,-29.33775206743661,0.0,-0.03225825604248023
2019-07-15,11.83,11.83,11.72,11.78,8.29181,256800,8.25911866666665,8.123253190476161,8.051453360000004,7.79515338500001,8.345158576965332,8.249578,-29.158246375506515,0.0,-0.05334857696533213
2019-07-16,11.73,11.77,11.7,11.72,8.249578,236200,8.269423111111093,8.130963761904733,8.051723160000002,7.795539185000009,8.337179183959961,8.263655,-28.86365883993208,0.0876011839599613,0.0
2019-07-17,11.72,11.75,11.69,11.74,8.263655,321900,8.276678999999982,8.14791038095235,8.052408200000004,7.795581725000009,8.32502555847168,8.256613,-29.08836832647632,0.0,-0.061370558471679715
2019-07-18,11.72,11.75,11.69,11.73,8.256613,259700,8.281615111111094,8.161556523809493,8.054022020000003,7.795500415000008,8.31688404083252,8.270694,-29.097322755050985,0.06027104083251977,0.0
2019-07-19,11.77,11.78,11.72,11.75,8.270694,151000,8.281966222222206,8.178179428571397,8.055382660000003,7.795312230000008,8.308961868286133,8.319963000000001,-29.285430908203125,0.038267868286132156,0.0
2019-07-22,11.79,11.82,11.75,11.82,8.319963000000001,220500,8.285485666666652,8.193524523809492,8.057996060000002,7.795281750000008,8.315223693847656,8.355161,-29.6512377847068,-0.00473930615234508,0.0
2019-07-23,11.8,11.89,11.79,11.87,8.355161,280200,8.289072111111095,8.205933476190445,8.061714540000002,7.795338635000008,8.336770057678223,8.432587,-29.76604837676307,-0.01839094232177807,0.0
2019-07-24,11.89,11.98,11.88,11.98,8.432587,224100,8.305105333333318,8.22334719047616,8.068719680000003,7.796255385000008,8.371142387390137,8.383315,-30.124020138646607,0.0,0.061444612609863114
2019-07-25,11.96,11.99,11.91,11.91,8.383315,194900,8.313708444444428,8.242038428571398,8.073447300000003,7.797221230000009,8.396662712097168,8.42555,-29.499053634784485,0.01334771209716834,0.0
2019-07-26,11.94,11.97,11.91,11.97,8.42555,166900,8.328568444444429,8.26043476190473,8.079835640000002,7.798634605000009,8.428462028503418,8.432587,-29.586783387607205,0.00291202850341854,0.0
2019-07-29,11.99,12.0,11.96,11.98,8.432587,221900,8.348902777777761,8.279825047619015,8.086092660000002,7.800112730000008,8.450902938842773,8.439625999999999,-29.45823924171308,0.018315938842773605,0.0
2019-07-30,11.98,11.99,11.96,11.99,8.439625999999999,248200,8.368455111111096,8.298232809523777,8.093170600000002,7.802926075000009,8.467094421386719,8.404432,-29.38203151470627,0.0,-0.02746842138672001
2019-07-31,12.0,12.01,11.92,11.94,8.404432,422300,8.38487944444443,8.312658523809493,8.10308086,7.806774825000009,8.460564613342285,8.383315,-29.140999888255564,0.0,-0.056132613342285254
2019-08-01,12.0,12.04,11.86,11.91,8.383315,910800,8.397392888888872,8.323443142857112,8.11175276,7.810105665000009,8.457514762878418,8.355161,-28.98812121848516,0.0,-0.07419976287841834
2019-08-02,11.94,11.94,11.76,11.87,8.355161,624100,8.40130377777776,8.330910238095207,8.121629720000001,7.813686995000008,8.443942070007324,8.179189,-28.863167059752953,0.0,-0.08878107000732349
2019-08-05,11.76,11.77,11.56,11.62,8.179189,1169000,8.381751333333316,8.329338857142826,8.131387380000001,7.815937000000008,8.390399932861328,8.256613,-27.79346013028117,0.21121093286132897,0.0
2019-08-06,11.66,11.76,11.65,11.73,8.256613,598900,8.36219866666665,8.328818809523778,8.142285520000001,7.8188751000000085,8.357172012329102,8.214379,-28.753861787475692,0.0,-0.1005590123291018
2019-08-07,11.68,11.72,11.58,11.67,8.214379,495300,8.343427999999982,8.325299333333302,8.151794920000002,7.8225952650000075,8.321978569030762,8.319963000000001,-28.68912965697719,0.10759956903076251,0.0
2019-08-08,11.69,11.85,11.68,11.82,8.319963000000001,503500,8.331696111111093,8.325160285714256,8.163144000000003,7.827084140000007,8.309959411621094,8.327003999999999,-29.69577485938161,-0.01000358837890758,0.0
2019-08-09,11.83,11.88,11.8,11.83,8.327003999999999,431600,8.31996466666665,8.327003904761874,8.173681840000002,7.8327519600000075,8.307565689086914,8.263655,-29.77543796207173,0.0,0.019438310913084678
2019-08-12,11.85,11.89,11.73,11.74,8.263655,568100,8.300412333333316,8.324992857142826,8.185672880000004,7.839036065000007,8.320272445678711,8.277733,-29.128854806825295,0.056617445678710965,0.0
2019-08-13,11.78,11.84,11.72,11.76,8.277733,724600,8.286334666666649,8.324322523809494,8.199169560000003,7.846173110000007,8.322993278503418,8.130877,-29.226247631773656,0.0,-0.045260278503418405
2019-08-14,11.35,11.52,11.3,11.35,8.130877,900200,8.258285999999982,8.318670095238065,8.206056900000004,7.850980675000006,8.303431510925293,8.073564999999999,-26.84201311960094,0.0,-0.17255451092529306
2019-08-15,11.38,11.4,11.21,11.27,8.073564999999999,441400,8.226997555555538,8.309618190476161,8.208941800000002,7.855802655000006,8.25456428527832,8.166692999999999,-26.756306253076122,0.18099928527832176,0.0
2019-08-16,11.25,11.45,11.25,11.4,8.166692999999999,426400,8.225609111111094,8.305336285714256,8.211377060000002,7.861331070000006,8.224173545837402,8.209677000000001,-27.858126790899984,0.057480545837403696,0.0
2019-08-19,11.47,11.58,11.44,11.46,8.209677000000001,322900,8.220393999999983,8.302430714285686,8.213311960000002,7.866532635000006,8.215353012084961,8.20251,-28.31280094166701,0.0,-0.005676012084959936
2019-08-20,11.45,11.5,11.42,11.45,8.20251,192300,8.219075222222207,8.296837714285685,8.213743440000004,7.870644925000006,8.202054977416992,8.238333,-28.366332074960766,-0.00045502258300800236,0.0
2019-08-21,11.46,11.54,11.46,11.5,8.238333,257400,8.210005222222206,8.291274476190447,8.214619380000004,7.8740634900000055,8.221637725830078,8.259822,-28.50749803626019,-0.01669527416992267,0.0
2019-08-22,11.5,11.54,11.46,11.53,8.259822,203700,8.202540555555538,8.283047571428543,8.216333080000004,7.877800185000005,8.258628845214844,8.145202000000001,-28.372689980790593,0.0,0.0011931547851560254
2019-08-23,11.49,11.53,11.35,11.37,8.145202000000001,417900,8.189379111111094,8.271708857142828,8.216515380000004,7.880783185000005,8.25179672241211,8.087892,-27.424830937448462,0.0,-0.10659472241210821
2019-08-26,11.45,11.45,11.2,11.29,8.087892,557200,8.16828566666665,8.255629904761877,8.216520100000004,7.882907780000005,8.224846839904785,7.966108000000001,-27.1492751115608,0.0,-0.13695483990478508
2019-08-27,11.26,11.3,11.03,11.12,7.966108,620900,8.149977999999983,8.23341661904759,8.217686740000005,7.883640910000005,8.175267219543457,8.073564999999999,-26.481409896191927,0.20915921954345684,0.0
2019-08-28,11.07,11.28,11.03,11.27,8.073564999999999,204800,8.149977999999983,8.215985142857114,8.219757160000004,7.884911325000004,8.143731117248535,8.152365,-27.73974163932089,0.07016611724853661,0.0
2019-08-29,11.3,11.38,11.28,11.38,8.152365,223600,8.148385999999984,8.203981952380925,8.224372200000003,7.886816515000004,8.125407218933105,8.21684,-28.59923357703774,-0.02695778106689417,0.0
2019-08-30,11.47,11.5,11.42,11.47,8.21684,312000,8.149181888888874,8.196054571428542,8.228754680000003,7.889435365000004,8.141773223876953,8.145202000000001,-29.016798396887943,0.0,0.07506677612304635
2019-09-03,11.41,11.47,11.33,11.37,8.145202000000001,540200,8.142814333333318,8.186056523809494,8.229767260000003,7.8914251400000035,8.152478218078613,8.231167999999998,-28.29834460792776,0.007276218078612118,0.0
2019-09-04,11.47,11.5,11.4,11.49,8.231167999999998,274000,8.142018222222207,8.188531714285684,8.233052640000004,7.894283210000003,8.204397201538086,8.324297,-28.595324616726842,-0.02677079846191255,0.0
2019-09-05,11.58,11.63,11.54,11.62,8.324297,363900,8.149182111111095,8.191754761904733,8.239722600000004,7.8976069250000025,8.25572395324707,8.367281,-28.952461676014877,-0.0685730467529293,0.0
2019-09-06,11.64,11.71,11.58,11.68,8.367281,375400,8.173857555555541,8.19903580952378,8.246283680000003,7.9011455600000025,8.300497055053711,8.395932,-28.934100556046992,-0.06678394494628925,0.0
2019-09-09,11.75,11.75,11.69,11.72,8.395932,409600,8.208084222222208,8.20265338095235,8.253694500000003,7.905624680000002,8.338090896606445,8.395932,-28.855879721788014,0.0,0.0
2019-09-10,11.69,11.75,11.65,11.72,8.395932,331500,8.255842444444431,8.205935666666637,8.260551880000003,7.911483640000001,8.387475967407227,8.367281,-28.434505397549266,0.0,0.00845603259277361
2019-09-11,11.74,11.74,11.65,11.68,8.367281,567200,8.288477555555541,8.210870238095207,8.265867660000003,7.916708735000002,8.413803100585938,8.345786,-27.964014549777932,0.0,-0.04652210058593731
2019-09-12,11.69,11.72,11.62,11.65,8.345786,550300,8.309968777777764,8.214110857142826,8.269646620000003,7.922194310000002,8.417433738708496,8.312972,-27.747349882330507,0.0,-0.07164773870849572
2019-09-13,11.44,11.5,11.4,11.4,8.312972,413500,8.320650111111098,8.222782047619017,8.271939020000003,7.926595920000002,8.406707763671875,8.276514,-26.25694944147478,0.0,-0.09373576367187475
2019-09-16,11.36,11.41,11.3,11.35,8.276514,428200,8.33524033333332,8.232446285714255,8.273225540000004,7.930539295000002,8.382519721984863,8.26193,-26.145200687358027,0.0,-0.10600572198486269
2019-09-17,11.32,11.36,11.31,11.33,8.26193,287600,8.33865833333332,8.236981380952349,8.273113460000003,7.933796490000002,8.357091903686523,8.26193,-26.239259455547014,0.0,0.0
2019-09-18,11.33,11.36,11.28,11.33,8.26193,284000,8.331728666666654,8.239469619047588,8.272586300000002,7.936685735000001,8.33545970916748,8.240052,-26.430187915556218,0.0,-0.07352970916748092
2019-09-19,11.34,11.35,11.28,11.3,8.240052,331600,8.317592111111098,8.241257333333303,8.270929680000002,7.9388830000000015,8.313220024108887,8.240052,-26.43168120257623,0.0,0.0
2019-09-20,11.36,11.37,11.26,11.3,8.240052,251200,8.300272111111099,8.24133919047616,8.269964960000003,7.940466995000003,8.298585891723633,8.225469,-26.56118679890591,0.0,-0.058533891723632436
2019-09-23,11.28,11.31,11.27,11.28,8.225469,234900,8.281331777777766,8.239703333333301,8.268356600000002,7.942928635000003,8.287720680236816,8.196299,-26.52729893407077,0.0,-0.06225168023681604
2019-09-24,11.26,11.32,11.23,11.24,8.196299,245200,8.262333777777764,8.242136523809492,8.266446380000001,7.945735025000002,8.274272918701172,8.086919,-26.385472253548294,0.0,-0.0779739187011721
2019-09-25,11.23,11.26,11.02,11.09,8.086919,1102300,8.233570777777764,8.242090190476157,8.263193200000003,7.948485110000003,8.234319686889648,8.145255,-25.750047909020303,0.14740068688964847,0.0
2019-09-26,11.09,11.18,11.05,11.17,8.145255,365400,8.214935555555542,8.250620999999967,8.260825200000005,7.9516801950000024,8.216508865356445,8.145255,-26.44128142026459,0.0,0.0
2019-09-27,11.2,11.23,11.1,11.17,8.145255,281200,8.200351222222208,8.254034809523777,8.258598040000004,7.954752615000002,8.199296951293945,8.283805000000001,-26.595371966929765,0.054041951293944734,0.0
2019-09-30,11.18,11.39,11.15,11.36,8.283805000000001,573800,8.202781777777764,8.260293857142823,8.258860260000004,7.958088525000003,8.213045120239258,8.247344,-27.70206760352766,0.0,0.07075987976074316
2019-10-01,11.43,11.5,11.28,11.31,8.247344,425700,8.201161111111096,8.261746428571396,8.257407880000006,7.961282755000003,8.22720718383789,8.16713,-27.25723091213183,0.0,0.020136816162109383
2019-10-02,11.26,11.32,11.06,11.2,8.16713,613500,8.193058666666651,8.262790619047584,8.253647260000005,7.965357550000004,8.238080978393555,8.203594,-26.44570555005754,0.07095097839355446,0.0
2019-10-03,11.11,11.26,11.09,11.25,8.203594,331400,8.18900777777776,8.261477571428538,8.249067400000005,7.970771250000004,8.250690460205078,8.240052,-26.66052924262153,0.047096460205077406,0.0
2019-10-04,11.26,11.33,11.25,11.3,8.240052,216100,8.190628111111094,8.25746590476187,8.246202140000005,7.977211245000004,8.271203994750977,8.26193,-26.803504471230298,0.031151994750976186,0.0
2019-10-07,11.31,11.39,11.31,11.33,8.26193,329100,8.197920444444428,8.252449190476156,8.242929740000005,7.984917225000004,8.266786575317383,8.189007,-27.036305601788325,0.0,-0.00485657531738326
2019-10-08,11.32,11.32,11.22,11.23,8.189007,482700,8.20926355555554,8.242595619047586,8.238058140000005,7.9946030350000035,8.254829406738281,8.174425,-26.493059601618157,0.0,-0.0658224067382811
2019-10-09,11.27,11.3,11.2,11.21,8.174425,334200,8.21250466666665,8.232047666666634,8.232754120000005,8.004934885000004,8.254498481750488,8.196299,-26.364866353697703,0.0800734817504889,0.0
2019-10-10,11.27,11.33,11.21,11.24,8.196299,648200,8.218176222222205,8.223905666666635,8.228591460000006,8.015407360000005,8.251178741455078,8.229724000000001,-26.590936463922795,0.054879741455078346,0.0
2019-10-11,11.09,11.14,11.01,11.08,8.229724000000001,729300,8.212167222222204,8.218378904761874,8.225519640000005,8.024233935000005,8.249382972717285,8.229724000000001,-25.547085083779013,0.0,0.0
2019-10-14,11.08,11.12,11.06,11.08,8.229724000000001,228200,8.210209444444427,8.214414714285684,8.223010900000006,8.031841405000005,8.246366500854492,8.229724000000001,-25.574309559074983,0.0,0.0
2019-10-15,11.04,11.19,11.04,11.08,8.229724000000001,380000,8.217164333333317,8.21218661904759,8.224021600000004,8.038417305000005,8.254889488220215,8.162873,-25.497387290431273,0.0,-0.025165488220213916
2019-10-16,11.06,11.07,10.99,10.99,8.162873,578900,8.212639777777762,8.207469619047588,8.222146800000004,8.044283855000005,8.252567291259766,8.148022000000001,-24.908395893905684,0.0,-0.08969429125976625
2019-10-17,11.0,11.05,10.95,10.97,8.148022000000001,335600,8.202414222222206,8.202045428571397,8.220819660000004,8.049482225000006,8.242083549499512,8.18516,-24.867059712857692,0.09406154949951073,0.0
2019-10-18,10.95,11.03,10.92,11.02,8.18516,369500,8.193884222222206,8.199431523809492,8.218123600000004,8.055522730000005,8.23095417022705,8.148022000000001,-25.30894582371097,0.0,-0.04579417022705101
2019-10-21,11.02,11.02,10.94,10.97,8.148022000000001,414500,8.189330333333317,8.195049142857112,8.214543960000004,8.060408500000005,8.215441703796387,8.18516,-25.10992065819156,0.06741970379638573,0.0
2019-10-22,11.0,11.08,10.98,11.02,8.18516,457000,8.190523111111094,8.193129666666636,8.212974060000004,8.065011070000004,8.207228660583496,8.207442,-25.52424082955085,0.022068660583496325,0.0
2019-10-23,11.05,11.06,11.02,11.05,8.207442,241600,8.191761222222205,8.193660285714254,8.211568240000004,8.069568750000004,8.216176986694336,8.244579,-25.645457133987914,0.00873498669433559,0.0
2019-10-24,11.07,11.14,11.04,11.1,8.244579,297000,8.193411777777762,8.201167904761872,8.213842280000003,8.073843240000004,8.236286163330078,8.296572,-25.799223753783078,-0.008292836669921755,0.0
2019-10-25,11.08,11.19,11.08,11.17,8.296572,253500,8.200839333333315,8.208373476190443,8.218302420000004,8.078502725000003,8.259899139404297,8.296572,-26.052827758242643,0.0,0.0
2019-10-28,11.19,11.22,11.15,11.17,8.296572,318900,8.20826688888887,8.215579047619016,8.220900000000006,8.083005925000004,8.289381980895996,8.281716000000001,-25.78888110209493,0.0,0.007190019104003298
2019-10-29,11.1,11.19,11.1,11.15,8.281716000000001,300300,8.221471666666648,8.215479571428538,8.222340780000005,8.087800655000002,8.307746887207031,8.326283,-25.49105930756026,0.026030887207030062,0.0
2019-10-30,11.15,11.22,11.14,11.21,8.326283,236600,8.241278444444426,8.219238571428539,8.224816240000004,8.092531930000003,8.33206844329834,8.304,-25.672895242655315,0.0,-0.005785443298339743
2019-10-31,11.21,11.21,11.15,11.18,8.304,345000,8.254482888888871,8.225756190476158,8.226129580000004,8.096960925000005,8.3433256149292,8.341137,-25.372758363781756,0.03932561492919895,0.0
2019-11-01,11.2,11.29,11.18,11.23,8.341137,479200,8.275940111111094,8.232305857142824,8.227755880000004,8.101639220000004,8.352071762084961,8.36342,-25.627143703606762,0.010934762084961136,0.0
2019-11-04,11.19,11.29,11.18,11.26,8.36342,737500,8.295746777777762,8.238180523809492,8.232120240000006,8.106142640000003,8.364274978637695,8.393129,-25.716918484567536,0.0008549786376956803,0.0
2019-11-05,11.26,11.3,11.24,11.3,8.393129,358000,8.316378666666651,8.244428095238062,8.238224980000005,8.111144520000003,8.388320922851562,8.36342,-25.767071479189717,0.0,0.004808077148437562
2019-11-06,11.29,11.3,11.24,11.26,8.36342,375600,8.329583222222206,8.252733476190443,8.246171220000004,8.115711565000003,8.397629737854004,8.378277,-25.420695045701564,0.034209737854004274,0.0
2019-11-07,11.26,11.3,11.25,11.28,8.378277,390600,8.33866155555554,8.26244071428568,8.252265460000006,8.120289270000004,8.413562774658203,8.430268,-25.411677529625855,0.035285774658202484,0.0
2019-11-08,11.3,11.35,11.27,11.35,8.430268,489000,8.353516666666652,8.27358209523806,8.257823520000006,8.125095120000005,8.431462287902832,8.452549000000001,-25.71398865283848,0.0011942879028321585,0.0
2019-11-11,11.35,11.38,11.31,11.38,8.452549000000001,481400,8.372498111111096,8.284192809523775,8.262537700000006,8.129980570000004,8.447554588317871,8.445124,-25.768413107927323,0.0,0.0049944116821301066
2019-11-12,11.38,11.39,11.36,11.37,8.445124,489900,8.385702666666651,8.294449952380917,8.268536140000007,8.134574415000005,8.458678245544434,8.415413000000001,-25.605292475422743,0.0,-0.01355424554443374
2019-11-13,11.37,11.37,11.32,11.33,8.415413000000001,569000,8.398081888888873,8.30329228571425,8.272221040000007,8.138288050000005,8.468931198120117,8.404067,-25.252151825947777,0.0,-0.05351819812011627
2019-11-14,11.16,11.18,11.09,11.11,8.404067,535800,8.405074111111094,8.314777714285679,8.273816440000006,8.141658665000005,8.474052429199219,8.388938000000001,-23.725900727279754,0.0,-0.06998542919921924
2019-11-15,11.15,11.15,11.09,11.09,8.388938000000001,399900,8.407909444444426,8.32624990476187,8.274249580000006,8.144635530000006,8.465999603271484,8.396502,-23.660959393404106,0.07706160327148304,0.0
2019-11-18,11.1,11.12,11.07,11.1,8.396502,420100,8.408284222222203,8.336313809523775,8.274260980000006,8.147395730000005,8.455012321472168,8.366246,-23.82871782457506,0.0,-0.05851032147216806
2019-11-19,11.09,11.1,10.95,11.06,8.366246,612100,8.408598222222203,8.346705428571394,8.273667260000005,8.149781985000006,8.438312530517578,8.381372,-23.70422666801467,0.07206653051757783,0.0
2019-11-20,11.1,11.1,11.05,11.08,8.381372,443400,8.408942111111093,8.356048857142822,8.273949080000005,8.151989395000005,8.431403160095215,8.419196000000001,-23.904303609248963,0.05003116009521413,0.0
2019-11-21,11.09,11.13,11.05,11.13,8.419196000000001,205800,8.40771188888887,8.366132380952346,8.275417280000006,8.154767635000006,8.435465812683105,8.419196000000001,-24.209651278678304,0.0,0.0
2019-11-22,11.11,11.13,11.08,11.13,8.419196000000001,220500,8.404005999999981,8.374447476190442,8.277541760000005,8.157673115000005,8.442619323730469,8.449453,-24.145378942224006,0.023423323730467516,0.0
2019-11-25,11.13,11.19,11.12,11.17,8.449453,364700,8.404486999999982,8.38172752380949,8.281000540000006,8.160666255000006,8.453479766845703,8.509967999999999,-24.31978722609039,0.004026766845703023,0.0
2019-11-26,11.2,11.26,11.17,11.25,8.509967999999999,263800,8.414993111111094,8.391889238095203,8.285961300000006,8.163484825000006,8.4815034866333,8.509967999999999,-24.60885789659288,0.0,0.0
2019-11-27,11.25,11.25,11.2,11.25,8.509967999999999,232600,8.426759888888872,8.402758380952346,8.290922060000007,8.166017100000007,8.506669044494629,8.525097,-24.38516404893663,-0.0032989555053699604,0.0
2019-11-29,11.26,11.29,11.24,11.27,8.525097,262400,8.44188866666665,8.412225714285679,8.296622960000006,8.168576505000006,8.528678894042969,8.517531,-24.324055953478535,0.0,-0.003581894042968159
2019-12-02,11.29,11.3,11.26,11.26,8.517531,399400,8.455336333333317,8.422393857142822,8.302172540000008,8.171227430000005,8.548107147216797,8.487275,-24.08430597498404,0.0,-0.03057614721679691
2019-12-03,11.2,11.24,11.12,11.22,8.487275,599700,8.468783999999983,8.429352809523774,8.307408660000007,8.173824095000006,8.553399085998535,8.525097,-23.766496559727855,0.06612408599853481,0.0
2019-12-04,11.23,11.3,11.22,11.27,8.525097,342600,8.48475344444443,8.43705171428568,8.313984620000008,8.176739205000006,8.557384490966797,8.517531,-24.0693479062396,0.0,-0.032287490966796284
2019-12-05,11.25,11.28,11.23,11.26,8.517531,335200,8.49567955555554,8.442975619047584,8.322596860000008,8.179842860000006,8.559962272644043,8.540224,-23.97902066923585,0.042431272644043005,0.0
2019-12-06,11.26,11.32,11.26,11.29,8.540224,491400,8.509127111111095,8.451394857142823,8.330496240000008,8.182898275000007,8.563773155212402,8.562919,-24.14727054727721,0.023549155212402084,0.0
2019-12-09,11.31,11.35,11.27,11.32,8.562919,624600,8.521734444444427,8.460187333333298,8.338849520000007,8.186002495000006,8.572783470153809,8.570483,-24.268697260125368,0.009864470153807758,0.0
2019-12-10,11.35,11.35,11.31,11.33,8.570483,430500,8.528458333333315,8.466864238095203,8.344583080000008,8.189112210000005,8.588972091674805,8.532662,-24.19265585459131,0.0,-0.01848909167480528
2019-12-11,11.34,11.36,11.27,11.28,8.532662,448100,8.530979888888872,8.470679142857106,8.35028944000001,8.192000475000006,8.59114933013916,8.547789999999999,-23.83732863351808,0.058487330139159965,0.0
2019-12-12,11.28,11.33,11.27,11.3,8.547789999999999,466500,8.533501333333316,8.475567999999964,8.35790264000001,8.195061395000005,8.598014831542969,8.559345,-23.911373172186124,0.05022483154296964,0.0
2019-12-13,11.09,11.19,11.06,11.11,8.559345,694700,8.538147333333315,8.48242190476187,8.36501766000001,8.197986080000005,8.600735664367676,8.582459,-22.58563758444936,0.041390664367675356,0.0
2019-12-16,11.11,11.14,11.09,11.14,8.582459,476000,8.548723333333315,8.490916761904726,8.371865800000009,8.200961645000005,8.604525566101074,8.597866,-22.760093661570252,0.02206656610107416,0.0
2019-12-17,11.12,11.21,11.11,11.16,8.597866,393800,8.556808777777759,8.500865714285679,8.37858452000001,8.203981920000006,8.611392974853516,8.590163,-22.83698051206527,0.0,-0.013526974853515839
2019-12-18,11.18,11.19,11.15,11.15,8.590163,231900,8.564878999999982,8.510087666666632,8.38660764000001,8.206931330000005,8.624493598937988,8.582459,-22.650281623874548,0.0,-0.034330598937987844
2019-12-19,11.13,11.2,11.12,11.14,8.582459,328900,8.56957177777776,8.520383523809489,8.394768320000011,8.210100925000004,8.631695747375488,8.628684,-22.51619616359526,0.04923674737548822,0.0
2019-12-20,11.16,11.2,11.14,11.2,8.628684,419700,8.576878999999982,8.53216028571425,8.40341602000001,8.213307615000005,8.643628120422363,8.636389,-22.82474892480032,0.014944120422363483,0.0
2019-12-23,11.2,11.26,11.19,11.21,8.636389,680100,8.58420188888887,8.542502809523775,8.411549320000011,8.216229455000006,8.652406692504883,8.651794,-22.815283742150918,0.016017692504883385,0.0
2019-12-24,11.25,11.26,11.23,11.23,8.651794,213900,8.597438777777759,8.553578904761869,8.419990720000012,8.219001970000006,8.664898872375488,8.667205000000001,-22.84150603405621,0.01310487237548763,0.0
2019-12-26,11.23,11.28,11.21,11.25,8.667205000000001,300300,8.610707111111092,8.563948047619013,8.428740340000013,8.221786850000006,8.68182373046875,8.659500999999999,-22.828233506944446,0.0,-0.014618730468749064
2019-12-27,11.27,11.3,11.22,11.24,8.659500999999999,573800,8.621835555555537,8.571068666666632,8.438672900000013,8.224714025000008,8.69672966003418,8.659500999999999,-22.62696031998061,0.0,0.0
2019-12-30,11.24,11.25,11.22,11.24,8.659500999999999,271600,8.630395777777759,8.578189285714252,8.448902480000012,8.227805585000008,8.704010009765625,8.636389,-22.56218852521686,0.0,-0.04450900976562622
2019-12-31,11.25,11.26,11.21,11.21,8.636389,419300,8.634676111111093,8.583488904761872,8.457927060000012,8.230913070000009,8.701333999633789,8.690317,-22.378822483195464,0.06494499963378964,0.0
2020-01-02,11.22,11.32,11.22,11.28,8.690317,614700,8.645804333333313,8.591716809523778,8.468772960000011,8.23419157500001,8.709113121032715,8.682613,-22.79155034545465,0.0,-0.018796121032714552
2020-01-03,11.26,11.3,11.23,11.27,8.682613,450100,8.656932555555535,8.601018619047586,8.478722020000012,8.23743156000001,8.713611602783203,8.705727,-22.683126860841142,0.03099860278320321,0.0
2020-01-06,11.26,11.31,11.24,11.3,8.705727,539900,8.665492888888869,8.609620047619014,8.488687720000012,8.240622750000009,8.721931457519531,8.698021,-22.81476586265902,0.0,-0.0162044575195317
2020-01-07,11.29,11.3,11.27,11.29,8.698021,572700,8.672340888888868,8.618214809523778,8.497756560000012,8.244071270000008,8.730851173400879,8.721135,-22.66739438971763,0.03283017340087824,0.0
2020-01-08,11.29,11.32,11.28,11.32,8.721135,582600,8.680045444444424,8.626829619047587,8.506247820000011,8.24806274500001,8.748265266418457,8.744247999999999,-22.718504713617875,0.027130266418456728,0.0
2020-01-09,11.32,11.36,11.3,11.35,8.744247999999999,504000,8.68860577777776,8.635464333333303,8.515201340000011,8.252071155000008,8.759134292602539,8.775064,-22.82701063786309,0.014886292602540152,0.0
2020-01-10,11.37,11.41,11.35,11.39,8.775064,622700,8.701446111111093,8.645206285714254,8.52506830000001,8.256398020000008,8.778120994567871,8.8444,-22.931334551642927,0.0030569945678706745,0.0
2020-01-13,11.4,11.49,11.4,11.48,8.8444,875900,8.721990444444426,8.660050952380923,8.53543064000001,8.260940070000009,8.805450439453125,8.950111,-23.297470039606928,-0.03894956054687526,0.0
2020-01-14,11.35,11.43,11.32,11.43,8.950111,764600,8.756848444444426,8.679209095238065,8.548352860000012,8.265649040000008,8.856964111328125,8.934452,-22.51125011961395,0.0,0.0931468886718747
2020-01-15,11.42,11.44,11.38,11.41,8.934452,449700,8.783974555555538,8.697071333333302,8.560219160000011,8.269885230000009,8.902022361755371,8.918791,-21.980522684002008,0.0,0.03242963824462919
2020-01-16,11.39,11.45,11.37,11.39,8.918791,407300,8.810216555555538,8.71308714285711,8.571326580000012,8.273845860000009,8.939001083374023,8.965772,-21.518866695574864,0.020210083374022858,0.0
2020-01-17,11.4,11.45,11.39,11.45,8.965772,417100,8.839110444444428,8.730606476190443,8.582779440000012,8.27807427000001,8.977783203125,8.973603,-21.5914130731441,0.012011203125000591,0.0
2020-01-21,11.38,11.46,11.38,11.46,8.973603,532900,8.86973066666665,8.748865523809492,8.594983100000013,8.282308960000009,9.001232147216797,8.973603,-21.45521686547298,0.0,0.0
2020-01-22,11.41,11.46,11.4,11.46,8.973603,373300,8.89778266666665,8.767491428571397,8.606889620000011,8.286346395000008,9.005057334899902,9.012753,-21.42183826439876,0.03145433489990168,0.0
2020-01-23,11.45,11.52,11.42,11.51,9.012753,513100,8.927616555555538,8.785780428571396,8.61853932000001,8.290480950000008,9.020498275756836,9.004926,-21.629033225396732,0.0,-0.007745275756835923
2020-01-24,11.52,11.58,11.44,11.5,9.004926,648700,8.95315677777776,8.803329809523778,8.629586860000012,8.294642125000008,9.03706169128418,8.910959,-21.416854858398438,0.0,-0.03213569128418037
2020-01-27,11.41,11.44,11.33,11.38,8.910959,1148700,8.960552222222207,8.815670999999968,8.638903560000012,8.298300585000009,9.023164749145508,8.989263000000003,-20.710327336155473,0.11220574914550774,0.0
2020-01-28,11.41,11.48,11.41,11.48,8.989263000000003,363700,8.964902444444428,8.831007095238064,8.650380560000011,8.302350565000008,9.02876091003418,8.981434,-21.35225688123537,0.0,-0.0394979100341768
2020-01-29,11.52,11.6,11.43,11.47,8.981434,450000,8.970122666666652,8.846337238095206,8.661927900000011,8.30617757000001,9.032185554504395,8.981434,-21.253831259769886,0.0,0.0
2020-01-30,11.45,11.48,11.4,11.47,8.981434,455500,8.977082999999986,8.86166738095235,8.67377782000001,8.31017171500001,9.027865409851074,8.871807,-21.291495990836324,0.0,-0.04643140985107408
2020-01-31,11.5,11.5,11.3,11.33,8.871807,1263400,8.966642444444432,8.872877761904729,8.68328392000001,8.31358428500001,8.997641563415527,8.94228,-20.585687878062426,0.1258345634155269,0.0
2020-02-03,11.36,11.44,11.35,11.42,8.94228,475300,8.963162111111098,8.884875999999968,8.69480460000001,8.31738266000001,9.00179386138916,8.997093,-21.1751851016711,0.05951386138915993,0.0
2020-02-04,11.48,11.5,11.46,11.49,8.997093,364000,8.965772111111098,8.899851238095206,8.707119020000011,8.32145510000001,9.006246566772461,9.059736,-21.61665303070095,0.009153566772461375,0.0
2020-02-05,11.54,11.6,11.54,11.57,9.059736,564500,8.97099244444443,8.916708809523778,8.71992982000001,8.32590759500001,9.024251937866211,9.067565,-22.003008315763086,-0.035484062133788186,0.0
2020-02-06,11.62,11.62,11.54,11.58,9.067565,521500,8.97795233333332,8.93430614285711,8.73289720000001,8.33029895500001,9.044731140136719,9.083228,-21.893513470321945,-0.022833859863281347,0.0
2020-02-07,11.56,11.63,11.54,11.6,9.083228,755900,8.99709333333332,8.951548666666634,8.745572700000011,8.33486891000001,9.08172607421875,9.216345,-21.70925798087284,-0.0015019257812500797,0.0
2020-02-10,11.62,11.77,11.6,11.77,9.216345,958500,9.022324666666654,8.974029476190443,8.75970024000001,8.340104450000009,9.135714530944824,9.200684,-22.38135487727422,0.0,0.08063046905517623
2020-02-11,11.78,11.83,11.71,11.75,9.200684,790000,9.046685777777762,8.99429709523806,8.77351456000001,8.345261685000008,9.178287506103516,9.263326,-21.88691484167221,-0.022396493896485126,0.0
2020-02-12,11.8,11.84,11.75,11.83,9.263326,938000,9.078007111111097,9.014245952380918,8.788279140000009,8.350698705000008,9.219781875610352,9.22753,-22.064396655871924,0.0,0.04354412438964772
2020-02-13,11.63,11.72,11.59,11.6,9.22753,818500,9.117531888888873,9.027456380952348,8.80247912000001,8.355756190000008,9.253863334655762,9.235484,-20.225316080553775,0.02633333465576193,0.0
2020-02-14,11.61,11.65,11.6,11.61,9.235484,440200,9.150110111111097,9.041791238095204,8.81744330000001,8.36071974000001,9.28631591796875,9.187755,-20.01450544385228,0.0,-0.05083191796875042
2020-02-18,11.6,11.61,11.51,11.55,9.187755,560600,9.171294777777762,9.054599047619014,8.830696460000008,8.365645205000009,9.279794692993164,9.211618,-19.655457203522396,0.09203969299316483,0.0
2020-02-19,11.56,11.61,11.56,11.58,9.211618,334400,9.188170555555539,9.066305999999965,8.844578200000008,8.370522855000008,9.282755851745605,9.171844,-19.838032368345377,0.0,-0.07113785174560583
2020-02-20,11.58,11.58,11.51,11.53,9.171844,481100,9.199757111111094,9.075746047619013,8.857210600000007,8.375235060000009,9.262397766113281,9.1798,-19.666975142122446,0.09055376611328114,0.0
2020-02-21,11.54,11.57,11.52,11.54,9.1798,306600,9.210487333333315,9.085564952380919,8.869548220000008,8.38025445000001,9.25161075592041,8.996839999999997,-19.830062773653285,0.0,-0.07181075592040997
2020-02-24,11.32,11.39,11.2,11.31,8.996839999999997,1698300,9.18609788888887,9.084807190476155,8.878075360000008,8.38422534000001,9.196353912353516,8.567285,-18.68829432048174,0.0,-0.19951391235351856
2020-02-25,11.36,11.38,10.46,10.77,8.567285,2468600,9.115720222222203,9.063967142857107,8.878767820000007,8.38611530000001,9.060530662536621,8.5116,-15.872510097153004,0.0,-0.49324566253662105
2020-02-26,10.7,11.2,10.64,10.7,8.5116,1775100,9.032195111111093,9.044950047619013,8.878044020000006,8.387827115000011,8.919464111328125,7.986586,-16.64052232403621,0.0,-0.4078641113281254
2020-02-27,10.45,10.63,9.8,10.04,7.986586,2738900,8.894312444444427,8.997203523809489,8.866588840000006,8.38734839500001,8.675382614135742,7.724079,-13.591806632114114,0.0,-0.6887966141357422
2020-02-28,9.48,9.77,9.18,9.71,7.724079,4555800,8.726378555555538,8.93732947619044,8.849421240000005,8.38523412000001,8.376789093017578,8.447962,-13.73028740455636,0.6527100930175784,0.0
2020-03-02,9.72,10.65,9.72,10.62,8.447962,1915300,8.644179333333318,8.91192604761901,8.846423160000006,8.38694326500001,8.281644821166992,8.257047,-22.018410346826812,0.0,0.16631717883300823
2020-03-03,10.88,10.95,10.3,10.38,8.257047,1978100,8.538115888888873,8.882651761904725,8.839760840000006,8.38762982000001,8.226141929626465,8.527511,-20.75007774926335,-0.03090507037353518,0.0
2020-03-04,10.73,10.81,10.49,10.72,8.527511,892100,8.466523333333319,8.86290085714282,8.838661880000007,8.38983873000001,8.251007080078125,8.320688,-23.031650372405554,0.0,0.2765039199218755
2020-03-05,10.4,10.67,10.35,10.46,8.320688,1036400,8.37106644444443,8.830691095238057,8.832501960000007,8.39189757500001,8.324081420898438,8.066133,-20.41987169313158,0.0,-0.003393420898436972
2020-03-06,9.97,10.19,9.95,10.14,8.066133,1381300,8.267654555555541,8.78337666666663,8.821096840000006,8.39247964000001,8.370866775512695,7.350204,-17.447073219795907,0.0,-0.30473377551269465
2020-03-09,8.65,9.62,8.5,9.24,7.350204,1763100,8.13242333333332,8.701597571428534,8.795065040000006,8.38992409500001,8.140002250671387,7.684305999999999,-11.904737546846466,0.789798250671387,0.0
2020-03-10,9.86,9.95,9.34,9.66,7.6843059999999985,1250500,8.040501777777763,8.634982238095201,8.775407060000006,8.389889095000012,8.016240119934082,7.49339,-17.016147826769338,0.0,-0.3319341199340835
2020-03-11,9.37,9.61,9.33,9.42,7.49339,1122200,7.985702222222208,8.552936761904725,8.752084840000006,8.388797515000011,7.810814380645752,6.403587000000001,-17.08264988698777,0.0,-0.3174243806457522
2020-03-12,8.51,8.7,7.82,8.05,6.403587,2995400,7.838980888888874,8.41974166666663,8.706966560000007,8.382120905000011,7.414132595062256,6.88803,-7.898973974381923,1.010545595062256,0.0
2020-03-13,8.27,8.49,7.9,8.46,6.8880300000000005,1361400,7.665655111111096,8.306632333333296,8.671999380000006,8.377798510000012,7.181562900543213,5.89472,-15.111549638969123,0.0,-0.29353290054321235
2020-03-16,7.4,8.07,7.01,7.24,5.89472,1552800,7.403174333333319,8.147927095238057,8.616087440000006,8.368271550000014,6.8778791427612305,6.187827,-5.001669298878035,0.9831591427612301,0.0
2020-03-17,7.41,7.9,7.15,7.6,6.187827,1420400,7.143209444444429,8.002800571428534,8.566191720000008,8.360890170000012,6.578829288482666,5.096817,-13.436456730491233,0.0,-0.3910022884826656
2020-03-18,7.15,7.4,5.58,6.26,5.096817,3314000,6.7850015555555405,7.807993999999961,8.494013520000006,8.348359760000013,6.089038848876953,5.373639,-2.7310088038825344,0.9922218488769534,0.0
2020-03-19,5.91,7.0,5.52,6.6,5.373639,2392700,6.48583555555554,7.625233095238056,8.427525880000008,8.336295405000014,5.86591100692749,5.552761,-11.12256050109863,0.4922720069274904,0.0
2020-03-20,7.0,7.44,6.78,6.82,5.552761,1086700,6.286119666666651,7.452895809523771,8.364158400000006,8.324412610000014,5.608804225921631,5.251512000000001,-17.759468828128583,0.0,-0.05604322592163058
2020-03-23,6.82,6.89,6.15,6.45,5.251512,1659700,6.015809222222206,7.265834476190437,8.294303680000008,8.310445520000012,5.481024742126465,6.138976,-15.022872215093571,0.22951274212646489,0.0
2020-03-24,6.94,7.6,6.88,7.54,6.138976,1147200,5.8653187777777624,7.129745714285677,8.241581920000009,8.300575740000014,5.490586280822754,6.5460699999999985,-27.180553304738016,-0.6483897191772465,0.0
2020-03-25,7.72,8.4,7.5,8.04,6.5460699999999985,1215600,5.881150222222207,7.033497380952342,8.195615320000007,8.292401410000014,5.780665874481201,6.896172000000001,-28.101170715407935,-0.7654041255187973,0.0
2020-03-26,8.23,8.89,8.23,8.47,6.896172,1193700,5.882054888888873,6.956572238095201,8.154536540000008,8.285909590000013,6.0904436111450195,6.611205,-28.09393611399033,0.0,0.8057283888549804
2020-03-27,8.34,8.52,8.09,8.12,6.611205,985400,5.961664333333317,6.891077904761868,8.108071600000006,8.278094930000014,6.311701774597168,6.529787000000002,-22.269682578852603,0.0,0.29950322540283203
2020-03-30,8.0,8.24,7.92,8.02,6.529787000000002,937000,5.999659888888873,6.834206857142822,8.060291520000007,8.270063430000013,6.561887741088867,6.611205,-18.18095085924105,0.032100741088865625,0.0
2020-03-31,8.03,8.37,8.03,8.12,6.611205,744300,6.167925222222205,6.746742238095203,8.013200180000005,8.262681175000013,6.654773235321045,6.2366790000000005,-18.044664589642295,0.0,-0.043568235321044924
2020-04-01,7.75,8.08,7.61,7.66,6.2366790000000005,1072100,6.26381855555554,6.6505342380952035,7.958461700000004,8.254325690000012,6.586381435394287,6.391373999999999,-14.015908154121579,0.3497024353942866,0.0
2020-04-02,7.56,7.9,7.55,7.85,6.391374,482000,6.356997777777762,6.548813428571394,7.906817120000004,8.246432340000014,6.485794544219971,6.318097,-17.37841344942712,0.0,-0.09442054421997081
2020-04-03,7.66,7.86,7.64,7.76,6.318097,536600,6.475507222222207,6.453451952380918,7.852924000000005,8.238414760000014,6.425836563110352,6.749617,-17.192827794969695,0.10773956311035171,0.0
2020-04-06,8.05,8.37,8.03,8.29,6.749617,797300,6.543356222222207,6.390760714285681,7.807817820000005,8.232174265000014,6.470610618591309,6.855461,-21.946795915665753,-0.27900638140869116,0.0
2020-04-07,8.6,8.9,8.38,8.42,6.855461,895300,6.577732999999985,6.36720152380949,7.766707860000005,8.225978705000013,6.524517059326172,7.181138000000002,-22.511673879736676,-0.33094394067382815,0.0
2020-04-08,8.65,8.88,8.53,8.82,7.181138000000002,709200,6.609395888888875,6.343241142857109,7.730545360000004,8.221549900000014,6.716710090637207,7.580089,-23.846824369192664,-0.46442790936279454,0.0
2020-04-09,8.99,9.33,8.97,9.31,7.580089,891400,6.717049666666652,6.347369666666633,7.702518460000005,8.219496350000014,6.962878704071045,7.637083,-25.21075505831316,-0.6172102959289552,0.0
2020-04-13,9.32,9.45,9.18,9.38,7.637083,1338900,6.840082555555542,6.406107571428537,7.675631440000005,8.217485630000015,7.229889392852783,7.740902,-22.922287922678226,-0.4071936071472164,0.0
2020-04-14,9.34,9.34,9.11,9.32,7.740902,628000,6.965604444444431,6.446720523809491,7.6530133400000055,8.216063185000015,7.434377193450928,7.524955000000001,-20.232004362114512,0.0,0.30652480654907244
2020-04-15,9.05,9.17,8.87,9.06,7.524955,918200,7.1087462222222095,6.524350761904729,7.624666840000006,8.213422645000016,7.566603660583496,7.500037,-16.48340330481793,0.0,-0.04164866058349581
2020-04-16,9.03,9.15,8.9,9.03,7.500037,781900,7.231930999999987,6.586836952380919,7.594725720000006,8.210415370000016,7.629544258117676,7.583096000000001,-15.508922944433262,0.12950725811767594,0.0
2020-04-17,9.17,9.34,9.01,9.13,7.583096,365900,7.372486444444432,6.705231190476158,7.5651929200000065,8.207546660000014,7.631719589233398,7.450203999999998,-16.410519285504954,0.0,-0.04862358923339816
2020-04-20,9.01,9.08,8.84,8.97,7.4502039999999985,422100,7.4503294444444315,6.804115238095205,7.532845700000006,8.203805920000015,7.590040683746338,7.209339,-15.38416183114451,0.0,-0.1398366837463394
2020-04-21,8.83,8.87,8.55,8.68,7.209339,591600,7.489649222222209,6.8829999047618715,7.495367920000006,8.198791675000017,7.482394695281982,7.450203999999998,-13.797296137304347,0.2730556952819825,0.0
2020-04-22,8.8,8.99,8.76,8.97,7.4502039999999985,409000,7.5195454444444305,6.98769952380949,7.460045100000006,8.194705025000015,7.465422630310059,7.4751210000000015,-16.77343778918553,0.0152186303100601,0.0
2020-04-23,8.93,9.07,8.9,9.0,7.4751210000000015,350500,7.50788233333332,7.051325476190442,7.425533840000005,8.190639190000015,7.458828449249268,7.508344,-17.124128341674805,-0.01629255075073388,0.0
2020-04-24,8.96,9.09,8.96,9.04,7.508344,160900,7.493577999999985,7.097148047619013,7.390434200000005,8.186566495000015,7.447760105133057,7.641235000000002,-17.613273173306887,-0.06058389486694349,0.0
2020-04-27,9.14,9.25,9.05,9.2,7.641235000000001,358200,7.482503888888873,7.132627238095203,7.358708300000005,8.183331230000016,7.488640785217285,7.740902,-18.601730595464286,-0.15259421478271573,0.0
2020-04-28,9.25,9.37,9.23,9.32,7.740902,396000,7.506497999999984,7.186422333333299,7.3288166600000055,8.180506305000016,7.594326972961426,7.80735,-18.515805011143502,-0.1465750270385744,0.0
2020-04-29,9.4,9.49,9.34,9.4,7.80735,466400,7.540643888888872,7.247258666666632,7.301208560000005,8.178084005000017,7.666666507720947,7.8239600000000005,-18.43971800296865,-0.1406834922790523,0.0
2020-04-30,9.39,9.47,9.31,9.42,7.82396,420000,7.567406555555539,7.305008904761869,7.273455400000006,8.175955915000017,7.7374043464660645,7.699375,-17.86194961288679,0.0,0.08655565353393513
2020-05-01,9.31,9.39,9.25,9.27,7.699375,470100,7.595092222222206,7.374661095238059,7.244006020000005,8.173134515000017,7.775862216949463,7.699375,-16.11799118716868,0.0,0.0
2020-05-04,9.2,9.28,9.13,9.27,7.699375,448100,7.649540666666651,7.4369468571428206,7.214397520000005,8.170348325000015,7.786780834197998,7.782431,-16.000206750830653,0.08740583419799819,0.0
2020-05-05,9.28,9.41,9.28,9.37,7.782431,310000,7.6864547777777625,7.506677047619012,7.190109340000004,8.167907010000016,7.795589447021484,7.848875999999999,-16.802673991232815,0.013158447021484498,0.0
2020-05-06,9.43,9.49,9.41,9.45,7.848876,323500,7.727983111111096,7.559022714285677,7.175741160000004,8.165551575000016,7.8047637939453125,7.9485449999999975,-17.40990694237764,-0.04411220605468724,0.0
2020-05-07,9.5,9.58,9.47,9.57,7.948544999999998,357000,7.776894333333319,7.611074333333296,7.164480060000004,8.163518495000016,7.831956386566162,8.031602000000001,-18.161375270990995,-0.11658861343383631,0.0
2020-05-08,9.64,9.69,9.61,9.67,8.031602000000001,416300,7.820268444444431,7.651572619047582,7.165380380000005,8.161513570000016,7.899452209472656,8.189409,-18.309697937201072,-0.132149790527345,0.0
2020-05-11,9.73,9.9,9.7,9.86,8.189409,1082800,7.870102555555541,7.680587857142821,7.174686980000005,8.160544040000017,7.995638847351074,8.081435,-18.908328120171657,0.0,0.19377015264892528
2020-05-12,9.92,9.97,9.7,9.73,8.081435,971800,7.90055644444443,7.701747476190441,7.167356440000004,8.158823465000017,8.05578899383545,7.9651570000000005,-17.206690710838142,0.0,0.025646006164551594
2020-05-13,9.73,9.82,9.5,9.59,7.965157,1201500,7.916244999999986,7.71242628571425,7.161518640000004,8.156486315000018,8.077632904052734,7.927045,-15.770251261181079,0.0,-0.11247590405273478
2020-05-14,9.24,9.43,9.06,9.36,7.927045,625600,7.941541666666653,7.731573428571393,7.149509320000004,8.153923410000017,8.075813293457031,7.8254160000000015,-13.719943445971882,0.0,-0.14876829345703158
2020-05-15,9.35,9.38,9.21,9.24,7.8254160000000015,399800,7.955546222222209,7.747067666666631,7.139603880000005,8.151028330000017,8.037142753601074,8.045613000000001,-13.017935567087942,0.21172675360107274,0.0
2020-05-18,9.49,9.64,9.43,9.5,8.045613000000001,455700,7.984788666666653,7.769092285714249,7.139193480000005,8.149339820000016,8.008964538574219,8.096428,-15.695110120271384,-0.036648461425782486,0.0
2020-05-19,9.55,9.61,9.46,9.56,8.096428,343200,8.01229444444443,7.799864857142821,7.154117960000004,8.148046155000017,8.013750076293945,8.181116000000001,-16.1741623818625,-0.0826779237060542,0.0
2020-05-20,9.64,9.67,9.61,9.66,8.181116000000001,391700,8.038135666666655,7.846139952380916,7.164054160000004,8.148055790000017,8.055487632751465,8.206526,-16.609858874208438,-0.12562836724853632,0.0
2020-05-21,9.64,9.73,9.64,9.69,8.206526,321400,8.057571666666654,7.8821552857142505,7.178316880000004,8.147805355000017,8.11259651184082,8.24887,-16.27867376841258,-0.0939294881591799,0.0
2020-05-22,9.72,9.74,9.64,9.74,8.24887,308800,8.06417844444443,7.919000476190441,7.2152225400000045,8.147977810000016,8.19737720489502,8.333561,-15.838016376847849,-0.051492795104980615,0.0
2020-05-26,9.85,9.9,9.81,9.84,8.333561,347100,8.09219244444443,7.95829652380949,7.244133160000003,8.148045800000016,8.255260467529297,8.469066999999999,-16.105076549499014,-0.07830053247070268,0.0
2020-05-27,9.91,10.01,9.88,10.0,8.469066999999999,399000,8.14818244444443,7.997717095238061,7.295620100000003,8.148756115000015,8.330965995788574,8.545287,-16.690340042114258,-0.1381010042114248,0.0
2020-05-28,10.03,10.15,10.0,10.09,8.545287,624300,8.216875999999985,8.03602114285711,7.342769300000002,8.150164275000016,8.404035568237305,8.655385,-16.70926096890679,-0.1412514317626954,0.0
2020-05-29,10.15,10.22,10.06,10.22,8.655385,439900,8.309094777777762,8.076403761904729,7.413940660000003,8.152052535000017,8.496166229248047,8.773952,-16.867258030841032,-0.1592187707519539,0.0
2020-06-01,10.2,10.38,10.13,10.36,8.773952,759200,8.390021333333316,8.121641476190442,7.481946920000002,8.155267910000015,8.601914405822754,8.900989,-16.969938167734032,-0.17203759417724562,0.0
2020-06-02,10.4,10.51,10.4,10.51,8.900989,511100,8.479416999999982,8.178861190476157,7.548911480000003,8.159405030000016,8.71838665008545,9.044963,-17.04674928558088,-0.18260234991454993,0.0
2020-06-03,10.6,10.79,10.6,10.68,9.044963,744400,8.57539999999998,8.242936809523776,7.624780500000003,8.163796380000017,8.835594177246094,9.019556,-17.269717441515976,0.0,0.20936882275390545
2020-06-04,10.68,10.7,10.57,10.65,9.019556,523800,8.665736666666648,8.30184752380949,7.682392100000003,8.167845775000016,8.931727409362793,9.171999,-16.134014935560632,-0.08782859063720672,0.0
2020-06-05,10.79,10.89,10.77,10.83,9.171999,736600,8.768306555555537,8.364853380952347,7.734910680000002,8.172693220000015,9.03636646270752,9.282097,-16.561713179062608,-0.13563253729248004,0.0
2020-06-08,10.92,10.96,10.9,10.96,9.282097,734200,8.873699444444425,8.428355857142824,7.782629180000003,8.177912040000017,9.137877464294434,9.248221,-16.625205617751526,0.0,0.14421953570556667
2020-06-09,10.92,10.94,10.88,10.92,9.248221,582000,8.960272111111092,8.486290095238061,7.835369500000004,8.182854035000016,9.209043502807617,9.205875,-15.668099791139037,0.0,0.03917749719238195
2020-06-10,10.95,10.95,10.86,10.87,9.205875,661800,9.03367077777776,8.534693238095205,7.888891260000004,8.188157400000017,9.240743637084961,8.629978,-14.988558996458496,0.0,-0.03486863708496024
2020-06-11,10.67,10.67,10.17,10.19,8.629978,1633300,9.030847777777758,8.5608143333333,7.929266720000004,8.190867830000016,9.153955459594727,8.703294999999999,-10.16726732488001,0.5239774595947271,0.0
2020-06-12,10.3,10.36,9.71,10.09,8.703294999999999,1176600,9.022996999999982,8.595963761904727,7.978599040000005,8.194553765000016,9.056012153625488,8.599789,-10.247649617190401,0.0,-0.3527171536254894
2020-06-15,9.79,10.05,9.51,9.97,8.599789,668200,8.989530333333315,8.627999190476155,8.022767340000005,8.197184885000018,8.919466972351074,8.755051,-10.53694109978863,0.31967797235107476,0.0
2020-06-16,10.3,10.31,10.01,10.15,8.755051,375900,8.957317888888872,8.67226752380949,8.071506420000004,8.200198315000018,8.8261137008667,8.763675,-13.043214769786218,0.0710627008666993,0.0
2020-06-17,10.24,10.32,10.1,10.16,8.763675,294700,8.92888666666665,8.706460952380919,8.111787580000003,8.202932490000018,8.745709419250488,8.858559,-13.920182881392835,-0.017965580749510934,0.0
2020-06-18,10.1,10.28,10.1,10.27,8.858559,275300,8.894059999999982,8.742752904761872,8.151849540000004,8.206499275000018,8.788960456848145,8.849933,-14.421027684049223,0.0,0.0695985431518551
2020-06-19,10.32,10.35,10.2,10.26,8.849933,395100,8.846041777777762,8.7746013333333,8.185225440000005,8.209593100000017,8.816012382507324,8.824056,-14.073953386868181,0.0,0.03392061749267583
2020-06-22,10.26,10.28,10.1,10.23,8.824056,363200,8.798912333333316,8.80400752380949,8.210104780000005,8.212091895000018,8.858711242675781,8.841308,-13.404582183032446,0.034655242675780684,0.0
2020-06-23,10.26,10.35,10.21,10.25,8.841308,293300,8.75840488888887,8.832218857142824,8.234189280000004,8.214462030000018,8.876028060913086,8.711922999999999,-13.404604283774772,0.0,-0.034720060913086215
2020-06-24,10.22,10.23,10.0,10.1,8.711922999999999,569400,8.767509888888872,8.850236095238062,8.253609700000005,8.216041985000018,8.863399505615234,8.711922999999999,-12.24356925133431,0.0,0.0
2020-06-25,9.99,10.1,9.7,10.1,8.711922999999999,583000,8.768468555555538,8.861800666666634,8.277349060000006,8.21762194000002,8.833154678344727,8.582536,-12.543022986685873,0.0,-0.12123167834472781
2020-06-26,10.07,10.08,9.88,9.95,8.582536,474700,8.766551555555539,8.863574428571395,8.298999040000005,8.21869821500002,8.778525352478027,8.651542,-11.773614547959518,0.19598935247802807,0.0
2020-06-29,9.93,10.04,9.87,10.03,8.651542,430400,8.755050555555538,8.863391428571395,8.320367960000006,8.220226995000019,8.744248390197754,8.815431,-12.81905892125868,0.09270639019775473,0.0
2020-06-30,10.09,10.24,10.09,10.22,8.815431,487000,8.760801222222206,8.865366619047585,8.347672500000005,8.22273929000002,8.741913795471191,8.953441999999997,-14.462683018872887,-0.07351720452880883,0.0
2020-07-01,10.25,10.42,10.23,10.38,8.953441999999997,493500,8.77134377777776,8.867864380952346,8.382554560000006,8.22612393000002,8.792204856872559,9.013822,-15.296677679455126,-0.16123714312743864,0.0
2020-07-02,10.5,10.54,10.37,10.45,9.013822,546500,8.789553666666649,8.866381476190442,8.413826920000005,8.229883390000019,8.854691505432129,9.143206,-15.26610999586479,-0.15913049456787043,0.0
2020-07-06,10.6,10.6,10.49,10.6,9.143206,464200,8.82501477777776,8.872269571428538,8.447188620000006,8.23428977000002,8.968731880187988,9.117329,-15.389321885018974,0.0,0.174474119812011
2020-07-07,10.57,10.62,10.55,10.57,9.117329,381400,8.85568377777776,8.869666238095204,8.479368320000006,8.238676155000018,9.06289291381836,9.203585,-14.258345186202847,-0.05443608618164042,0.0
2020-07-08,10.63,10.68,10.6,10.67,9.203585,440600,8.910312888888871,8.865927571428537,8.510615320000005,8.243493820000019,9.14071273803711,9.203585,-14.332589146793726,0.0,0.0
2020-07-09,10.7,10.71,10.57,10.67,9.203585,557000,8.964941999999983,8.863802047619014,8.539868980000005,8.248384400000019,9.19019889831543,9.220837,-13.868801327877883,-0.013386101684570662,0.0
2020-07-10,10.63,10.72,10.61,10.69,9.220837,642900,9.035864333333315,8.86451452380949,8.568138720000006,8.253507090000019,9.230192184448242,9.255338,-13.655826151092212,0.009355184448242682,0.0
2020-07-13,10.74,10.83,10.71,10.73,9.255338,940700,9.10295277777776,8.894293571428538,8.596766280000004,8.259349185000017,9.25129222869873,9.180733,-13.781060310356663,0.0,0.004045771301269596
2020-07-14,10.47,10.5,10.38,10.46,9.180733,644500,9.14354188888887,8.917028714285681,8.626393440000005,8.264526575000017,9.264896392822266,9.207066,-11.425464695771845,0.08416339282226559,0.0
2020-07-15,10.54,10.58,10.4,10.49,9.207066,450500,9.171722333333316,8.945946666666634,8.656547260000005,8.269835630000019,9.267671585083008,9.110519,-11.652320447254455,0.0,-0.060605585083008506
2020-07-16,10.45,10.46,10.38,10.38,9.110519,389600,9.182466444444426,8.962873714285681,8.683109020000007,8.273969200000018,9.250031471252441,9.128071,-10.886016654600764,0.13951247125244137,0.0
2020-07-17,10.43,10.51,10.4,10.4,9.128071,413500,9.180784777777761,8.980225904761872,8.708692920000006,8.278372835000019,9.231494903564453,9.198289,-11.235625927264877,0.10342390356445286,0.0
2020-07-20,10.45,10.5,10.41,10.48,9.198289,367600,9.189780333333317,8.99640352380949,8.733687800000006,8.283528630000017,9.218727111816406,9.259727,-12.035046642973226,0.020438111816405424,0.0
2020-07-21,10.5,10.6,10.5,10.55,9.259727,357200,9.196018333333317,9.01591752380949,8.758250300000004,8.288809295000018,9.234170913696289,9.286057,-12.47231361425319,-0.025556086303710757,0.0
2020-07-22,10.58,10.6,10.54,10.58,9.286057,242000,9.205181888888871,9.037917571428537,8.780183260000005,8.294039320000017,9.251784324645996,9.277279,-12.554023396540682,0.0,0.03427267535400347
2020-07-23,10.6,10.6,10.52,10.57,9.277279,320400,9.211453222222204,9.058678095238061,8.804100140000005,8.299116065000018,9.28518295288086,9.321168,-12.155317380502751,0.007903952880859322,0.0
2020-07-24,10.59,10.65,10.52,10.62,9.321168,389500,9.218767666666649,9.087689761904729,8.831220360000005,8.304776870000017,9.32293701171875,9.365052,-12.21339913635828,0.00176901171874988,0.0
2020-07-27,10.68,10.73,10.63,10.67,9.365052,335300,9.239247555555538,9.11879114285711,8.859980500000004,8.310730005000018,9.356197357177734,9.373829,-12.313051947725077,-0.008854642822266001,0.0
2020-07-28,10.7,10.74,10.65,10.68,9.373829,455700,9.25777677777776,9.156471761904728,8.890948760000004,8.31661765500002,9.378495216369629,9.382605,-12.186374378561524,0.004666216369628273,0.0
2020-07-29,10.7,10.72,10.69,10.69,9.382605,320600,9.288008555555539,9.191284285714252,8.917688600000005,8.322382060000018,9.39922046661377,9.426491,-12.074644839908606,0.01661546661376967,0.0
2020-07-30,10.7,10.74,10.57,10.74,9.426491,508400,9.321166333333316,9.220382380952348,8.944289860000005,8.328365895000019,9.42866039276123,9.452821,-12.2098659891878,0.002169392761230071,0.0
2020-07-31,10.76,10.8,10.68,10.77,9.452821,653100,9.349447666666649,9.2441623333333,8.969723960000005,8.33448138000002,9.454146385192871,9.531814,-12.21776801120825,0.0013253851928709537,0.0
2020-08-03,10.8,10.88,10.8,10.86,9.531814,658700,9.379679555555537,9.268828619047586,8.996229720000006,8.341326085000018,9.488326072692871,9.593253,-12.630514984411864,-0.04348792730712958,0.0
2020-08-04,10.89,10.99,10.89,10.93,9.593253,488200,9.413812444444426,9.290259428571394,9.023117380000006,8.348552240000018,9.533758163452148,9.645914,-12.774399236485372,-0.05949483654785226,0.0
2020-08-05,10.99,11.0,10.96,10.99,9.645914,467400,9.454771888888871,9.315430142857108,9.049364440000007,8.355856010000018,9.58885669708252,9.689799,-12.749256623452961,-0.0570573029174799,0.0
2020-08-06,10.99,11.05,10.96,11.04,9.689799,593900,9.49573088888887,9.338583190476156,9.073779080000007,8.363564895000017,9.64237117767334,9.760015,-12.659681361654524,-0.04742782232666087,0.0
2020-08-07,11.05,11.15,11.04,11.12,9.760015,536700,9.539615666666647,9.365079857142822,9.098073640000006,8.371439170000018,9.703810691833496,9.882893,-12.735515361209563,-0.056204308166503125,0.0
2020-08-10,11.19,11.29,11.18,11.26,9.882893,881200,9.596178333333313,9.396606333333299,9.122623800000007,8.379816425000019,9.772249221801758,9.891672,-13.212706733554548,-0.11064377819824145,0.0
2020-08-11,11.32,11.4,11.25,11.27,9.891672,995700,9.652741333333314,9.426907952380919,9.144978200000008,8.38805189000002,9.83150577545166,9.996995,-12.763923909035842,-0.06016622454833964,0.0
2020-08-12,11.37,11.45,11.35,11.39,9.996995,882900,9.716130666666647,9.465777571428537,9.166898320000008,8.396554005000018,9.903331756591797,10.001454,-13.052398976367021,-0.0936632434082032,0.0
2020-08-13,11.25,11.29,11.2,11.21,10.001454,700200,9.777089888888868,9.503605571428537,9.186028140000008,8.405078415000018,9.96748161315918,9.974691,-11.084017723825344,0.0,0.033972386840821045
2020-08-14,11.23,11.23,11.18,11.18,9.974691,395400,9.826298444444424,9.544756619047584,9.205130840000008,8.413543290000018,10.013750076293945,9.867626,-10.431573557299235,0.0,-0.03905907629394534
2020-08-17,11.23,11.24,10.95,11.06,9.867626,1077200,9.856784333333312,9.579973523809489,9.219043380000008,8.421250005000017,10.006953239440918,9.867626,-9.521218449901287,0.0,0.0
2020-08-18,11.09,11.13,11.02,11.06,9.867626,419300,9.881418999999978,9.611846714285681,9.230753960000007,8.429068135000017,10.001823425292969,9.823017,-9.56760013297497,0.0,-0.13419742529296919
2020-08-19,11.04,11.08,11.0,11.01,9.823017,377300,9.896220999999978,9.638670047619014,9.242249880000006,8.436477535000018,9.966232299804688,9.787332,-9.480178930021003,0.0,-0.1432152998046874
2020-08-20,11.0,11.0,10.83,10.97,9.787332,606500,9.8992562222222,9.662540285714252,9.253879020000007,8.443597095000019,9.922107696533203,9.707032,-9.552345519296239,0.0,-0.13477569653320387
2020-08-21,10.92,10.95,10.85,10.88,9.707032,428900,9.879716111111088,9.68300471428568,9.275420100000007,8.450166610000018,9.870657920837402,9.715955,-9.277041168773883,0.16362592083740246,0.0
2020-08-24,10.92,10.97,10.88,10.89,9.715955,487100,9.860191999999977,9.701804095238062,9.295673300000006,8.456929285000019,9.836674690246582,9.769486,-9.672408721335339,0.1207196902465828,0.0
2020-08-25,10.85,11.0,10.85,10.95,9.769486,429900,9.8349132222222,9.721062857142824,9.319067240000006,8.463885330000018,9.817938804626465,9.921159,-10.338458405237757,0.048452804626464285,0.0
2020-08-26,10.98,11.12,10.96,11.12,9.921159,406200,9.825991555555534,9.747126190476157,9.342389400000007,8.471339785000017,9.839882850646973,9.974691,-11.511844868282614,-0.08127614935302674,0.0
2020-08-27,11.12,11.19,11.1,11.18,9.974691,279000,9.825991555555532,9.775320761904728,9.366609720000007,8.478950495000015,9.87913703918457,9.983612,-11.635625767579869,-0.09555396081542966,0.0
2020-08-28,11.19,11.27,11.19,11.19,9.983612,393400,9.838878888888864,9.801850333333299,9.389110780000006,8.486642935000015,9.93504524230957,10.063909,-11.214966556661567,-0.048566757690430506,0.0
2020-08-31,11.26,11.31,11.21,11.28,10.063909,590900,9.860688111111086,9.830949761904728,9.413390300000007,8.494885415000017,10.00328254699707,10.11744,-11.31841713655079,-0.06062645300293035,0.0
2020-09-01,11.3,11.37,11.28,11.34,10.11744,565100,9.893401777777752,9.85883671428568,9.439257980000006,8.503452280000015,10.071990966796875,10.224504,-11.181737506200395,-0.04544903320312521,0.0
2020-09-02,11.35,11.52,11.34,11.46,10.224504,875600,9.94197644444442,9.88889628571425,9.466921900000006,8.512630110000016,10.131547927856445,10.046065,-11.592077418355633,0.0,0.09295607214355428
2020-09-03,11.41,11.46,11.24,11.26,10.046065,1061600,9.979646777777752,9.90795109523806,9.493604740000006,8.520877925000015,10.144886016845703,10.054987,-9.903321342400503,0.09882101684570266,0.0
2020-09-04,11.29,11.37,10.98,11.27,10.054987,1189500,10.017316999999975,9.925340999999966,9.520466020000006,8.529321630000016,10.157711029052734,9.83194,-9.869467355343968,0.0,-0.10272402905273381
2020-09-08,11.15,11.15,11.01,11.02,9.83194,1166500,10.024256333333309,9.928765999999964,9.545454100000006,8.536574470000016,10.109613418579102,10.108519,-8.261221247013593,0.2776734185791021,0.0
2020-09-09,11.13,11.39,11.13,11.33,10.108519,822300,10.045074111111086,9.93951009523806,9.574593640000005,8.545021085000014,10.111298561096191,10.001454,-10.756411640810315,0.0,-0.0027795610961920403
2020-09-10,11.39,11.43,11.21,11.21,10.001454,978200,10.048047777777754,9.944737809523774,9.598314100000005,8.552932375000013,10.068943977355957,10.046065,-10.178911887993253,0.0674899773559563,0.0
2020-09-11,11.3,11.31,11.13,11.26,10.046065,1135200,10.054986999999976,9.94707447619044,9.620166560000007,8.560915435000014,10.069177627563477,10.105027,-10.575687144196475,0.023112627563476096,0.0
2020-09-14,11.19,11.24,11.11,11.14,10.105027,724600,10.059555666666645,9.952006523809489,9.641990660000006,8.568890730000014,10.081823348999023,10.050599,-9.498892737890278,0.0,0.023203651000976322
2020-09-15,11.18,11.22,11.04,11.08,10.050599,523300,10.052128888888866,9.955621190476156,9.660138520000006,8.576593885000014,10.124395370483398,9.978032,-8.624590519102902,0.0,-0.07379637048339838
2020-09-16,11.06,11.1,11.0,11.0,9.978032,584700,10.02474311111109,9.960878619047586,9.677352580000004,8.583858560000014,10.099745750427246,9.896395,-8.18412954157049,0.0,-0.12171375042724542
2020-09-17,10.9,10.98,10.85,10.91,9.896395,1006900,10.00811311111109,9.962248571428537,9.691208780000006,8.590752880000014,10.075043678283691,9.896395,-7.653128521689356,0.0,0.0
2020-09-18,11.0,11.0,10.9,10.91,9.896395,720500,9.990491777777756,9.96574276190473,9.705064980000005,8.597798480000014,10.0422945022583,9.778472,-7.953304287274972,0.0,-0.14589950225830073
2020-09-21,10.85,10.88,10.69,10.78,9.778472,1330900,9.984550888888869,9.965320857142824,9.716217680000005,8.604065355000014,9.972993850708008,9.896395,-7.486142386753168,0.1945218507080071,0.0
2020-09-22,10.84,10.91,10.8,10.91,9.896395,493500,9.960981555555534,9.97433814285711,9.729038820000005,8.610959675000014,9.947295188903809,9.75126,-8.8240587634848,0.0,-0.05090018890380854
2020-09-23,10.92,10.98,10.73,10.75,9.75126,556900,9.933182222222202,9.976019333333301,9.740449360000007,8.617014855000013,9.904525756835938,9.669621,-7.8648766805959305,0.0,-0.15326575683593724
2020-09-24,10.69,10.74,10.59,10.66,9.669621,707100,9.89135511111109,9.971263857142825,9.749700460000007,8.622548365000014,9.857508659362793,9.678692,-7.52806135682183,0.1878876593627936,0.0
2020-09-25,10.66,10.7,10.59,10.67,9.678692,540700,9.843984555555535,9.959717809523779,9.761063920000005,8.628089410000014,9.815309524536133,9.86011,-8.010220013719467,0.13661752453613296,0.0
2020-09-28,10.88,10.93,10.8,10.87,9.86011,500900,9.822819111111091,9.95426157142854,9.775704700000007,8.634726650000013,9.828128814697266,9.914536,-9.584831511524689,-0.03198118530273497,0.0
2020-09-29,10.94,10.97,10.9,10.93,9.914536,427200,9.81576399999998,9.950972238095208,9.790029640000007,8.641560380000014,9.83509349822998,10.059672,-10.017442834126435,-0.07944250177001955,0.0
2020-09-30,10.97,11.13,10.93,11.09,10.059672,583200,9.83390588888887,9.950770476190446,9.806028540000007,8.649062015000014,9.89887809753418,10.114097,-10.740504079944275,-0.16079390246582115,0.0
2020-10-01,11.17,11.21,11.05,11.15,10.114097,588400,9.858094999999981,9.950611285714254,9.822589340000006,8.656720205000013,9.987556457519531,9.996175,-10.42550262314322,0.0,0.12654054248046798
2020-10-02,10.82,11.12,10.82,11.02,9.996175,751400,9.882284222222202,9.939738476190445,9.836967260000005,8.663711750000013,10.048710823059082,10.159451,-8.813876378774205,0.05253582305908289,0.0
2020-10-05,11.15,11.2,11.08,11.2,10.159451,456100,9.911512666666646,9.945137809523779,9.853732920000006,8.671558190000013,10.109709739685059,10.050599,-9.734734467097686,0.0,0.04974126031494208
2020-10-06,11.17,11.26,11.05,11.08,10.050599,770500,9.944772555555536,9.944928857142825,9.867443860000005,8.678898890000013,10.135422706604004,10.132239,-8.525065824873613,0.08482370660400385,0.0
2020-10-07,11.21,11.21,11.1,11.17,10.132239,538600,9.996174555555534,9.959228809523777,9.882612060000007,8.686416665000014,10.15108871459961,10.159451,-9.121855733217462,0.018849714599609158,0.0
2020-10-08,11.2,11.22,11.16,11.2,10.159451,433100,10.049592222222202,9.96165414285711,9.898148980000006,8.694031975000012,10.162209510803223,10.150381,-9.265986510685506,0.0,-0.0027585108032219807
2020-10-09,11.24,11.25,11.17,11.19,10.150381,699600,10.081844555555534,9.968745904761873,9.912626780000005,8.701524910000012,10.19066047668457,10.241091,-8.930648108270145,0.04027947668457088,0.0
2020-10-12,11.26,11.31,11.22,11.29,10.241091,838700,10.118128444444423,9.978032857142827,9.928392180000005,8.709394340000012,10.20792007446289,10.241091,-9.584410323623636,0.0,0.0
2020-10-13,11.3,11.31,11.26,11.29,10.241091,791200,10.13828611111109,9.984512095238065,9.942577720000005,8.717302290000013,10.24461841583252,10.218035,-9.259358584300086,0.0,-0.003527415832518699
2020-10-14,11.08,11.14,11.04,11.08,10.218035,702500,10.149834777777755,9.992485238095208,9.955073360000005,8.725094960000012,10.262537956237793,10.181147,-7.377816279442302,0.0,-0.044502956237792546
2020-10-15,11.01,11.07,11.0,11.04,10.181147,421300,10.1703872222222,10.002157380952351,9.965778020000005,8.732818750000012,10.269816398620605,10.098149,-6.976300737132189,0.0,-0.08866939862060619
2020-10-16,11.03,11.06,10.93,10.95,10.098149,558200,10.163575888888865,10.011764714285684,9.973945020000004,8.739857910000012,10.258419036865234,9.987485,-6.31580788250927,0.0,-0.160270036865235
2020-10-19,10.9,10.94,10.83,10.83,9.987485,734200,10.156563222222198,10.016102333333302,9.978494420000004,8.746382270000012,10.20494270324707,10.033594,-5.771535519417633,0.2174577032470708,0.0
2020-10-20,10.85,10.96,10.83,10.88,10.033594,369500,10.145602666666642,10.028250999999969,9.981508440000004,8.753021605000013,10.163418769836426,10.024371,-6.586224541944623,0.0,-0.129824769836425
2020-10-21,10.88,10.93,10.85,10.87,10.024371,398400,10.130593777777754,10.034345095238063,9.984162420000002,8.759653355000014,10.12429428100586,10.033594,-6.860218206017846,0.09992328100585901,0.0
2020-10-22,10.9,10.9,10.84,10.88,10.033594,344600,10.117617444444422,10.047789571428538,9.984894400000002,8.766215650000014,10.09681510925293,10.116593,-7.198390539954697,0.0632211092529289,0.0
2020-10-23,10.93,11.04,10.85,10.97,10.116593,564700,10.10378433333331,10.069073952380919,9.987197180000003,8.773077375000012,10.100573539733887,10.079704,-7.925491889390282,0.0,0.016019460266113228
2020-10-26,10.96,10.98,10.81,10.93,10.079704,972600,10.08585244444442,10.088169761904728,9.989297440000001,8.779600575000012,10.114623069763184,10.098149,-7.45999021259667,0.03491906976318404,0.0
2020-10-27,10.91,11.04,10.89,10.95,10.098149,459000,10.072531777777753,10.099504952380919,9.993907900000002,8.785869320000012,10.129685401916504,9.913708,-7.4914575167442505,0.0,-0.03153640191650453
2020-10-28,10.8,10.83,10.66,10.75,9.913708,1112000,10.04281633333331,10.09946552380949,9.994829540000001,8.790687305000013,10.10429859161377,10.042817,-6.006524729174237,0.1905905916137698,0.0
2020-10-29,10.73,10.95,10.69,10.89,10.042817,473600,10.036668333333308,10.098662904761872,9.999225540000003,8.796229130000013,10.109413146972656,9.932152,-7.167923351949902,0.0,-0.06659614697265681
2020-10-30,10.88,10.88,10.71,10.77,9.932152,817400,10.030520222222199,10.089998857142826,10.002121940000002,8.801295935000013,10.072493553161621,9.729266,-6.4763829790007295,0.0,-0.14034155316162078
2020-11-02,10.81,10.85,10.41,10.55,9.729266,1683600,9.996705999999977,10.077288904761874,10.002566620000001,8.805113405000013,9.994752883911133,9.913708,-5.263005839704909,0.26548688391113195,0.0
2020-11-03,10.66,10.78,10.65,10.75,9.913708,638200,9.984410111111087,10.065586857142828,10.00652168,8.809813930000013,9.9640474319458,10.024371,-7.311186679573946,0.05033943194580104,0.0
2020-11-04,10.94,10.99,10.83,10.87,10.024371,694600,9.98338533333331,10.064337904761874,10.011619379999999,8.815067770000015,9.985651016235352,10.23648,-8.135685223225831,-0.0387199837646488,0.0
2020-11-05,10.98,11.17,10.95,11.1,10.23648,799900,9.996706111111088,10.06930176190473,10.0179258,8.821186405000015,10.030753135681152,10.199592,-9.632854633503129,0.0,0.2057268643188479
2020-11-06,11.1,11.11,10.95,11.06,10.199592,524500,10.010026999999976,10.071213238095208,10.02242382,8.827159735000015,10.089655876159668,10.347144,-8.773455007597942,-0.10993612384033291,0.0
2020-11-09,11.22,11.36,11.1,11.22,10.347144,1303200,10.03769311111109,10.080582904761874,10.02969446,8.834340660000015,10.204804420471191,10.384033,-9.048088944107034,-0.1423395795288087,0.0
2020-11-10,11.24,11.27,11.17,11.26,10.384033,761300,10.089951444444422,10.087389666666635,10.03609694,8.841314510000014,10.300477027893066,10.384033,-8.521518402370635,0.0,0.0
2020-11-11,11.28,11.3,11.2,11.26,10.384033,797200,10.127864333333312,10.094196428571397,10.0414288,8.848327505000015,10.372406005859375,10.365588,-7.88271753233237,0.0,0.011626994140625513
2020-11-12,11.22,11.29,11.19,11.24,10.365588,1085000,10.176023888888867,10.10122276190473,10.04425048,8.855248275000013,10.397339820861816,10.445288,-7.496976682724055,0.031751820861815716,0.0
2020-11-13,11.06,11.15,11.02,11.14,10.445288,860400,10.255581888888868,10.113800904761872,10.05223494,8.863115680000014,10.44894027709961,10.3609,-6.203408643630082,0.0,-0.003652277099609691
2020-11-16,11.11,11.13,11.05,11.05,10.3609,733000,10.305269888888867,10.126312857142825,10.0583532,8.870208780000013,10.450037956237793,10.370276,-5.429520758029029,0.08913795623779208,0.0
2020-11-17,11.05,11.09,10.99,11.06,10.370276,568500,10.343703777777757,10.144540999999967,10.069119920000002,8.877074695000013,10.449141502380371,10.398406,-5.523132889870067,0.0788655023803706,0.0
2020-11-18,11.07,11.15,11.07,11.09,10.398406,396700,10.361695555555535,10.161912999999966,10.07491766,8.883768045000014,10.45409870147705,10.435911,-5.734006298674022,0.05569270147705119,0.0
2020-11-19,11.08,11.14,11.06,11.13,10.435911,358700,10.387953222222201,10.18151014285711,10.083606800000002,8.890609775000014,10.467212677001953,10.398406,-5.9549624707821,0.0,-0.0313016770019523
2020-11-20,11.14,11.14,11.06,11.09,10.398406,441900,10.393648999999979,10.19888214285711,10.090653620000001,8.897185665000015,10.457058906555176,10.435911,-5.707313737103914,0.05865290655517619,0.0
2020-11-23,11.14,11.15,11.09,11.13,10.435911,482300,10.3994132222222,10.21408776190473,10.097271300000001,8.903283495000014,10.47047233581543,10.435911,-5.925675329600818,0.0,0.0
2020-11-24,11.14,11.18,11.09,11.13,10.435911,658300,10.405177444444424,10.231049999999968,10.10497754,8.909459630000015,10.481499671936035,10.482793,-5.8265977364237695,0.04558867193603433,0.0
2020-11-25,11.15,11.18,11.12,11.18,10.482793,286300,10.418200222222202,10.249366380952349,10.11507276,8.915556965000015,10.500114440917969,10.520298,-6.081266181413516,0.01732144091796961,0.0
2020-11-27,11.18,11.25,11.17,11.22,10.520298,423000,10.426534666666646,10.278251619047586,10.127550820000002,8.922020805000015,10.51812744140625,10.557805,-6.255548650568186,-0.0021705585937503713,0.0
2020-11-30,11.23,11.26,11.22,11.26,10.557805,621600,10.448412999999979,10.302774857142825,10.140779020000002,8.928632410000013,10.549603462219238,10.623439,-6.3090278666142225,-0.008201537780761825,0.0
2020-12-01,11.3,11.35,11.29,11.33,10.623439,677100,10.4765422222222,10.335693285714253,10.15767836,8.935810830000014,10.586936950683594,10.614061,-6.558367602086551,0.0,0.03650204931640566
2020-12-02,11.35,11.37,11.3,11.32,10.614061,501000,10.500503888888867,10.377826380952348,10.172031680000002,8.942823045000013,10.621869087219238,10.679696,-6.167234211844187,0.007808087219238757,0.0
2020-12-03,11.37,11.39,11.33,11.39,10.679696,469400,10.52759111111109,10.414301999999967,10.190600400000003,8.950362305000013,10.663045883178711,10.773461,-6.382389085349338,-0.01665011682128892,0.0
2020-12-04,11.38,11.49,11.37,11.49,10.773461,525000,10.569263888888868,10.449972952380918,10.212677200000003,8.958330610000013,10.714889526367188,10.885977,-6.745957124741625,-0.05857147363281179,0.0
2020-12-07,11.5,11.61,11.49,11.61,10.885977,818200,10.619271222222201,10.480901380952346,10.236822900000004,8.967776295000014,10.779234886169434,10.942235,-7.155599602330455,-0.10674211383056686,0.0
2020-12-08,11.63,11.69,11.57,11.67,10.942235,736600,10.675529444444422,10.5162653333333,10.258465400000004,8.979651045000013,10.842703819274902,10.923483,-7.089084667738625,0.0,0.09953118072509781
2020-12-09,11.7,11.73,11.63,11.65,10.923483,694400,10.724494999999978,10.543710047619015,10.278644340000005,8.991710460000013,10.904682159423828,10.951612,-6.397578030696757,-0.01880084057617104,0.0
2020-12-10,11.67,11.72,11.61,11.68,10.951612,902900,10.772418777777755,10.570737619047588,10.296483140000005,9.006535590000013,10.958231925964355,10.970364,-6.179521181812023,0.006619925964354678,0.0
2020-12-11,11.65,11.75,11.64,11.7,10.970364,1136800,10.818258666666644,10.598658142857111,10.313608480000005,9.022767015000014,10.996337890625,10.984654,-6.014206063034182,0.025973890624999996,0.0
2020-12-14,11.58,11.61,11.51,11.53,10.984654,727000,10.858393666666645,10.628137476190446,10.333378060000005,9.035450475000014,11.017073631286621,10.956074,-4.448624186586109,0.0,-0.03241963128662029
2020-12-15,11.54,11.58,11.48,11.5,10.956074,664800,10.896395111111088,10.652460619047588,10.349310520000003,9.048945610000013,11.021323204040527,11.03229,-4.162406921386719,0.06524920404052814,0.0
2020-12-16,11.5,11.6,11.5,11.58,11.03229,421200,10.9355722222222,10.684431571428538,10.368944340000002,9.061469505000014,11.046123504638672,11.089453,-4.61033242971786,0.013833504638672167,0.0
2020-12-17,11.6,11.7,11.57,11.64,11.089453,588400,10.970682444444424,10.718678095238063,10.388088620000003,9.075313330000014,11.073783874511719,11.06087,-4.8643997035075754,0.0,0.01566912548828192
2020-12-18,11.65,11.7,11.6,11.61,11.06087,393600,10.99011499999998,10.750223999999967,10.406117000000004,9.090287015000014,11.090706825256348,10.965602,-4.472809429316553,0.0,-0.02983682525634812
2020-12-21,11.5,11.59,11.35,11.51,10.965602,1028200,10.992711333333313,10.775447380952349,10.422421420000003,9.108364005000013,11.082592964172363,10.965602,-3.7133539168343748,0.0,0.0
2020-12-22,11.55,11.57,11.5,11.51,10.965602,293300,10.997391222222202,10.80245671428568,10.436911640000003,9.124770485000013,11.085227012634277,10.984654,-3.690469047486729,0.11962501263427683,0.0
2020-12-23,11.53,11.6,11.5,11.53,10.984654,374200,11.001062555555537,10.8285873333333,10.451782900000003,9.142226805000012,11.076558113098145,11.022763,-3.9327136765121846,0.09190411309814372,0.0
2020-12-24,11.53,11.61,11.5,11.57,11.022763,380800,11.006884666666647,10.856532666666633,10.467877460000004,9.165322685000012,11.064228057861328,11.108506,-4.37140831580529,0.0414650578613287,0.0
2020-12-28,11.61,11.7,11.57,11.66,11.108506,564400,11.02064599999998,10.88632852380949,10.486424640000005,9.186425065000012,11.075401306152344,11.051345,-5.013710924937019,0.0,0.03310469384765646
2020-12-29,11.69,11.7,11.6,11.6,11.051345,464500,11.031231666666647,10.911616476190444,10.505488560000003,9.212208190000013,11.089583396911621,11.108506,-4.4001431300722285,0.038238396911621564,0.0
2020-12-30,11.61,11.67,11.61,11.66,11.108506,347000,11.039700111111092,10.937840333333302,10.527908980000005,9.236811585000012,11.11939525604248,11.175195,-4.6364043221056574,0.010889256042480255,0.0
2020-12-31,11.7,11.76,11.67,11.73,11.175195,564600,11.04922699999998,10.964114428571397,10.550741000000006,9.267203475000013,11.156981468200684,11.156141,-4.885068472287442,0.0,0.01821353179931684
2021-01-04,11.78,11.83,11.66,11.71,11.156141,1039000,11.059812666666648,10.98992776190473,10.573376400000006,9.296115985000013,11.180984497070312,11.289521,-4.517638795300498,0.024843497070312637,0.0
2021-01-05,11.7,11.85,11.69,11.85,11.289521,798800,11.095803666666647,11.018967047619016,10.598494940000007,9.324799785000012,11.217595100402832,11.337154,-5.336750207571035,-0.07192589959716855,0.0
2021-01-06,11.84,11.98,11.8,11.9,11.337154,987000,11.1370872222222,11.04580957142854,10.622906160000008,9.355227995000012,11.27409553527832,11.508641,-5.2597013842157985,-0.06305846472167964,0.0
2021-01-07,11.91,12.12,11.91,12.08,11.508641,933500,11.195307999999978,11.075460238095207,10.651484900000009,9.382076320000012,11.356555938720703,11.661073999999997,-5.9887753417160345,-0.15208506127929766,0.0
2021-01-08,12.1,12.25,12.1,12.24,11.661074,1049000,11.266231444444422,11.109690666666634,10.682743400000009,9.407651340000012,11.455785751342773,11.680128,-6.406979155696297,-0.20528824865722584,0.0
2021-01-11,12.2,12.33,12.12,12.26,11.680128,1161400,11.329744999999978,11.145721380952349,10.718071800000008,9.431571120000012,11.558568954467773,11.708708,-5.721297271877866,-0.1215590455322264,0.0
2021-01-12,12.26,12.32,12.23,12.29,11.708708,965900,11.402785333333311,11.181773571428538,10.751389620000007,9.457058635000012,11.64344310760498,11.842087000000001,-5.260837204190551,-0.0652648923950192,0.0
2021-01-13,12.32,12.45,12.26,12.43,11.842087,1138400,11.48429433333331,11.223284190476157,10.789588320000007,9.483620135000013,11.742531776428223,11.813134,-5.5307178083007,0.0,0.09955522357177671
2021-01-14,12.22,12.34,12.2,12.24,11.813134,883400,11.55517644444442,11.262735619047586,10.831265680000007,9.509629780000013,11.804360389709473,11.755225000000001,-3.559147142896467,0.0,0.008773610290527145
2021-01-15,12.22,12.25,12.13,12.18,11.755225,1121900,11.62174133333331,11.300790428571394,10.868096020000005,9.537222510000014,11.822052001953125,11.774529,-2.9388177179546364,0.06682700195312563,0.0
2021-01-19,12.19,12.26,12.19,12.2,11.774529,708200,11.675631111111086,11.33613514285711,10.903099180000005,9.564138285000013,11.841644287109375,11.871041999999997,-2.9373419089395436,0.06711528710937564,0.0
2021-01-20,12.24,12.3,12.21,12.3,11.871042,567500,11.734951999999975,11.373353666666633,10.935790420000005,9.591903010000012,11.875325202941895,11.986856,-3.4526406264886678,0.0042832029418953255,0.0
2021-01-21,12.31,12.45,12.3,12.42,11.986856,592800,11.788086999999976,11.417448238095204,10.971535700000004,9.618089205000013,11.905113220214844,12.02546,-4.145626246257296,-0.08174277978515576,0.0
2021-01-22,12.41,12.59,12.33,12.46,12.02546,611300,11.828574333333309,11.467917666666633,11.005102020000004,9.643939200000013,11.948596000671387,12.218485,-4.104365965719214,-0.07686399932861399,0.0
2021-01-25,12.57,12.7,12.48,12.66,12.218485,732100,11.888391777777754,11.52757876190473,11.041791060000003,9.669125935000013,12.038546562194824,12.41151,-4.9087949273710585,-0.17993843780517516,0.0
2021-01-26,12.71,12.86,12.67,12.86,12.41151,677700,11.966480888888864,11.595524285714252,11.082340600000002,9.693283040000013,12.165079116821289,12.334302,-5.40373937152963,0.0,0.24643088317871076
2021-01-27,12.8,12.93,12.65,12.78,12.334302,866000,12.021171444444418,11.65797852380949,11.121714880000003,9.716769135000012,12.255839347839355,12.440466,-4.10141355368266,-0.07846265216064374,0.0
2021-01-28,12.7,12.9,12.66,12.89,12.440466,649200,12.090874999999974,11.721405190476158,11.161618440000002,9.740266955000012,12.346739768981934,12.41151,-4.214586741800364,0.0,0.0937262310180671
2021-01-29,12.89,12.99,12.82,12.86,12.41151,734100,12.163795555555529,11.78617495238092,11.202630640000002,9.764699730000011,12.422066688537598,12.546629,-3.405391224435473,0.010556688537597836,0.0
2021-02-01,12.95,13.05,12.89,13.0,12.546629,1114800,12.249584444444416,11.854656999999968,11.246157700000003,9.789932690000011,12.484333992004395,12.778257999999997,-3.966661599966196,-0.062295007995604834,0.0
2021-02-02,13.09,13.32,13.05,13.24,12.778258,1050000,12.350386222222193,11.930993333333301,11.293754740000004,9.815908500000011,12.558403015136719,13.000237,-5.148013480840494,-0.21985498486328048,0.0
2021-02-03,13.33,13.53,13.25,13.47,13.000237,1223100,12.462984111111082,12.018807428571398,11.345041260000002,9.84365866500001,12.689667701721191,11.948251,-5.793112830577648,0.0,0.31056929827880886
2021-02-04,13.52,13.52,10.99,12.38,11.948251,7250500,12.454405333333305,12.050175523809495,11.376038160000002,9.867353225000011,12.544939041137695,12.093019,1.3323024324531059,0.5966880411376945,0.0
2021-02-05,12.69,12.77,12.39,12.53,12.093019,1299800,12.440464666666637,12.086169095238066,11.409180320000003,9.89056730000001,12.498035430908203,12.421163,-0.2551043024085893,0.40501643090820316,0.0
2021-02-08,12.65,13.0,12.6,12.87,12.421163,1336000,12.441537222222195,12.129622523809493,11.448885360000002,9.915297510000011,12.482419967651367,12.672094,-3.011499862848734,0.06125696765136723,0.0
2021-02-09,13.04,13.19,12.94,13.13,12.672094,913100,12.47906966666664,12.177766333333304,11.49267138,9.94111626000001,12.482916831970215,12.826515000000002,-4.928280030691439,-0.18917716802978468,0.0
2021-02-10,13.2,13.3,13.1,13.29,12.826515,1122200,12.521963999999974,12.232356190476159,11.538795720000001,9.96704266000001,12.475016593933105,12.990587,-6.132305538501834,-0.3514984060668951,0.0
2021-02-11,13.43,13.48,13.34,13.46,12.990587,1271200,12.586305888888862,12.293398047619016,11.58745136,9.99329108500001,12.661114692687988,12.834309000000001,-5.935254883447344,0.0,0.3294723073120114
2021-02-12,13.19,13.28,12.83,13.14,12.834309,1223000,12.618270333333307,12.340646714285683,11.63166876,10.01842588000001,12.804314613342285,12.834309000000001,-2.554683307897377,-0.029994386657714145,0.0
2021-02-16,13.15,13.24,13.01,13.14,12.834309,741900,12.624498222222197,12.389274095238065,11.67607372,10.04347762500001,12.885102272033691,12.785472,-1.9398609434270102,0.0,-0.050793272033692105
2021-02-17,13.13,13.13,12.93,13.09,12.785472,708800,12.60063544444442,12.438333476190447,11.71818924,10.068908110000011,12.908230781555176,12.814774000000002,-1.388611294460077,0.12275878155517539,0.0
2021-02-18,13.01,13.14,13.0,13.12,12.814774,341600,12.696915777777754,12.487868952380925,11.7590155,10.094485105000011,12.908201217651367,12.824541,-1.614319987413354,0.0934272176513673,0.0
2021-02-19,13.1,13.17,13.06,13.13,12.824541,587300,12.778195999999975,12.533273666666641,11.79778678,10.11969565500001,12.875133514404297,12.502219,-1.9411004234250104,0.0,-0.05059251440429691
2021-02-22,12.8,12.96,12.22,12.8,12.502219,1790300,12.787202222222199,12.557814761904737,11.82898646,10.14296237000001,12.798468589782715,12.375243,-0.011964142322545834,0.0,-0.29624958978271465
2021-02-23,12.71,12.75,12.4,12.67,12.375243,1291000,12.754218777777753,12.57447109523807,11.858021659999997,10.16509586000001,12.704880714416504,12.443614,0.2753016133899288,0.3296377144165046,0.0
2021-02-24,12.67,12.75,12.66,12.74,12.443614,633700,12.711674222222197,12.585191523809502,11.887861699999998,10.187155920000011,12.63953971862793,12.355707000000002,-0.7885422399691564,0.0,-0.1959257186279295
2021-02-25,12.75,12.8,12.59,12.65,12.355707,776100,12.641131999999974,12.582534238095215,11.915568559999999,10.20798741000001,12.55311107635498,12.472917,-0.7659203450199201,0.1974040763549798,0.0
2021-02-26,12.77,12.85,12.69,12.77,12.472917,793300,12.600977333333306,12.58913495238093,11.94533382,10.229944820000009,12.490657806396484,12.678029999999998,-2.1874878120870416,0.017740806396483677,0.0
2021-03-01,12.85,13.03,12.85,12.98,12.67803,760400,12.583612999999971,12.6004475238095,11.979772940000002,10.25350918500001,12.524958610534668,12.834309000000001,-3.5057117832460127,-0.15307138946533172,0.0
2021-03-02,13.04,13.18,13.03,13.14,12.834309,628900,12.589039333333305,12.620580809523785,12.015813320000001,10.278045505000009,12.615702629089355,12.853844,-3.990086536610693,-0.21860637091064383,0.0
2021-03-03,13.14,13.25,13.09,13.16,12.853844,743200,12.593380444444415,12.63521009523807,12.05110114,10.30318764500001,12.69854736328125,12.775704,-3.5064790024221137,0.0,0.1552966367187505
2021-03-04,13.16,13.25,12.84,13.08,12.775704,947800,12.587954111111083,12.635088476190452,12.08539782,10.32683810000001,12.778867721557617,12.94175,-2.3022345446665358,0.0031637215576179045,0.0
2021-03-05,13.14,13.25,12.93,13.25,12.94175,860300,12.63679088888886,12.632303380952356,12.12492078,10.351064710000012,12.869576454162598,13.019889,-2.87112110065964,-0.0721735458374031,0.0
2021-03-08,13.25,13.45,13.15,13.33,13.019889,1267100,12.708418222222196,12.683333761904734,12.166006520000002,10.37525857500001,12.933785438537598,13.156632,-2.972352299042779,-0.0861035614624015,0.0
2021-03-09,13.4,13.47,13.35,13.47,13.156632,743000,12.787642444444419,12.733981999999973,12.20944608,10.400009105000013,13.001465797424316,13.146864,-3.478353396998398,0.0,0.1551662025756837
2021-03-10,13.47,13.54,13.43,13.46,13.146864,1215900,12.875548777777754,12.768539190476163,12.2519281,10.424499075000012,13.059028625488281,13.283607000000002,-2.9789849517958364,-0.08783537451171952,0.0
2021-03-11,13.59,13.61,13.51,13.6,13.283607,1276800,12.96562544444442,12.79765885714283,12.295430119999999,10.449249305000013,13.15803337097168,13.253956,-3.249754625208235,0.0,0.12557362902832025
2021-03-12,13.37,13.46,13.3,13.41,13.253956,824000,13.029617222222194,12.818013190476162,12.33948234,10.473173750000011,13.222394943237305,13.155120000000002,-1.3989937118769236,0.0,0.03156105676269583
2021-03-15,13.36,13.44,13.25,13.31,13.155120000000002,1127600,13.065262888888862,12.825848095238067,12.38041462,10.496222915000011,13.245838165283203,12.730124,-0.4820573607573056,0.0,-0.0907181652832012
2021-03-16,13.3,13.34,12.78,12.88,12.730124,1217400,13.051516222222197,12.820886904761876,12.4115132,10.516596610000013,13.159919738769531,13.155120000000002,2.173289897278963,0.42979573876953125,0.0
2021-03-17,12.95,13.31,12.94,13.31,13.155120000000002,685100,13.09367355555553,12.83616361904759,12.451492779999999,10.538502450000012,13.162886619567871,13.026633,-1.1052846012932336,0.0,-0.007766619567869171
2021-03-18,13.25,13.33,13.16,13.18,13.026633,594700,13.103104999999973,12.847647476190446,12.486235019999997,10.55913067000001,13.113296508789062,12.987099000000002,-0.5060962914335145,0.0,-0.08666350878906215
2021-03-19,13.23,13.29,13.14,13.14,12.987099,428500,13.099461666666636,12.855853428571399,12.519233919999998,10.578841350000012,13.06533145904541,13.135352,-0.5682537363363045,0.07823245904540954,0.0
2021-03-22,13.18,13.37,13.17,13.29,13.135352,567000,13.097097222222194,12.870653952380922,12.551768139999997,10.59942033000001,13.062969207763672,13.125467999999998,-1.7082828610709353,0.0,0.07238279223632738
2021-03-23,13.27,13.33,13.22,13.28,13.125468,554900,13.094719888888863,12.900332476190446,12.581056019999997,10.61918767500001,13.136764526367188,13.125467999999998,-1.0785803737410533,0.0,-0.011296526367187809
2021-03-24,13.3,13.38,13.26,13.28,13.125468,463300,13.077148888888864,12.936057476190445,12.609962819999996,10.638404530000011,13.132035255432129,13.194654000000002,-1.1141923536737235,0.006567255432129215,0.0
2021-03-25,13.32,13.38,13.25,13.35,13.194654000000002,425900,13.070559777777753,12.971821285714254,12.639681739999997,10.658136695000012,13.1654691696167,13.204537,-1.3822534111108646,-0.02918483038330244,0.0
2021-03-26,13.34,13.42,13.3,13.36,13.204537,529000,13.07605055555553,13.01224176190473,12.666930739999996,10.678130005000012,13.207809448242188,13.224305,-1.1391508365105683,0.003272448242187309,0.0
2021-03-29,13.36,13.44,13.35,13.38,13.224305,492100,13.13095955555553,13.048022142857112,12.695154159999994,10.701101640000013,13.225503921508789,13.293490000000002,-1.1546792114440338,0.001198921508789752,0.0
2021-03-30,13.45,13.46,13.38,13.45,13.29349,496500,13.146333999999975,13.077329761904734,12.725919459999995,10.724052615000014,13.258393287658691,13.313258,-1.42458522186846,-0.035096712341308844,0.0
2021-03-31,13.46,13.51,13.44,13.47,13.313258,555500,13.178181222222198,13.100136857142829,12.756694039999996,10.747619960000016,13.295012474060059,13.194654000000002,-1.2990907642163476,0.0,0.018245525939940777
2021-04-01,13.34,13.4,13.16,13.35,13.194654000000002,2283200,13.201242888888865,13.116365904761878,12.783166279999996,10.769817975000015,13.283946990966797,13.362677,-0.49477909388166874,0.08929299096679522,0.0
2021-04-05,13.37,13.54,13.35,13.52,13.362677,1380000,13.226501222222199,13.144316999999974,12.810682699999996,10.792812985000014,13.315491676330566,13.461512999999998,-1.512635530099358,-0.04718532366943329,0.0
2021-04-06,13.5,13.64,13.5,13.62,13.461513,1315700,13.263839555555533,13.169067619047594,12.839403759999996,10.815827755000017,13.363880157470703,13.48128,-1.8804687410374161,-0.09763284252929694,0.0
2021-04-07,13.5,13.66,13.49,13.64,13.481279999999998,993800,13.303374222222198,13.191038619047593,12.864659659999996,10.838984490000016,13.407513618469238,13.590000000000002,-1.7044456123956178,-0.07376638153075987,0.0
2021-04-08,13.66,13.81,13.65,13.75,13.59,1509400,13.34730155555553,13.211675190476162,12.888229459999996,10.862814210000018,13.466471672058105,13.6,-2.0620242032137783,-0.12352832794189439,0.0
2021-04-09,13.53,13.68,13.51,13.6,13.6,1645500,13.391241888888864,13.23325309523807,12.913543419999996,10.886607670000016,13.539716720581055,13.669999999999998,-0.4432594074922423,-0.06028327941894496,0.0
2021-04-12,13.51,13.67,13.4,13.67,13.67,1075200,13.440763555555531,13.251652761904737,12.938134099999996,10.911398055000017,13.601777076721191,13.62,-0.4990703970651684,0.0,0.06822292327880852
2021-04-13,13.67,13.73,13.48,13.62,13.62,1829000,13.477042444444418,13.269083428571403,12.962303899999995,10.935938440000019,13.62845516204834,13.42,0.062079016507640424,0.0,-0.008455162048340625
2021-04-14,13.65,13.67,13.42,13.42,13.42,1276200,13.48890266666664,13.281696761904735,12.979771319999992,10.960125760000018,13.618586540222168,12.8,1.4797804785556485,0.0,-0.19858654022216804
2021-04-15,13.1,13.34,12.11,12.8,12.8,5771400,13.445052222222195,13.285024190476165,12.980206159999991,10.98086805000002,13.42719841003418,11.990000000000002,4.8999875783920235,0.0,-0.627198410034179
2021-04-16,12.8,12.85,11.85,11.99,11.99,4311700,13.292532555555528,13.22954228571426,12.960001419999992,10.996740895000018,13.095788955688477,11.34,9.222593458619485,0.0,-1.1057889556884763
2021-04-19,11.95,12.02,11.08,11.34,11.34,6003600,13.05680888888886,13.149226428571401,12.947836399999993,11.00867368500002,12.61610221862793,11.589999999999998,11.25310598437328,1.2761022186279298,0.0
2021-04-20,11.36,12.2,11.36,11.59,11.59,3080300,12.84666666666664,13.082697904761877,12.937776019999992,11.021554575000021,12.232977867126465,12.22,5.547695143455264,0.642977867126465,0.0
2021-04-21,11.9,12.38,11.79,12.22,12.22,2220100,12.694444444444416,13.039109714285686,12.933752759999994,11.03693854500002,12.033487319946289,12.37,-1.5262903441383926,-0.18651268005371158,0.0
2021-04-22,12.65,12.69,12.26,12.37,12.37,1144800,12.557777777777751,13.00313504761902,12.927710879999992,11.053201900000017,11.973125457763672,12.12,-3.2083633163809813,0.0,0.39687454223632734
2021-04-23,12.27,12.37,12.0,12.12,12.12,952900,12.385555555555529,12.955255619047591,12.913580579999994,11.067783975000015,12.015034675598145,11.94,-0.8660505313684381,0.0,0.10496532440185469
2021-04-26,12.12,12.16,11.86,11.94,11.94,1338000,12.198888888888861,12.895510190476163,12.892568839999994,11.081466050000015,12.117748260498047,11.679999999999998,1.4886788986436128,0.0,-0.17774826049804737
2021-04-27,12.03,12.03,11.62,11.68,11.68,1552000,12.005555555555526,12.82291319047616,12.869482659999994,11.093761865000015,12.121376991271973,11.769999999999998,3.778912596506618,0.44137699127197294,0.0
2021-04-28,11.62,11.9,11.6,11.77,11.77,928400,11.891111111111082,12.75366057142854,12.848196479999995,11.106335175000016,12.02857494354248,11.74,2.196898415823967,0.0,-0.2585749435424809
2021-04-29,11.81,11.9,11.6,11.74,11.74,638700,11.863333333333305,12.679684857142826,12.827287039999995,11.119131510000013,11.908462524414062,11.65,1.4349448416870723,0.0,-0.1684625244140623
2021-04-30,11.8,11.8,11.6,11.65,11.65,817300,11.89777777777775,12.600482095238062,12.803991559999995,11.131346180000014,11.818818092346191,,1.4490823377355455,,
