date,open,high,low,close,adj_close,volume,9-day,21-day,50-day,200-day,adj_close_1_days,true_adj_close_1_days,percent_change,buy_profit,sell_profit
2018-04-23,33.139999,33.349998,32.919998,33.09,28.10326,712900,27.83808955555554,29.06175180952392,30.438317859999994,28.34100158999995,28.23232078552246,28.094767,-14.680203126254282,0.0,-0.12906078552246214
2018-04-24,33.68,33.709999,33.0,33.080002,28.094767,676400,27.913582888888875,28.936783904762013,30.412838859999994,28.36253868499995,28.33622169494629,28.01833,-14.34032653641832,0.0,-0.24145469494628813
2018-04-25,33.029999,33.150002,32.849998,32.990002000000004,28.01833,915600,27.956991444444427,28.8150511904763,30.371223339999997,28.38249886999995,28.25725555419922,28.485444999999995,-14.346002300335673,0.2389255541992199,0.0
2018-04-26,33.189999,33.610001000000004,32.98,33.540001000000004,28.485445,633300,28.100428555555535,28.72526857142868,30.328928379999997,28.40504181499995,28.412742614746094,28.578867,-15.286995326129862,-0.07270238525390482,0.0
2018-04-27,33.57,33.93,33.509998,33.650002,28.578867,350200,28.216499222222197,28.645192000000105,30.272195319999994,28.42487966999995,28.520586013793945,28.281612,-15.243434417050125,0.0,0.0582809862060536
2018-04-30,33.759998,33.779999,33.259998,33.299999,28.281612,487500,28.29576711111109,28.518201809523912,30.202722799999997,28.44286047999995,28.50758171081543,28.069283,-14.391643943246274,0.0,-0.2259697108154306
2018-05-01,33.299999,33.41,32.669998,33.049999,28.069283,430100,28.21932977777776,28.402131047619157,30.138176099999995,28.45792575999995,28.418838500976562,27.780525,-14.012588923295995,0.0,-0.34955550097656385
2018-05-02,33.18,33.279999,32.68,32.709999,27.780525,703200,28.150442444444423,28.268265428571535,30.065985819999995,28.47278316499995,28.204524993896484,28.188189,-13.77399615971715,0.4239999938964836,0.0
2018-05-03,33.18,33.330002,32.709999,33.189999,28.188189,390800,28.17780866666665,28.136017809523917,29.992946239999995,28.489926089999955,28.203927993774414,28.485444999999995,-15.022811559065087,0.01573899377441279,0.0
2018-05-04,32.93,33.630001,32.93,33.540001000000004,28.485445,368100,28.220273666666642,28.013880809523915,29.9115836,28.506248224999954,28.32425308227539,28.077784,-15.550828152105936,0.0,0.16119191772460795
2018-05-07,33.349998,33.529999,33.009998,33.060001,28.077784,288900,28.218386666666643,27.90589880952391,29.82444582,28.52106762999995,28.29878807067871,28.315582,-14.401732562927899,0.22100407067870975,0.0
2018-05-08,33.02,33.389999,32.779999,33.34,28.315582,419300,28.251414666666644,27.988401904762004,29.724398580000003,28.538806314999952,28.340993881225586,28.298597,-14.994019552412768,0.0,-0.025411881225586797
2018-05-09,33.560001,33.57,33.080002,33.32,28.298597,682500,28.230653777777754,28.057963428571526,29.64388516,28.55798437999995,28.32978057861328,29.334743,-14.976648923729648,0.03118357861328036,0.0
2018-05-10,34.040001000000004,34.549999,33.990002000000004,34.540001000000004,29.334743,510100,28.314639999999972,28.149364190476284,29.595645019999996,28.582301974999954,28.694644927978516,29.215839000000006,-16.923439208995646,0.0,0.6400980720214839
2018-05-11,34.75,34.880001,34.349998,34.400002,29.215839000000006,262700,28.418442999999975,28.224992095238186,29.546046019999995,28.60371798999996,28.94588851928711,29.309259,-15.854980126782817,-0.26995048071289673,0.0
2018-05-14,34.73,35.009998,34.490002000000004,34.509998,29.309259,453900,28.556218111111086,28.32569438095247,29.496786719999996,28.626013089999955,29.170988082885742,28.876122000000002,-15.470907639908472,0.0,0.13827091711425865
2018-05-15,34.18,34.220001,33.860001000000004,34.0,28.876122,413600,28.677951111111085,28.389593952381045,29.43190033999999,28.647007639999956,29.174915313720703,29.419667999999998,-14.191425547880284,0.2987933137207044,0.0
2018-05-16,34.310001,34.720001,34.23,34.639999,29.419668,344900,28.814782111111086,28.477759047619138,29.389605259999993,28.670884714999957,29.33793067932129,28.876122000000002,-15.306202291399353,0.0,0.08173732067871242
2018-05-17,34.450001,34.599998,33.93,34.0,28.876122,432800,28.858190666666637,28.483421095238185,29.34034607999999,28.691838074999954,29.192028045654297,28.910091,-14.141093983369716,0.31590604565429814,0.0
2018-05-18,34.009998,34.09,33.869999,34.040001000000004,28.910091,176000,28.950669222222196,28.507686809523896,29.29159641999999,28.711848954999954,29.167997360229492,29.292274000000003,-14.312583715172366,0.25790636022949087,0.0
2018-05-21,34.439999,34.57,34.330002,34.490002000000004,29.292274,380600,29.05919055555553,28.571990666666753,29.23893985999999,28.73426510499996,29.205860137939453,29.24132,-15.320793144809183,0.0,0.08641386206054591
2018-05-22,34.700001,34.790001000000004,34.349998,34.43,29.24132,265000,29.163937555555535,28.626184000000087,29.186623159999996,28.755849714999957,29.266855239868164,29.012004999999995,-14.996063781968735,0.0,-0.025535239868162307
2018-05-23,34.150002,34.209999,33.93,34.16,29.012005,744500,29.128077777777758,28.669862000000087,29.139741899999994,28.775422614999957,29.140159606933594,29.003517,-14.695083117875887,0.0,-0.12815460693359526
2018-05-24,33.959999,34.299999,33.880001,34.150002,29.003517,246000,29.10448644444442,28.716775666666752,29.101523559999997,28.793964339999956,29.179723739624023,28.757219000000003,-14.554254668494535,0.0,-0.17620673962402478
2018-05-25,33.779999,33.98,33.77,33.860001000000004,28.757219,287200,29.043148666666646,28.72971728571437,29.066192819999998,28.811768939999958,29.1312255859375,28.205173,-13.96566826463621,0.0,-0.3740065859375008
2018-05-29,33.560001,33.639999,33.130001,33.209999,28.205173,266700,28.968598777777757,28.711922333333415,29.009969239999997,28.828873189999957,28.853954315185547,28.910091,-13.116666112559821,0.6487813151855484,0.0
2018-05-30,33.689999,34.119999,33.540001000000004,34.040001000000004,28.910091,426200,28.91197911111109,28.741849904761985,28.976167199999995,28.849790404999958,28.850526809692383,28.604343,-15.245223377953545,0.0,0.0595641903076185
2018-05-31,34.049999,34.049999,33.580002,33.68,28.604343,591400,28.881781444444428,28.76732895238103,28.930474899999993,28.86905527499996,28.716869354248047,28.927078,-14.73613612159131,0.1125263542480468,0.0
2018-06-01,33.970001,34.16,33.91,34.060001,28.927078,375900,28.883668888888867,28.821926714285794,28.875270539999992,28.889480659999958,28.814239501953125,29.096937,-15.401530663627621,-0.11283849804687662,0.0
2018-06-04,34.139999,34.349998,34.139999,34.259998,29.096937,161700,28.861964777777757,28.865200428571512,28.839260299999992,28.91059053499996,28.98938751220703,28.799683,-15.384152934839552,0.0,0.10754948779296924
2018-06-05,33.970001,34.040001000000004,33.830002,33.91,28.799683,190000,28.81289399999998,28.88016414285722,28.800872099999992,28.930378944999962,29.048538208007812,29.054474,-14.336366240024137,0.2488552080078108,0.0
2018-06-06,33.959999,34.240002000000004,33.810001,34.209999,29.054474,519800,28.81761277777776,28.926673190476272,28.770467239999995,28.950740949999958,29.042020797729492,28.612835,-15.106630673302593,0.0,0.012453202270506836
2018-06-07,34.18,34.200001,33.639999,33.689999,28.612835,368000,28.77420366666665,28.94082809523818,28.735306339999994,28.96918313499996,28.9344425201416,28.256134000000007,-14.115632594285321,0.0,-0.3216075201416011
2018-06-08,33.540001000000004,33.540001000000004,32.959999,33.27,28.256134000000007,436500,28.718527555555543,28.938806047619135,28.69521951999999,28.985017884999955,28.717588424682617,28.001345,-13.68323286840212,0.0,-0.46145442468261066
2018-06-11,33.150002,33.189999,32.970001,32.970001,28.001345,392700,28.69587999999999,28.875310904761992,28.63627829999999,28.998260369999954,28.504323959350586,27.85696,-13.544667592365,0.0,-0.5029789593505853
2018-06-12,32.959999,33.139999,32.740002000000004,32.799999,27.85696,314000,28.578865444444432,28.810602380952467,28.58328211999999,29.010410149999952,28.326963424682617,28.01833,-13.637303999056167,0.47000342468261636,0.0
2018-06-13,33.150002,33.400002,32.889999,32.990002000000004,28.01833,312600,28.513752888888877,28.749129571428657,28.53181465999999,29.02176008499995,28.19130516052246,27.806007,-14.545912544890244,0.0,-0.1729751605224621
2018-06-14,33.07,33.16,32.720001,32.740002000000004,27.806007,242000,28.389189444444437,28.698171714285802,28.46862701999999,29.03118326499995,28.070920944213867,27.321905,-14.261089708504404,0.0,-0.26491394421386616
2018-06-15,32.599998,32.599998,32.080002,32.169998,27.321905,194200,28.191963666666663,28.598278238095325,28.39405867999999,29.03863909999995,27.83789825439453,27.092594,-13.466272971498066,0.0,-0.5159932543945303
2018-06-18,31.879999,32.09,31.709999,31.9,27.092594,221700,28.0022871111111,28.51334833333342,28.32900243999999,29.04383604499995,27.605224609375,27.144501,-13.46324573863636,0.5126306093750017,0.0
2018-06-19,31.35,32.060001,31.16,31.9,27.144501,262200,27.79006788888888,28.429272619047705,28.340232119999992,29.046985479999947,27.445178985595703,27.501892,-13.964956158007197,0.30067798559570136,0.0
2018-06-20,32.32,32.490002000000004,32.139999,32.32,27.501892,319500,27.66662977777777,28.344016333333418,28.353513859999993,29.05072715499995,27.42513084411621,27.323196000000006,-15.145015952610736,0.0,0.07676115588379062
2018-06-21,32.07,32.380001,32.009998,32.110001000000004,27.323196000000006,135100,27.562969999999996,28.252677095238184,28.351671239999995,29.055223229999953,27.415802001953125,27.927351,-14.619118193259723,0.09260600195311852,0.0
2018-06-22,32.580002,32.91,32.5,32.82,27.927351,290300,27.554748444444442,28.201026904761996,28.357665199999996,29.06063901499995,27.610387802124023,27.978409000000006,-15.87328518548439,-0.31696319787597815,0.0
2018-06-25,32.759998,32.900002,32.540001000000004,32.880001,27.978409000000006,243000,27.568242777777773,28.15221223809533,28.37334316,29.065486149999952,27.79714584350586,27.740149,-15.458804750322669,0.0,0.18126315649414693
2018-06-26,32.57,32.720001,32.41,32.599998,27.740149,95900,27.53733377777777,28.103780333333425,28.377461519999997,29.06955395499995,27.8773250579834,27.714622,-14.486727704758145,0.0,-0.1371760579833996
2018-06-27,32.830002,33.07,32.57,32.57,27.714622,224800,27.527179888888885,28.080420761904854,28.380389939999997,29.071557849999955,27.865345001220703,28.157103000000006,-14.444749765978807,0.1507230012207046,0.0
2018-06-28,32.759998,33.110001000000004,32.68,33.09,28.157103000000006,390400,27.61997966666666,28.044564190476287,28.368387619999993,29.07593894499995,28.005821228027344,28.778278000000007,-15.364698615813415,-0.15128177197266268,0.0
2018-06-29,33.43,33.84,33.43,33.82,28.778278000000004,312400,27.807277888888883,28.052846809523906,28.375942959999993,29.084249869999955,28.279342651367188,28.693184,-16.382783408139602,0.0,0.4989353486328163
2018-07-02,33.830002,33.869999,33.57,33.720001,28.693184,200000,27.979353777777774,28.041709000000093,28.390968779999994,29.091517334999953,28.478477478027344,28.505981,-15.54425672161949,0.0,0.21470652197265494
2018-07-03,33.66,33.77,33.470001,33.5,28.505981,92100,28.09091922222222,28.01356823809533,28.39902319999999,29.097766409999952,28.611072540283203,29.195229,-14.593813312587454,0.10509154028320467,0.0
2018-07-05,34.099998,34.459999,34.099998,34.310001,29.195229,195200,28.298922888888885,28.03240376190486,28.42103243999999,29.108738854999952,28.896711349487305,29.603678,-15.777585230943872,-0.2985176505126965,0.0
2018-07-06,34.32,34.790001000000004,34.240002000000004,34.790001000000004,29.603678,260200,28.485181444444443,28.058556333333428,28.452739399999988,29.12191833999995,29.179668426513672,30.182304000000002,-16.126278850886873,-0.42400957348632673,0.0
2018-07-09,35.049999,35.5,35.009998,35.470001,30.182304,310000,28.730058666666665,28.133292952381048,28.486676579999983,29.137743754999953,29.535566329956055,30.412052000000006,-16.73085566037607,-0.6467376700439438,0.0
2018-07-10,35.459999,35.74000200000001,35.389999,35.74000200000001,30.412052000000006,203400,29.026936777777777,28.23595571428581,28.523340279999985,29.15401756499995,29.92056655883789,29.407963000000002,-16.282694783179135,0.0,0.4914854411621157
2018-07-11,35.110001000000004,35.419998,34.540001000000004,34.560001,29.407963,373300,29.215085777777777,28.302937523809618,28.545867299999987,29.165559294999948,29.87875747680664,29.688765000000007,-13.545264432120124,0.4707944768066419,0.0
2018-07-12,34.650002,34.970001,34.619999,34.889999,29.688765000000004,227800,29.38527044444444,28.39016633333343,28.57825693999999,29.175703614999946,29.91181755065918,29.748333,-14.268218951054779,0.22305255065917606,0.0
2018-07-13,35.0,35.25,34.57,34.959999,29.748333,288900,29.49305433333333,28.472547428571527,28.61761309999999,29.186846124999946,29.889806747436523,29.731314,-14.502838665880624,0.0,-0.14147374743652463
2018-07-16,35.040001000000004,35.040001000000004,34.73,34.939999,29.731314,162900,29.60840211111111,28.56422871428581,28.648475599999994,29.198397924999945,29.84589195251465,29.578148,-14.57958555604238,0.0,-0.11457795251464731
2018-07-17,34.400002,34.84,34.349998,34.759998,29.578148,379600,29.727531777777774,28.67166885714295,28.670329659999993,29.209019099999942,29.728303909301758,29.263302,-14.475530437885078,0.0,-0.15015590930175904
2018-07-18,34.27,34.439999,34.09,34.389999,29.263302000000003,243900,29.735095444444443,28.775035904761996,28.694040019999992,29.216788924999943,29.631061553955078,28.327288,-13.838143601123468,0.0,-0.3677595539550751
2018-07-19,33.779999,33.830002,33.240002000000004,33.290001000000004,28.327288,238100,29.593274333333333,28.831359095238184,28.694274139999994,29.221073414999942,29.231714248657227,28.41238,-12.190707808458091,0.9044262486572272,0.0
2018-07-20,33.27,33.43,33.220001,33.389999,28.41238,93900,29.39661611111111,28.874715666666756,28.696549799999993,29.225536159999944,28.975210189819336,28.599583000000003,-13.221889614853438,0.5628301898193371,0.0
2018-07-23,33.799999,33.84,33.529999,33.610001000000004,28.599583000000006,125900,29.195230666666664,28.93549600000009,28.681846599999993,29.23035815999994,28.82322883605957,28.557039000000003,-14.242106579944563,0.0,-0.22364583605956412
2018-07-24,34.080002,34.290001000000004,33.470001,33.560001,28.557039000000003,239100,29.10068355555556,28.965481142857232,28.668670599999995,29.23414348999994,28.659282684326172,29.246286,-14.602855094294629,0.1022436843261687,0.0
2018-07-25,34.09,34.380001,33.970001,34.369999,29.246286,173000,29.051519222222225,29.025856238095326,28.667411139999995,29.24211661499994,28.81734848022461,29.118649000000005,-16.155515511581452,0.0,0.42893751977539196
2018-07-26,34.220001,34.400002,34.18,34.220001,29.118649,695600,28.981554333333335,29.091499095238184,28.67226168,29.24965753999994,28.917877197265625,29.101629000000003,-15.494224569819206,0.0,0.20077180273437634
2018-07-27,34.259998,34.41,34.02,34.200001,29.101629,117900,28.91158933333334,29.15754704761914,28.665900899999997,29.25633061499994,29.094085693359375,29.390945,-14.929576483464505,-0.007543306640624081,0.0
2018-07-30,34.669998,34.759998,34.5,34.540001000000004,29.390945,325200,28.890789,29.21630142857152,28.67619736,29.262967154999938,29.26618003845215,29.850446999999996,-15.268734246845723,-0.1247649615478501,0.0
2018-07-31,34.919998,35.25,34.869999,35.080002,29.850447,460700,28.95602733333333,29.26735709523819,28.69500448,29.272560364999936,29.52732276916504,29.535595,-15.828617201432774,0.0,0.32312423083496
2018-08-01,34.689999,34.939999,34.619999,34.709999,29.535595,131900,29.090283666666664,29.307471904761996,28.699870900000004,29.279013839999937,29.62810707092285,28.991007,-14.641002810392333,0.0,-0.09251207092285085
2018-08-02,34.360001000000004,34.389999,33.900002,34.07,28.991007,251900,29.154575555555557,29.33056838095247,28.694864640000006,29.282538374999934,29.456613540649414,28.931446000000005,-13.540905369388279,0.0,-0.4656065406494143
2018-08-03,34.080002,34.150002,33.98,34.0,28.931446,379600,29.191449222222225,29.318007285714376,28.693253460000005,29.286671434999935,29.33860206604004,28.82082,-13.70999392341165,0.0,-0.40715606604003796
2018-08-06,33.880001,34.0,33.740002000000004,33.869999,28.82082,197000,29.22075822222223,29.28072833333343,28.68959952,29.290457349999933,29.20380401611328,29.025047000000004,-13.776779219529114,0.38298401611328003,0.0
2018-08-07,34.18,34.32,34.049999,34.110001000000004,29.025047,87400,29.196176111111114,29.225620857142946,28.69495608,29.296665129999933,29.12761688232422,27.799713,-14.606813168008365,0.0,-0.10256988232421804
2018-08-08,33.27,33.360001000000004,32.549999,32.669998,27.799713,657700,29.04962766666667,29.10122376190485,28.686846880000004,29.296869834999935,28.627811431884766,27.612511,-12.372778743712301,0.0,-0.8280984318847651
2018-08-09,32.509998,32.75,32.450001,32.450001,27.612511,201400,28.884170111111114,29.01572604761914,28.660895280000005,29.296838879999935,28.332534790039062,26.540346000000003,-12.6886474054683,0.0,-0.7200237900390611
2018-08-10,31.67,31.68,31.110001,31.190001,26.540346000000003,698200,28.567436888888892,28.865801333333426,28.619615340000006,29.291405909999934,27.674457550048828,26.685003,-11.271379728237811,1.134111550048825,0.0
2018-08-13,31.469999,31.700001,31.1,31.360001,26.685003,509400,28.215720888888892,28.71992847619057,28.574773840000006,29.288426504999933,27.296436309814453,27.425306,-12.957795154998712,0.6114333098144549,0.0
2018-08-14,31.92,32.310001,31.85,32.23,27.425306,342400,27.981244333333336,28.610118571428664,28.541341220000007,29.289313389999933,27.275901794433594,26.667982,-15.371077274484653,0.0,0.14940420556640532
2018-08-15,31.49,31.540001,31.1,31.34,26.667982,1919100,27.723130444444447,28.471539238095332,28.49870720000001,29.285260159999936,26.878761291503906,26.761585,-14.234967161761627,0.21077929150390773,0.0
2018-08-16,31.459999,31.809999,31.41,31.450001,26.761585,266300,27.48203477777778,28.352409857142952,28.452849420000007,29.281592529999934,26.976032257080078,27.042393,-14.225655328023432,0.21444725708007795,0.0
2018-08-17,31.379999,31.809999,31.16,31.780001,27.042393,84800,27.284431777777783,28.291224380952475,28.42144058000001,29.280482474999936,27.15846824645996,26.999844,-14.542267489356082,0.0,-0.11607524645996037
2018-08-20,31.65,31.75,31.57,31.73,26.999844,172300,27.05940922222223,28.22396076190486,28.396314780000008,29.278129744999934,27.232454299926758,27.263632,-14.17442704088636,0.2326102999267583,0.0
2018-08-21,31.68,32.150002,31.67,32.040001000000004,27.263632,240100,26.999844666666675,28.160344047619144,28.381560520000008,29.276683974999933,27.274227142333984,26.863695,-14.874449778157055,0.0,-0.010595142333983176
2018-08-22,31.610001,31.73,31.26,31.57,26.863695,329600,26.916642888888894,28.079708619047715,28.361695220000005,29.27418606499993,27.08409309387207,26.319105,-14.209397865466993,0.0,-0.22039809387207043
2018-08-23,31.52,31.52,30.889999,30.93,26.319105,431500,26.892060555555563,27.94031904761914,28.327710720000006,29.26624618999993,26.85332489013672,27.059408,-13.180326899008342,0.5342198901367183,0.0
2018-08-24,31.290001,31.82,31.27,31.799999,27.059408,732900,26.93366111111112,27.842259952381045,28.31277874000001,29.26101905999993,26.89917755126953,27.306177,-15.411388688189797,-0.16023044873047,0.0
2018-08-27,32.009998,32.279999,31.969999,32.09,27.306177,451200,26.920424555555563,27.75676223809533,28.312464180000006,29.255583899999934,27.085174560546875,27.127483,-15.596215143200773,0.0,0.2210024394531267
2018-08-28,32.25,32.27,31.82,31.879999,27.127483,333500,26.971480222222233,27.648978333333428,28.313161960000006,29.248390104999935,27.15191650390625,27.561455,-14.830874041413086,0.024433503906248433,0.0
2018-08-29,32.02,32.470001,32.02,32.389999,27.561455,178400,27.06035466666668,27.53997871428581,28.32150104000001,29.243695739999936,27.38665199279785,26.974318,-15.447197164785806,0.0,0.17480300720214714
2018-08-30,32.080002,32.080002,31.610001,31.700001,26.974318,342300,27.05279077777779,27.41801314285724,28.310949560000008,29.236642459999935,27.357826232910156,27.552948,-13.697711766917116,0.383508232910156,0.0
2018-08-31,32.0,32.5,31.950001,32.380001,27.552948,293700,27.114246777777794,27.349534142857244,28.315544600000006,29.234830574999933,27.443334579467773,27.03388,-15.246035417145992,0.0,0.10961342053222722
2018-09-04,31.870001,32.02,31.74,31.77,27.03388,351400,27.088718777777796,27.25917385714295,28.297675180000006,29.232359629999934,27.337793350219727,26.92326,-13.950918003715055,0.0,-0.30391335021972665
2018-09-05,31.809999,31.83,31.6,31.639999,26.92326,238400,27.095337111111128,27.168813857142954,28.276572200000004,29.22777008499993,27.258756637573242,26.574379,-13.84716340359795,0.0,-0.3354966375732431
2018-09-06,31.48,31.51,31.07,31.23,26.574379,312100,27.123700888888905,27.05211538095248,28.253256800000003,29.219499879999926,27.039186477661133,26.216993,-13.419191554078989,0.0,-0.4648074776611324
2018-09-07,31.02,31.16,30.76,30.809999,26.216993,392600,27.030099222222237,26.97674776190486,28.223304220000003,29.210637449999926,26.79266929626465,26.097866,-13.039045225984436,0.0,-0.5756762962646498
2018-09-10,30.780001,30.84,30.66,30.67,26.097866,368300,26.895842444444458,26.904621809523903,28.182119480000004,29.198748724999927,26.536115646362305,26.599909000000004,-13.478592610491349,0.4382496463623049,0.0
2018-09-11,30.780001,31.26,30.690001,31.26,26.599909000000004,171100,26.83722311111113,26.907458142857237,28.138552100000005,29.187104369999926,26.560699462890625,26.863695,-15.032951174374205,-0.0392095371093788,0.0
2018-09-12,31.440001,31.790001,31.41,31.57,26.863695,465300,26.759694222222237,26.91596728571438,28.101962320000005,29.177108544999925,26.644271850585938,27.246613,-15.602559865106311,-0.21942314941406238,0.0
2018-09-13,32.32,32.52,31.879999,32.02,27.246613,273200,26.789949222222234,26.90745809523819,28.07677496000001,29.170592794999926,26.874893188476562,27.459343,-16.0684160259945,-0.37171981152343747,0.0
2018-09-14,32.27,32.509998,32.18,32.27,27.459343,202200,26.77954866666668,26.945141952381043,28.04205724000001,29.16456392499993,27.15898895263672,27.680586,-15.838274085414577,-0.30035404736328175,0.0
2018-09-17,32.490002000000004,32.599998,32.439999,32.529999,27.680586,125200,26.8514048888889,26.988903904761997,28.00359540000001,29.162360289999935,27.456558227539062,28.182629,-15.596190988081293,-0.2240277724609392,0.0
2018-09-18,33.060001,33.23,33.029999,33.119999,28.182629,227600,26.991334777777794,27.043200857142953,27.963601900000008,29.163655619999933,27.789886474609375,28.497475,-16.09333540556757,-0.3927425253906236,0.0
2018-09-19,33.610001000000004,33.610001000000004,33.349998,33.490002000000004,28.497475,300400,27.205012111111124,27.114516619047713,27.925310360000008,29.168420254999933,28.083358764648438,28.71871,-16.144051694447693,-0.41411623535156394,0.0
2018-09-20,33.91,33.990002000000004,33.630001,33.75,28.71871,263800,27.48298066666668,27.18380604761914,27.911525300000008,29.172025239999936,28.372411727905273,28.829334000000006,-15.93359488028067,-0.3462982720947281,0.0
2018-09-21,33.66,33.91,33.549999,33.880001,28.829334000000006,89700,27.786477111111125,27.277407904761997,27.894336680000006,29.176306909999933,28.643198013305664,29.305853000000003,-15.456915088917311,-0.1861359866943424,0.0
2018-09-24,34.169998,34.48,34.130001,34.439999,29.305853000000006,271600,28.08713755555557,27.419634000000087,27.885487080000008,29.183712714999935,28.95399284362793,29.518579000000003,-15.929170486828617,-0.35186015637207646,0.0
2018-09-25,34.52,34.720001,34.52,34.689999,29.518579,248200,28.382124666666684,27.536737380952474,27.881232380000007,29.192552949999932,29.222753524780273,29.093115,-15.760292974409504,0.0,0.2958254752197256
2018-09-26,34.259998,34.619999,34.150002,34.189999,29.093115,201400,28.587291555555574,27.621829666666756,27.871531720000004,29.19897748499993,29.269168853759766,29.901495,-14.392601024177376,0.17605385375976468,0.0
2018-09-27,34.959999,35.220001,34.810001,35.139999,29.901495,233400,28.858641777777798,27.753925476190563,27.884295580000003,29.206683699999925,29.52918815612793,29.944042,-15.96702049955116,-0.3723068438720709,0.0
2018-09-28,34.93,35.349998,34.93,35.189999,29.944042,341100,29.11013688888891,27.867382000000084,27.916630660000006,29.21489101999993,29.740175247192383,30.369507,-15.486853957590672,-0.2038667528076168,0.0
2018-10-01,35.09,35.73,35.009998,35.689999,30.369507,186600,29.353123333333354,28.029057666666752,27.955773200000007,29.22473127999993,30.006471633911133,29.688765000000007,-15.92470587093283,0.0,0.3630353660888659
2018-10-02,35.169998,35.169998,34.799999,34.889999,29.688765000000004,195900,29.485488888888906,28.13076323809532,27.977556840000013,29.230508679999925,29.97015380859375,29.910006999999997,-14.101018436275256,0.2813888085937464,0.0
2018-10-03,35.48,35.61000100000001,35.080002,35.150002,29.910007,205900,29.617855222222243,28.26772166666675,28.004616200000008,29.237927874999926,30.03675079345703,28.9825,-14.54694428336866,0.0,-0.12674379345703102
2018-10-04,34.73,34.73,34.009998,34.060001,28.9825,563000,29.634873666666685,28.365780714285794,27.99934048000001,29.240956694999927,29.670940399169922,29.305853000000003,-12.886260927679002,0.6884403991699202,0.0
2018-10-05,34.450001,34.529999,34.189999,34.439999,29.305853000000006,173100,29.634873666666685,28.49585090476198,28.003084560000012,29.247266929999927,29.569087982177734,29.441996000000003,-14.143179904918886,0.2632349821777282,0.0
2018-10-08,34.09,34.650002,34.02,34.599998,29.441996000000003,145700,29.626364444444466,28.64942247619055,28.00989190000001,29.254342794999925,29.514816284179688,29.399452000000004,-14.697057831680546,0.0,-0.07282028417968434
2018-10-09,34.380001,34.630001,34.259998,34.549999,29.399452,251900,29.66040188888891,28.806640857142934,28.01006204000001,29.26154566499992,29.49430274963379,28.446415,-14.632985229221601,0.0,-0.09485074963378892
2018-10-10,34.310001,34.310001,33.32,33.43,28.446415,331400,29.49872633333335,28.89456971428579,27.98198140000001,29.262369679999924,29.11874008178711,28.557039000000003,-12.896380251908138,0.6723250817871111,0.0
2018-10-11,33.43,33.740002000000004,33.099998,33.560001,28.557039000000003,1159400,29.34461488888891,28.97520514285722,27.962410280000007,29.262727649999924,28.833171844482422,29.118649000000005,-14.08471100914919,0.2761328444824187,0.0
2018-10-12,34.009998,34.299999,33.68,34.220001,29.118649,385500,29.20563066666669,29.064349714285793,27.964963120000007,29.265851229999924,28.959636688232422,28.914421,-15.372192162611512,0.0,0.15901231176757946
2018-10-15,34.049999,34.259998,33.84,33.98,28.914421,299600,29.119592444444468,29.13363914285722,27.964622620000004,29.26829337999993,29.004337310791016,29.739824,-14.64291550679512,0.08991631079101481,0.0
2018-10-16,34.189999,34.950001,34.07,34.950001,29.739824,321700,29.100683222222244,29.231698095238173,27.983002700000007,29.274650209999926,29.273759841918945,29.237777999999995,-16.241032891761733,0.0,0.4660641580810534
2018-10-17,34.470001,34.599998,34.220001,34.360001000000004,29.237778,264800,29.129047444444463,29.281943285714366,27.987257320000005,29.276246184999927,29.388444900512695,28.642128000000003,-14.469021987185936,0.0,-0.1506669005126966
2018-10-18,33.889999,34.049999,33.610001000000004,33.66,28.642128000000003,426900,29.055300222222243,29.288831523809602,28.00410562,29.27201875499993,29.174884796142578,28.676170000000003,-13.324762934811108,0.532756796142575,0.0
2018-10-19,33.779999,34.049999,33.5,33.700001,28.676170000000006,374500,28.970208444444463,29.286805809523884,28.0253788,29.26354520499993,29.034048080444336,28.38685,-13.84555721394686,0.0,-0.3578780804443298
2018-10-22,33.709999,33.720001,33.150002,33.360001000000004,28.38685,292500,28.85769711111113,29.265735142857217,28.06230888,29.253582594999926,28.85965919494629,28.395361,-13.490232824194804,0.47280919494629003,0.0
2018-10-23,33.110001000000004,33.549999,32.900002,33.369999,28.395361,225000,28.85202444444446,29.222378380952456,28.09651604,29.242303649999926,28.67886734008789,28.267723,-14.057931676629988,0.0,-0.28350634008788944
2018-10-24,33.73,33.93,33.169998,33.220001,28.267723,290800,28.81987822222224,29.162813809523886,28.113364379999997,29.230046799999926,28.518596649169922,28.514490000000002,-14.152330551796435,0.2508736491699217,0.0
2018-10-25,33.060001,33.639999,33.060001,33.509998,28.51449,398700,28.75274944444446,29.135260238095313,28.15029454,29.218768969999925,28.51441192626953,27.901825,-14.907748050986072,0.0,7.807373046730959e-05
2018-10-26,32.720001,32.98,32.5,32.790001000000004,27.901825,408500,28.640238777777792,29.040037857142938,28.17309934,29.20268676999992,28.320161819458008,27.910332,-13.631714072048961,0.41833681945800905,0.0
2018-10-29,33.09,33.240002000000004,32.529999,32.799999,27.910332,302400,28.436961888888902,28.943194523809606,28.19045812,29.184821104999923,28.209091186523438,28.284742,-13.996670589766062,0.29875918652343714,0.0
2018-10-30,32.75,33.259998,32.639999,33.240002000000004,28.284742,257200,28.331069000000014,28.843920000000086,28.21615608,29.171417869999924,28.263404846191406,28.650637000000003,-14.971711354916877,-0.021337153808595133,0.0
2018-10-31,33.459999,33.77,33.400002,33.669998,28.650637,435400,28.332014444444457,28.794485333333416,28.24389618,29.15733867999992,28.405941009521484,28.880386,-15.634265824662405,-0.2446959904785153,0.0
2018-11-01,33.66,34.02,33.52,33.939999,28.880386,299500,28.354705111111123,28.74545576190485,28.28423,29.14194524999992,28.581260681152344,28.931446000000005,-15.788858210772652,-0.2991253188476577,0.0
2018-11-02,33.959999,34.07,33.73,34.0,28.931446,304800,28.41521577777779,28.743024619047713,28.33647682,29.12816599999992,28.773767471313477,29.373923999999995,-15.371272143195657,-0.15767852868652454,0.0
2018-11-05,34.259998,34.52,34.209999,34.52,29.373924,123100,28.523945000000012,28.74626609523819,28.382767140000002,29.11430603999992,29.093521118164062,29.271814000000006,-15.719811361054287,0.0,0.2804028818359363
2018-11-06,34.560001,34.580002,34.330002,34.400002,29.271814000000006,379300,28.635510666666683,28.73816219047628,28.422079880000002,29.10048757499992,29.222938537597656,29.705786000000003,-15.049602213402036,-0.04887546240234997,0.0
2018-11-07,34.740002000000004,34.950001,34.740002000000004,34.91,29.705786,101500,28.7678768888889,28.752749523809616,28.47364594,29.08760746999992,29.465415954589844,29.059086,-15.596058566056012,0.0,0.24037004541015605
2018-11-08,34.66,34.849998,34.049999,34.150002,29.059086,176300,28.896461444444455,28.78192433333342,28.50359856,29.07145142499992,29.39214324951172,28.540020000000002,-13.932235642294492,0.0,-0.3330572495117181
2018-11-09,33.540001000000004,33.669998,33.360001000000004,33.540001000000004,28.54002,1567300,28.966426777777787,28.781113904761995,28.5349126,29.054526014999922,28.996826171875,28.165611,-13.545541719348794,0.0,-0.4568061718750016
2018-11-12,33.540001000000004,33.540001000000004,33.099998,33.099998,28.165611,184300,28.953190000000014,28.735731142857233,28.547165859999996,29.037597004999924,28.826093673706055,27.816729,-12.912098442706688,0.0,-0.6604826737060563
2018-11-13,33.32,33.419998,32.68,32.689999,27.816729,268900,28.860533555555566,28.68346009523819,28.562822839999995,29.019135929999926,28.53465461730957,28.38685,-12.71136283207115,0.7179256173095716,0.0
2018-11-14,33.310001,33.490002000000004,33.099998,33.360001000000004,28.38685,254200,28.805696222222235,28.619032761904855,28.592094639999996,29.001529604999924,28.47450065612793,29.016533000000003,-14.64478476446111,0.08765065612793066,0.0
2018-11-15,33.700001,34.209999,33.700001,34.099998,29.016533000000006,168600,28.815150333333342,28.608497285714375,28.640937719999997,28.986179949999922,28.67386817932129,28.786789,-15.91240509949212,0.0,0.34266482067871706
2018-11-16,33.939999,33.98,33.599998,33.830002,28.786789,268200,28.749913111111123,28.615385904761997,28.692333639999998,28.97324861499992,28.65270233154297,28.948462999999997,-15.30387041791198,-0.1340866684570301,0.0
2018-11-19,33.869999,34.060001,33.700001,34.02,28.948463,400500,28.713985222222234,28.628352238095328,28.749345579999996,28.96613652999992,28.79798126220703,27.978409000000006,-15.349849317439656,0.0,0.15048173779296903
2018-11-20,33.349998,33.509998,32.869999,32.880001,27.978409000000006,248100,28.522054444444457,28.60890266666676,28.776915579999994,28.950097509999917,28.64615249633789,28.693184,-12.876667806859585,0.6677434963378843,0.0
2018-11-21,33.57,33.98,33.52,33.720001,28.693184,142500,28.481398666666678,28.623084714285806,28.813505359999994,28.942176119999917,28.726219177246094,28.199646,-14.80955419530951,0.0,-0.03303517724609506
2018-11-23,33.32,33.32,33.040001000000004,33.139999,28.199646,115600,28.443579333333346,28.619842952381045,28.832566019999994,28.936670509999917,28.577232360839844,27.569963,-13.768155633197694,0.0,-0.3775863608398424
2018-11-26,32.169998,32.490002000000004,32.150002,32.400002,27.569963,252200,28.377396222222234,28.57486547619057,28.834778419999992,28.927676739999914,28.257366180419922,27.918844,-12.785912234141463,0.6874031804199205,0.0
2018-11-27,32.73,32.93,32.470001,32.810001,27.918844,222800,28.388742333333344,28.575675904761997,28.839543579999994,28.916775429999916,28.091569900512695,28.701693000000002,-14.3810757564052,0.17272590051269532,0.0
2018-11-28,33.07,34.029999,32.959999,33.73,28.701693,481900,28.423724888888895,28.613359761904853,28.849924859999998,28.907282929999916,28.27645492553711,28.85486,-16.168233247740552,-0.4252380744628894,0.0
2018-11-29,34.029999,34.209999,33.830002,33.91,28.85486,353200,28.405761222222228,28.64050823809533,28.857072559999995,28.894479629999918,28.462575912475586,28.454924,-16.064358854392246,0.0,0.3922840875244127
2018-11-30,33.459999,33.619999,33.290001000000004,33.439999,28.454924,414700,28.368887333333337,28.631188571428662,28.85179683999999,28.87797805999992,28.524179458618164,29.356905,-14.700417728427073,0.06925545861816573,0.0
2018-12-03,34.470001,34.630001,34.310001,34.5,29.356905,497000,28.41426977777778,28.65387995238104,28.862348259999994,28.868279494999914,28.88456916809082,28.795296,-16.27661110698313,0.0,0.4723358319091808
2018-12-04,34.34,34.450001,33.799999,33.84,28.795296,233400,28.505035000000003,28.647396619047704,28.852137119999995,28.855305779999917,28.992414474487305,28.9825,-14.325016328347218,0.19711847448730424,0.0
2018-12-06,33.68,34.119999,33.400002,34.060001,28.9825,429500,28.53718122222223,28.628757380952464,28.841415539999993,28.84101743999992,29.01545524597168,29.093115,-14.810762201763646,0.03295524597167798,0.0
2018-12-07,34.52,34.77,34.189999,34.189999,29.093115,228600,28.63645555555556,28.620247904761992,28.841415539999993,28.82371512999992,29.095544815063477,28.684677,-14.900422152502909,0.0,-0.0024298150634756155
2018-12-10,33.91,34.049999,33.580002,33.709999,28.684677,262900,28.760312666666678,28.571623666666753,28.817079179999993,28.80496514999992,29.038942337036133,28.625108999999995,-13.856590927112961,0.0,-0.35426533703613217
2018-12-11,34.040001000000004,34.080002,33.560001,33.639999,28.625109,176300,28.83878655555557,28.55095809523818,28.79070051999999,28.78150097499992,28.896575927734375,28.497475,-14.100544629224357,0.0,-0.27146692773437664
2018-12-12,33.610001000000004,33.75,33.48,33.490002000000004,28.497475,296400,28.816095666666683,28.54893214285723,28.753259879999987,28.762367009999917,28.80086898803711,28.693184,-14.001590719412002,0.30339398803710793,0.0
2018-12-13,33.560001,33.849998,33.490002000000004,33.720001,28.693184,423000,28.798131666666684,28.57405466666675,28.733348259999985,28.747099179999914,28.745508193969727,28.17412,-14.752350707315449,0.0,-0.05232419396972787
2018-12-14,33.459999,33.459999,33.110001000000004,33.110001000000004,28.17412,363100,28.76693122222224,28.59107328571437,28.698630519999984,28.72949083499991,28.560352325439453,28.097536,-13.741010381004068,0.0,-0.3862323254394546
2018-12-17,33.310001,33.450001,32.959999,33.02,28.097536,180100,28.627001333333354,28.57729642857151,28.680931239999982,28.71111739499991,28.450233459472656,27.726313,-13.839389886515283,0.0,-0.35269745947265463
2018-12-18,31.67,31.790001,31.219999,31.219999,27.726313,390600,28.508225444444463,28.515857380952465,28.64934043999998,28.68914675499991,28.211271286010742,27.673027,-9.63718068661456,0.0,-0.4849582860107411
2018-12-19,31.280001,32.110001000000004,30.940001,31.16,27.673027,487200,28.36272844444446,28.462821095238183,28.61396105999998,28.66983977999991,28.00661277770996,27.548697,-10.119984667169573,0.0,-0.3335857777099598
2018-12-20,31.190001,31.35,30.75,31.02,27.548697,343500,28.19112644444446,28.396165571428657,28.576945959999975,28.650887859999912,27.817312240600586,27.308908,-10.32458981108773,0.0,-0.2686152406005853
2018-12-21,31.0,31.110001,30.58,30.75,27.308908,243000,28.038263222222234,28.364284571428655,28.554195819999975,28.63069452999991,27.660837173461914,27.166815000000003,-10.046057972481579,0.0,-0.3519291734619152
2018-12-24,30.690001,30.85,30.52,30.59,27.166815000000003,199400,27.87623055555557,28.29160033333342,28.52639133999998,28.606903094999907,27.523128509521484,27.557577,-10.02573223432009,0.3563135095214811,0.0
2018-12-26,30.25,31.110001,30.049999,31.030001,27.557577,268900,27.771797444444456,28.261025619047707,28.49516989999998,28.585405204999905,27.525894165039062,27.166815000000003,-11.292641708135736,0.0,0.031682834960935935
2018-12-27,30.469999,30.6,30.040001,30.59,27.166815000000003,167400,27.6022008888889,28.241828095238183,28.46021777999998,28.564458939999906,27.407743453979492,27.459885,-10.402930846748964,0.24092845397948892,0.0
2018-12-28,30.83,31.129999,30.57,30.92,27.459885,298600,27.522841444444456,28.21997290476199,28.41461899999998,28.547186194999902,27.413707733154297,27.353313,-11.33988443352427,0.0,0.046177266845703
2018-12-31,31.09,31.389999,30.690001,30.799999,27.353313,487500,27.44015000000001,28.155764333333416,28.376929699999984,28.531333979999904,27.392541885375977,27.903933,-11.063172809271919,0.039228885375976574,0.0
2019-01-02,30.6,31.559999,30.6,31.42,27.903933,365900,27.459885555555566,28.11048209523818,28.362165799999985,28.515771884999904,27.6058349609375,27.966101,-12.139290385303951,-0.29809803906249854,0.0
2019-01-03,31.440001,31.65,31.18,31.49,27.966101,189900,27.49244933333334,28.087204809523893,28.347964419999986,28.502601424999902,27.775177001953125,28.889717,-11.79683390932637,-0.19092399804687332,0.0
2019-01-04,31.84,32.57,31.84,32.529999,28.889717,678800,27.641451555555566,28.064957761904846,28.358021759999982,28.492605219999906,28.1721248626709,28.925241000000003,-13.39647793204389,-0.7175921373291025,0.0
2019-01-07,32.32,32.740002000000004,32.189999,32.57,28.925241,345900,27.821044111111124,28.071145619047705,28.36861935999998,28.478794944999905,28.522417068481445,28.916362999999997,-12.427334760572782,0.0,0.40282393151855445
2019-01-08,32.330002,32.650002,32.27,32.560001,28.916363,291200,28.015438333333346,28.06799623809533,28.381592159999983,28.468889514999905,28.78682518005371,29.440335999999995,-11.588377469479466,-0.12953781994628955,0.0
2019-01-09,32.619999,33.279999,32.619999,33.150002,29.440336,671300,28.224633777777786,28.08453057142866,28.40010907999998,28.462495729999905,29.056100845336914,29.671242,-12.349625664164625,-0.38423515466308444,0.0
2019-01-10,32.799999,33.450001,32.799999,33.41,29.671242,259400,28.502903444444453,28.131509857142948,28.43549741999998,28.457978354999906,29.414541244506836,29.493622000000002,-11.958870863493448,0.0,0.2567007554931635
2019-01-11,33.110001000000004,33.369999,33.040001000000004,33.209999,29.493622,222400,28.728874222222235,28.17286761904771,28.46716321999998,28.453592064999903,29.515064239501953,29.342646,-11.12597070688876,0.0,-0.021442239501954674
2019-01-14,33.029999,33.259998,32.93,33.040001000000004,29.342646,257600,28.949911222222234,28.213113857142947,28.48832129999998,28.449002919999902,29.542953491210938,29.46698,-10.584283907222236,0.20030749121093905,0.0
2019-01-15,32.970001,33.290001000000004,32.959999,33.18,29.46698,555200,29.12358311111112,28.249961285714377,28.504648159999977,28.4415957899999,29.559364318847656,29.804455,-10.912102715950402,0.09238431884765674,0.0
2019-01-16,33.259998,33.700001,33.259998,33.560001,29.804455,236000,29.327844666666678,28.327596285714375,28.523129539999978,28.438084219999904,29.667293548583984,29.911026000000003,-11.59924712581509,-0.13716145141601643,0.0
2019-01-17,33.240002000000004,33.709999,33.240002000000004,33.68,29.911026,100700,29.441323444444453,28.41395295238104,28.542721139999976,28.434680834999902,29.803237915039062,30.204096000000003,-11.510576261760502,-0.10778808496093717,0.0
2019-01-18,33.73,34.110001000000004,33.73,34.009998,30.204096000000003,313200,29.583418444444458,28.53194261904771,28.559324579999974,28.430874369999906,29.97408103942871,29.839977,-11.866854448422172,0.0,0.23001496057129245
2019-01-22,33.720001,33.810001,33.549999,33.599998,29.839977,280600,29.686042222222234,28.635130714285804,28.570687839999977,28.424822644999903,30.001710891723633,30.346191,-10.709188459702785,0.16173389172363173,0.0
2019-01-23,34.209999,34.259998,33.990002000000004,34.169998,30.346191,122700,29.786692777777787,28.768344714285803,28.58349593999998,28.4248265699999,30.163593292236328,30.568214,-11.724919351074213,-0.1825977077636729,0.0
2019-01-24,34.049999,34.459999,34.049999,34.419998,30.568214,257000,29.886356333333342,28.923549761904855,28.613678499999978,28.4447525549999,30.33452033996582,30.452765000000007,-11.86948837136533,0.0,0.2336936600341808
2019-01-25,34.259998,34.439999,34.220001,34.290001000000004,30.452765000000007,182400,29.992927777777783,29.08002357142866,28.65193339999998,28.4628273549999,30.443368911743164,30.159691,-11.217941020931551,0.0,0.00939608825684246
2019-01-28,34.049999,34.099998,33.860001000000004,33.959999,30.159691,298900,30.083710555555562,29.203933761904846,28.691814999999984,28.4765491749999,30.372013092041016,30.514929000000002,-10.56532983984772,0.21232209204101693,0.0
2019-01-29,34.139999,34.450001,34.139999,34.360001000000004,30.514929,171800,30.200149333333343,29.363367761904847,28.745778999999985,28.490985554999902,30.485383987426758,31.296453,-11.276533468591127,-0.029545012573240825,0.0
2019-01-30,34.5,35.25,34.439999,35.24000200000001,31.296453000000003,648100,30.365926888888893,29.546061476190566,28.80397105999998,28.511495264999905,30.715730667114258,31.305332,-12.838453677970143,-0.5807223328857454,0.0
2019-01-31,35.040001000000004,35.25,34.93,35.25,31.305332,964300,30.520849777777787,29.73425285714295,28.84974703999998,28.530350769999906,30.864931106567383,31.030024,-12.439911754418773,0.0,0.4404008934326171
2019-02-01,35.080002,35.130001,34.889999,34.939999,31.030024,735200,30.61261955555557,29.883114333333424,28.894611739999977,28.547659884999902,30.988143920898438,31.047791,-11.310404099042941,-0.04188007910156344,0.0
2019-02-04,34.990002000000004,35.099998,34.889999,34.959999,31.047791,774500,30.746821111111128,30.029861476190565,28.93659829999998,28.5591127449999,31.11643409729004,31.482954,-10.994179097974127,0.06864309729003892,0.0
2019-02-05,35.24000200000001,35.509998,35.23,35.450001,31.482954,359200,30.873128111111132,30.153348952381037,29.00668919999998,28.574524959999902,31.396198272705078,30.967859000000004,-11.435268301670632,0.0,0.08675572729492131
2019-02-06,35.200001,35.279999,34.849998,34.869999,30.967859000000004,187700,30.917533111111133,30.25061647619056,29.05218269999998,28.589654789999905,31.34037971496582,30.603741000000003,-10.122223648570165,0.0,-0.37252071496581607
2019-02-07,34.619999,34.68,34.290001000000004,34.459999,30.603741,961500,30.934308222222246,30.33096780952389,29.100264599999978,28.602157194999904,31.01725196838379,30.532696,-9.99056045131114,0.0,-0.41351096838378965
2019-02-08,34.41,34.490002000000004,34.209999,34.380001,30.532696,231300,30.975753222222245,30.382984952381033,29.15951925999998,28.614346839999907,30.915470123291016,30.657024,-10.07716921447729,0.38277412329101423,0.0
2019-02-11,34.57,34.639999,34.450001,34.52,30.657024,182200,30.991541555555575,30.42992695238103,29.21428285999998,28.627540309999908,30.85693359375,30.736956000000003,-10.611432231315188,0.19990959375000017,0.0
2019-02-12,35.0,35.009998,34.509998,34.610001000000004,30.736956,328200,30.929375222222248,30.489133333333413,29.25498811999998,28.638797864999905,30.77974510192871,29.671242,-11.066904904369384,0.0,-0.04278910192871166
2019-02-13,34.299999,34.41,33.400002,33.41,29.671242,510200,30.74780966666669,30.504780761904847,29.27131575999998,28.644259739999907,30.397537231445312,29.795572,-9.016650010639582,0.726295231445313,0.0
2019-02-14,33.110001000000004,33.82,33.040001000000004,33.549999,29.795572,1441000,30.61064833333335,30.52042800000008,29.29812871999998,28.65182953999991,30.029146194458008,30.168575000000004,-10.494345485798648,0.23357419445800787,0.0
2019-02-15,33.830002,34.049999,33.700001,33.970001,30.168575,510500,30.51295766666668,30.537767047619134,29.314362119999977,28.662325999999908,30.125638961791992,30.212978000000003,-11.316932366908116,-0.0429360382080084,0.0
2019-02-19,33.68,34.09,33.669998,34.02,30.212978000000003,230300,30.371849222222238,30.5521457142858,29.34271575999998,28.674488264999905,30.248342514038086,30.630383,-11.086588730046786,0.03536451403808272,0.0
2019-02-20,34.279999,34.610001000000004,34.220001,34.490002000000004,30.630383,329800,30.334351888888907,30.57244509523818,29.375673419999977,28.6866992349999,30.4135684967041,30.266264,-11.819174447412042,0.0,0.2168145032958968
2019-02-21,34.310001,34.34,33.970001,34.080002,30.266264000000003,301100,30.29685444444446,30.592744476190564,29.39913639999998,28.695603329999898,30.46653938293457,30.568214,-10.602882643802163,0.20027538293456715,0.0
2019-02-22,34.310001,34.57,34.27,34.419998,30.568214,121900,30.300800888888904,30.60331700000009,29.436807139999978,28.7080554799999,30.529935836791992,30.585981,-11.301750114012231,-0.03827816320800892,0.0
2019-02-25,34.5,34.68,34.330002,34.439999,30.585981,418900,30.29290722222224,30.60416304761913,29.476024579999976,28.719407474999898,30.552207946777344,30.665909000000006,-11.288592236087627,-0.03377305322265656,0.0
2019-02-26,34.220001,34.669998,34.220001,34.529999,30.665909000000006,236200,30.285013111111127,30.61431276190485,29.51939325999998,28.7312440349999,30.648584365844727,30.47941,-11.240703001918044,0.0,0.01732463415527974
2019-02-27,34.419998,34.419998,34.07,34.32,30.47941,300700,30.37480955555557,30.629537476190567,29.55511777999998,28.7369673699999,30.60013771057129,30.284023000000005,-10.83875958458249,0.0,-0.12072771057128762
2019-02-28,34.23,34.23,33.990002000000004,34.099998,30.284023,293000,30.429081888888902,30.618541952381044,29.59731583999998,28.742308289999897,30.54175567626953,30.106411,-10.434728834091041,0.0,-0.25773267626953
2019-03-01,34.16,34.18,33.860001000000004,33.900002,30.106411,334700,30.42217477777779,30.561873285714373,29.637493339999978,28.746294049999896,30.420631408691406,30.14193,-10.263629457333348,0.3142204086914049,0.0
2019-03-04,34.18,34.18,33.759998,33.939999,30.14193,277900,30.414280555555568,30.506473190476278,29.68580567999998,28.752623089999897,30.32329750061035,30.346191,-10.656162657487553,0.181367500610353,0.0
2019-03-05,33.98,34.200001,33.919998,34.169998,30.346191,238800,30.382703666666675,30.4739097142858,29.739268959999983,28.7572557049999,30.336000442504883,30.310669,-11.220362253152945,0.0,0.010190557495118213
2019-03-06,34.349998,34.380001,34.130001,34.130001,30.310669,291600,30.38763755555557,30.438808666666752,29.79450839999998,28.7644284399999,30.333065032958984,29.982071000000005,-11.124921933172564,0.0,-0.022396032958983625
2019-03-07,34.209999,34.209999,33.689999,33.759998,29.982071,206600,30.32251055555557,30.367338047619135,29.84797165999998,28.769788339999906,30.242713928222656,29.609073999999996,-10.418496090483615,0.0,-0.260642928222655
2019-03-08,33.5,33.540001000000004,33.09,33.34,29.609074,413900,30.21396533333335,30.302634000000086,29.89681683999998,28.771372339999903,30.03647232055664,30.124169999999996,-9.908601318066474,0.42739832055664095,0.0
2019-03-11,33.759998,33.919998,33.689999,33.919998,30.12417,147100,30.153772111111127,30.279797285714373,29.94814869999998,28.775786589999903,30.097530364990234,30.23962,-11.269067984643646,-0.026639635009765072,0.0
2019-03-12,33.959999,34.130001,33.93,34.049999,30.23962,133100,30.1271287777778,30.265841285714373,30.00960479999998,28.781924664999906,30.163379669189453,30.372836999999997,-11.414447709119012,-0.07624033081054549,0.0
2019-03-13,34.130001,34.259998,34.0,34.200001,30.372837,180700,30.136997000000022,30.25230857142866,30.067863839999976,28.788771264999905,30.23824119567871,30.284023000000005,-11.58409265637533,0.0,0.1345958043212896
2019-03-14,34.130001,34.130001,33.93,34.099998,30.284023,122100,30.156731666666687,30.230740333333426,30.126478039999974,28.796405284999906,30.301206588745117,30.710314,-11.140151419524665,0.01718358874511594,0.0
2019-03-15,34.060001,34.59,34.060001,34.580002,30.710314,282000,30.219885444444465,30.280219952381046,30.18260565999997,28.808930989999904,30.471525192260742,31.331978000000003,-11.881077415030973,-0.23878880773925815,0.0
2019-03-18,34.939999,35.29000100000001,34.900002,35.279999,31.331978000000003,364500,30.329417333333353,30.35338214285724,30.24992319999997,28.821040424999907,30.770605087280273,31.340862,-12.781729139844147,-0.5613729127197296,0.0
2019-03-19,35.279999,35.369999,35.0,35.29000100000001,31.340862,338800,30.443883222222244,30.40920533333343,30.29894609999997,28.834723019999906,31.00709342956543,31.749382000000004,-12.136320343075592,-0.33376857043457164,0.0
2019-03-20,35.220001,35.98,35.169998,35.75,31.749382,837200,30.640251111111134,30.48236742857152,30.355428919999973,28.848834539999906,31.248458862304688,31.72274,-12.591723462084788,0.0,0.5009231376953132
2019-03-21,35.650002,35.779999,35.529999,35.720001,31.72274,249800,30.875102888888907,30.53438442857152,30.41155645999997,28.861963554999907,31.557222366333008,30.834642,-11.653915221522517,0.0,0.1655176336669939
2019-03-22,35.209999,35.25,34.650002,34.720001,30.834642,523400,30.954044222222237,30.561450047619143,30.439442579999973,28.872138349999904,31.40278434753418,31.367504000000004,-9.554195152430507,0.5681423475341809,0.0
2019-03-25,35.029999,35.36000100000001,34.950001,35.32,31.367504,329400,31.07936466666668,30.599511476190575,30.473367819999975,28.883703499999907,31.439348220825195,31.323098999999996,-10.987122817595711,0.0,-0.07184422082519504
2019-03-26,35.470001,35.49000200000001,35.16,35.27,31.323099,141000,31.18494933333335,30.634612333333433,30.509957359999976,28.897254819999908,31.46282196044922,30.861290000000004,-10.794380605474295,0.0,-0.1397229604492196
2019-03-27,34.98,35.080002,34.68,34.75,30.861290000000004,131000,31.24909011111113,30.64391619047629,30.540330239999975,28.910280599999904,31.251110076904297,30.923454,-10.06874798013152,0.389820076904293,0.0
2019-03-28,34.720001,34.900002,34.630001,34.82,30.923454,136900,31.27277233333335,30.66506114285724,30.569459719999976,28.924891144999904,31.136459350585938,30.630383,-10.578807149379847,0.0,-0.21300535058593795
2019-03-29,35.009998,35.009998,34.299999,34.490002000000004,30.630383,370200,31.19481733333335,30.681554476190573,30.585978279999978,28.938758259999904,30.94449806213379,31.305332,-10.27980206514982,0.3141150621337907,0.0
2019-04-01,34.990002000000004,35.27,34.849998,35.25,31.305332,331400,31.190869555555576,30.738645952381052,30.613864399999976,28.955193269999903,31.01595115661621,31.385263,-12.011486080521387,-0.289380843383789,0.0
2019-04-02,35.07,35.41,35.040001000000004,35.34,31.385263,146100,31.150411888888907,30.797852285714384,30.637487739999973,28.973089549999905,31.158130645751953,31.260935,-11.833246616434776,0.0,0.22713235424804523
2019-04-03,35.380001,35.470001,35.07,35.200001,31.260935,350200,31.099100222222244,30.841411523809626,30.66590689999997,28.992784699999905,31.222545623779297,31.189878000000004,-11.29958881597959,0.0,0.03838937622070304
2019-04-04,35.049999,35.32,35.040001000000004,35.119999,31.189878000000004,868200,31.138570888888914,30.883278619047722,30.68278063999997,29.01327111999991,31.191768646240234,31.465195,-11.185166473836647,0.001890646240230609,0.0
2019-04-05,35.259998,35.48,35.25,35.43,31.465195,264200,31.14942544444447,30.953903571428675,30.700720259999972,29.03487458999991,31.38629913330078,31.918118000000003,-11.41321159102235,-0.07889586669922011,0.0
2019-04-08,35.57,35.939999,35.529999,35.939999,31.918118,283800,31.21553866666669,31.063858047619153,30.730027319999973,29.056955719999905,31.60723114013672,31.873716000000005,-12.055559210959583,0.0,0.310886859863281
2019-04-09,35.93,35.99000200000001,35.759998,35.889999,31.873716,150300,31.32803044444447,31.14716976190487,30.76430781999997,29.079708319999906,31.775903701782227,32.273361,-11.463068857198285,-0.09781229821777515,0.0
2019-04-10,36.200001,36.439999,36.18,36.34,32.273361,403900,31.47802011111114,31.244014571428682,30.799476459999973,29.1014383699999,31.974512100219727,31.72274,-12.012900109466914,0.0,0.29884889978027473
2019-04-11,35.93,35.98,35.630001,35.720001,31.72274,454200,31.599393111111137,31.30829566666678,30.808002199999972,29.1201600249999,31.910024642944336,31.784907999999998,-10.666226904796746,0.18728464294433422,0.0
2019-04-12,35.959999,35.99000200000001,35.74000200000001,35.79000100000001,31.784908,219500,31.652679333333353,31.37976638095249,30.817593719999977,29.140383819999897,31.93858528137207,31.793788999999997,-10.761150072691922,0.15367728137206882,0.0
2019-04-15,35.830002,35.849998,35.54000100000001,35.799999,31.793789,191900,31.698071111111133,31.431360428571534,30.83286901999998,29.160779654999896,31.91912841796875,32.042454,-10.840420923004075,0.1253394179687497,0.0
2019-04-16,35.700001,36.200001,35.630001,36.080002,32.042454,209200,31.784906555555576,31.465192619047723,30.85276227999998,29.1802064099999,31.989931106567383,32.220074,-11.336116038554039,-0.05252289343261651,0.0
2019-04-17,36.220001,36.360001,36.02,36.279999,32.220074,225900,31.8993727777778,31.507059857142956,30.86750467999998,29.1974153899999,32.040706634521484,32.104622,-11.684929664630124,0.0,0.1793673654785124
2019-04-18,36.009998,36.299999,35.93,36.150002,32.104622,190800,31.970420222222245,31.523976047619147,30.89023993999998,29.214472579999903,32.09205627441406,32.539787,-11.225298758174171,-0.012565725585936605,0.0
2019-04-22,36.459999,36.669998,36.41,36.639999,32.539787,205500,32.03949455555558,31.562883047619145,30.92896085999998,29.234641609999898,32.27095031738281,32.539787,-11.924259830403352,0.0,0.0
2019-04-23,36.540001,36.689999,36.470001,36.639999,32.539787,129200,32.113502444444464,31.644080428571527,30.969102679999978,29.251364399999897,32.42000961303711,32.006931,-11.517438597536243,0.0,0.11977738696288753
2019-04-24,36.299999,36.299999,35.869999,36.040001,32.006931,194600,32.08389911111113,31.67452933333343,30.996100819999974,29.263380664999897,32.31644821166992,31.687218,-10.331722211467406,0.0,-0.3095172116699203
2019-04-25,35.799999,35.799999,35.61000100000001,35.68,31.687218,364700,32.07995222222224,31.691868333333435,31.015106059999976,29.270905234999894,32.10734558105469,31.616167000000004,-10.013044896147177,0.0,-0.42012758105468606
2019-04-26,35.639999,35.709999,35.509998,35.599998,31.616167,193200,32.06120322222224,31.727814857142956,31.054004559999974,29.2769258099999,31.972116470336914,31.820431,-10.190679026619847,0.35594947033691327,0.0
2019-04-29,35.75,35.91,35.639999,35.830002,31.820431,140700,32.06416344444446,31.77052804761915,31.094501739999977,29.2889881499999,31.904382705688477,31.740503000000004,-10.956235208447724,0.0,-0.08395170568847732
2019-04-30,35.669998,35.82,35.509998,35.74000200000001,31.740503000000004,305600,32.03061333333334,31.823390904762,31.12594029999998,29.2992468399999,31.80704116821289,31.323098999999996,-11.004366568829848,0.0,-0.06653816821288672
2019-05-01,35.669998,36.009998,35.24000200000001,35.27,31.323099,286900,31.930949444444455,31.824236952381046,31.148142719999978,29.307120669999904,31.641206741333008,31.500717,-10.288611450714475,0.3181077413330087,0.0
2019-05-02,35.400002,35.509998,35.169998,35.470001,31.500717,281400,31.8638488888889,31.829734761904856,31.16554939999998,29.315967684999904,31.590139389038086,31.749382000000004,-10.938431072956318,0.0894223890380843,0.0
2019-05-03,35.5,35.880001,35.5,35.75,31.749382,100500,31.776026111111126,31.852994142857234,31.195211759999975,29.32682385499991,31.6822509765625,31.616167000000004,-11.378318946678322,0.0,0.06713102343750066
2019-05-06,35.279999,35.599998,35.24000200000001,35.599998,31.616167,386900,31.673401666666685,31.87329361904771,31.216170819999974,29.338588179999906,31.649967193603516,31.216525999999998,-11.09559277614702,0.0,-0.03380019360351483
2019-05-07,35.369999,35.400002,34.98,35.150002,31.216526,376000,31.585578888888904,31.861452238095332,31.228781719999976,29.353034369999904,31.4973201751709,31.154364000000005,-10.391697345647668,0.0,-0.28079417517089666
2019-05-08,35.25,35.349998,35.0,35.080002,31.154364,371200,31.5263728888889,31.82508300000009,31.238550819999972,29.366744289999907,31.409385681152344,30.470524,-10.463557895029927,0.0,-0.2550216811523427
2019-05-09,34.470001,34.57,34.029999,34.310001,30.470524,619500,31.39907922222223,31.758264333333425,31.238373099999976,29.376098994999907,31.079029083251953,30.843527000000005,-9.416997442664158,0.6085050832519521,0.0
2019-05-10,34.689999,34.82,34.41,34.73,30.843527,413500,31.290534333333344,31.69017700000009,31.249563179999978,29.387531434999904,30.988449096679688,30.639265,-10.773253392802504,0.0,-0.1449220966796858
2019-05-13,34.540001000000004,34.580002,34.299999,34.5,30.639265,595400,31.16817455555557,31.63858295238104,31.26022025999998,29.394496329999907,30.831575393676758,31.403023000000005,-10.633114800936934,0.19231039367675606,0.0
2019-05-14,35.169998,35.439999,35.09,35.36000100000001,31.403023,289000,31.177055000000014,31.62039795238104,31.28544211999998,29.405918199999906,31.04241943359375,31.42079,-12.210354763299524,-0.360603566406251,0.0
2019-05-15,35.220001,35.509998,35.16,35.380001,31.420790000000004,279800,31.168174222222238,31.602636095238186,31.306934099999975,29.41751400499991,31.205839157104492,31.607286,-11.798082885570036,-0.21495084289551158,0.0
2019-05-16,35.759998,35.959999,35.509998,35.59,31.607286,227600,31.152385777777788,31.5819138095239,31.332866439999975,29.428595709999907,31.41013526916504,31.553999,-11.744492078772026,0.0,0.19715073083495938
2019-05-17,35.61000100000001,35.79000100000001,35.48,35.529999,31.553999,244400,31.145478222222227,31.550195952381046,31.364304999999977,29.437113469999908,31.519847869873047,31.633930000000003,-11.286662659706098,-0.03415113012695414,0.0
2019-05-20,35.599998,35.720001,35.509998,35.619999,31.63393,126900,31.191856444444454,31.52778204761914,31.404802119999978,29.44760514499991,31.63714599609375,32.255596000000004,-11.181507904888626,0.0032159960937505616,0.0
2019-05-21,36.060001,36.34,36.060001,36.32,32.255596000000004,345400,31.31421555555557,31.51424914285723,31.447430639999975,29.463928089999907,31.841081619262695,32.513141999999995,-12.331823735510202,-0.41451438073730884,0.0
2019-05-22,36.66,36.77,36.560001,36.610001,32.513141999999995,289800,31.541173111111124,31.512980333333424,31.492901079999974,29.48183656999991,32.09397888183594,32.033569,-12.335487557523038,0.0,0.4191631181640574
2019-05-23,36.240002,36.240002,35.98,36.07,32.033569,355400,31.673400000000015,31.5142488095239,31.526115719999975,29.49790031499991,32.11811065673828,32.264481,-10.956166740398444,0.08454165673828129,0.0
2019-05-24,36.490002,36.580002,36.220001,36.330002,32.264481,276000,31.85397955555557,31.541737523809616,31.565724879999976,29.514097484999912,32.223243713378906,31.953643999999997,-11.304040904322257,0.0,0.04123728662109727
2019-05-28,36.310001,36.450001,35.91,35.98,31.953644,465100,31.915159666666675,31.55780785714295,31.590591479999976,29.53486713999991,32.17588424682617,32.433215999999994,-10.572862015491454,0.22224024682617127,0.0
2019-05-29,36.09,36.529999,35.889999,36.52,32.433215999999994,567400,32.02765144444445,31.58698809523819,31.612616239999976,29.55897066499991,32.22663497924805,32.477623,-11.756202137875016,-0.20658102075194762,0.0
2019-05-30,36.529999,36.68,36.470001,36.57,32.477623,754600,32.12435555555557,31.62208904761914,31.635351459999974,29.58865704999991,32.2683219909668,32.468742,-11.762860292680347,0.0,0.20930100903320437
2019-05-31,36.310001,36.689999,36.200001,36.560001,32.468742,363400,32.22599366666668,31.676643476190574,31.649738659999976,29.61757574499991,32.40985107421875,33.223618,-11.351613272059948,-0.05889092578124888,0.0
2019-06-03,37.299999,37.689999,37.25,37.41,33.223618,604400,32.40262566666668,31.75868638095248,31.679756219999977,29.646567304999913,32.697174072265625,33.046001000000004,-12.597770456386986,0.0,0.5264439277343769
2019-06-04,37.310001,37.400002,36.98,37.209999,33.046001000000004,552500,32.49044844444445,31.820430142857244,31.723983399999973,29.67845739999991,32.87934494018555,33.010475,-11.638414878254784,0.0,0.16665605981445708
2019-06-05,37.23,37.360001,37.029999,37.169998,33.010475,159300,32.54570766666667,31.886825761904863,31.756842819999974,29.70970184999991,33.0175666809082,33.330189000000004,-11.171459624753805,0.007091680908203557,0.0
2019-06-06,37.529999,37.669998,37.439999,37.529999,33.330189000000004,222700,32.68977655555556,31.987476380952483,31.796984619999975,29.741140829999914,33.169708251953125,33.498932,-11.61814778637983,-0.16048074804687928,0.0
2019-06-07,37.759998,37.950001,37.66,37.720001,33.498932,190100,32.826937777777786,32.09912247619057,31.849737459999975,29.773636269999916,33.34967803955078,33.747597,-11.586221751291104,-0.14925396044922223,0.0
2019-06-10,37.98,38.0,37.830002,38.0,33.747597,283300,33.0262658888889,32.25517357142868,31.906220319999974,29.806056094999914,33.46125030517578,34.271568,-11.94407814427426,-0.2863466948242177,0.0
2019-06-11,38.529999,38.66,38.389999,38.59,34.271568,234600,33.23052722222223,32.418413619047726,31.97904401999998,29.843095459999912,33.73310852050781,33.871928999999994,-12.585881004125914,0.0,0.5384594794921895
2019-06-12,38.450001,38.57,38.09,38.139999,33.871928999999994,133400,33.38545011111111,32.57235000000011,32.03037595999998,29.880859579999914,33.85123062133789,34.378139000000004,-11.244804643707809,-0.020698378662103778,0.0
2019-06-13,38.509998,38.880001,38.41,38.709999,34.378139000000004,223100,33.59760533333334,32.7140221904763,32.09023347999998,29.917453234999915,34.052886962890625,34.315975,-12.030772816887383,0.0,0.32525203710937944
2019-06-14,38.720001,38.779999,38.529999,38.639999,34.315975,281600,33.71897833333334,32.85188814285725,32.15133427999998,29.952502224999918,34.16737747192383,34.320492,-11.575107773880053,-0.14859752807617355,0.0
2019-06-17,38.200001,38.369999,38.0,38.0,34.320492,205100,33.86058844444445,32.98108842857154,32.21394655999998,29.988467269999916,34.2421875,34.898521,-9.888980263157894,-0.07830450000000155,0.0
2019-06-18,38.290001,38.669998,38.290001,38.639999,34.898521,213400,34.07037133333334,33.14035138095249,32.28261307999998,30.025152599999913,34.44443893432617,35.061089,-10.858074985130903,-0.45408206567383047,0.0
2019-06-19,38.52,39.049999,38.48,38.82,35.061089,349600,34.26269355555556,33.303549428571536,32.345472499999985,30.065586454999917,34.66862869262695,35.810722,-10.693898267318513,-0.3924603073730495,0.0
2019-06-20,39.669998,39.82,39.560001,39.650002,35.810722,311800,34.519559111111114,33.47284114285725,32.42421261999998,30.10687532499992,35.03996658325195,35.666218,-11.62682265879343,0.0,0.7707554167480453
2019-06-21,39.16,39.52,39.080002,39.490002,35.666218,327900,34.73273922222223,33.62298761904773,32.49206975999998,30.15003701499992,35.28510665893555,35.910069,-10.64799981793987,-0.38111134106445377,0.0
2019-06-24,39.619999,39.77,39.459999,39.759998,35.910069,145000,34.9147948888889,33.80758285714296,32.57581633999998,30.194971059999922,35.57405090332031,35.458488,-10.528036487023188,0.0,0.3360180966796875
2019-06-25,39.389999,39.580002,39.209999,39.259998,35.458488,328700,35.091079222222234,33.95967842857153,32.64928793999998,30.239391604999923,35.57082748413086,35.88297700000001,-9.396766948050134,0.1123394841308567,0.0
2019-06-26,39.5,39.91,39.5,39.73,35.88297700000001,670700,35.25828344444445,34.14678952380962,32.73107169999998,30.287721524999924,35.630985260009766,35.783627,-10.317177800126434,0.0,0.2519917399902454
2019-06-27,39.790001,39.950001,39.580002,39.619999,35.783627,144800,35.4213558888889,34.306332904762,32.805895159999984,30.336150329999924,35.695716857910156,35.557835,-9.904801214381262,0.0,0.08791014208984649
2019-06-28,39.709999,39.849998,39.259998,39.369999,35.557835,239400,35.558838444444454,34.453009666666766,32.87265037999998,30.380939959999925,35.64524841308594,36.018452,-9.460885652839519,0.0874134130859403,0.0
2019-07-01,40.25,40.360001,39.880001,39.880001,36.018452,410300,35.683275222222235,34.62204347619057,32.950926979999984,30.426713744999926,35.71239471435547,36.045547,-10.450366552509694,-0.3060572856445347,0.0
2019-07-02,39.880001,39.970001,39.709999,39.91,36.045547,315200,35.79265944444446,34.75642104761914,33.02104217999998,30.470708414999923,35.822975158691406,36.208118,-10.240603461058859,-0.22257184130859287,0.0
2019-07-03,39.950001,40.110001,39.889999,40.09,36.208118,268900,35.83681455555557,34.90699804761914,33.09440879999998,30.514452289999916,35.91236114501953,36.16296,-10.420650673435947,0.0,0.29575685498046766
2019-07-05,40.009998,40.130001,39.919998,40.040001,36.16296,352100,35.892008111111124,35.05711638095247,33.17752937999999,30.556864159999915,35.9929313659668,36.370686,-10.107566266127716,-0.17002863403320134,0.0
2019-07-08,40.080002,40.330002,39.959999,40.27,36.370686,256400,35.94318777777779,35.20190195238104,33.27119873999999,30.597804444999916,36.143070220947266,36.045547,-10.248149438919139,0.0,0.22761577905273356
2019-07-09,40.060001,40.150002,39.869999,39.91,36.045547,686200,36.00841655555556,35.32316933333342,33.359786339999985,30.635544804999913,36.04193878173828,36.524227,-9.691959955554285,-0.003608218261717866,0.0
2019-07-10,40.380001,40.549999,40.360001,40.439999,36.524227,197800,36.07966655555557,35.45538980952389,33.45386225999999,30.674572389999913,36.21931076049805,36.226181,-10.436914796911724,0.0,0.30491623950195645
2019-07-11,40.110001,40.209999,39.900002,40.110001,36.226181,223100,36.12883922222223,35.5484666190477,33.54357581999999,30.71155662499991,36.22978973388672,36.135864,-9.673924630700654,0.0,-0.003608733886721893
2019-07-12,39.689999,40.029999,39.68,40.009998,36.135864,151200,36.19306466666667,35.65627304761913,33.63983111999999,30.745706679999913,36.21345138549805,35.928135,-9.488994762014125,0.0,-0.07758738549804889
2019-07-15,40.009998,40.060001,39.740002,39.779999,35.928135,261500,36.18302944444444,35.73008238095246,33.728379479999994,30.777754459999915,36.08585739135742,35.68428,-9.286429616658802,0.0,-0.15772239135742439
2019-07-16,39.549999,39.720001,39.34,39.509998,35.68428,268500,36.142888666666664,35.79523976190484,33.80707743999999,30.810710284999917,35.90884780883789,35.58493,-9.114528912813693,0.0,-0.22456780883788952
2019-07-17,39.66,39.810001,39.400002,39.400002,35.58493,178400,36.07364555555555,35.85545109523817,33.88645269999999,30.83912745999992,35.75035095214844,35.819756,-9.263073255304818,0.16542095214843755,0.0
2019-07-18,39.389999,39.66,39.27,39.66,35.819756,549700,36.03551177777777,35.8993194285715,33.9785173,30.868506029999917,35.66987609863281,35.431393,-10.060826781056944,0.0,0.14987990136718565
2019-07-19,39.630001,39.630001,39.16,39.23,35.431393,241200,35.93114588888889,35.916952952381024,34.06405788,30.893815459999914,35.56089782714844,35.187534,-9.352796769950446,0.0,-0.12950482714843758
2019-07-22,39.240002,39.25,38.91,38.959999,35.187534,190400,35.83581111111111,35.88727733333341,34.15839808,30.921309304999912,35.42258834838867,35.440422,-9.079596361415028,0.23505434838867245,0.0
2019-07-23,39.009998,39.299999,38.939999,39.240002,35.440422,391100,35.71538833333334,35.876525142857226,34.250335979999996,30.94896137999991,35.381282806396484,35.024963,-9.833636587489249,0.0,0.05913919360351372
2019-07-24,38.98,39.02,38.720001,38.779999,35.024963,170400,35.58191966666667,35.834377238095314,34.33804994,30.979173694999908,35.270591735839844,35.205597,-9.04952902180362,0.24562873583984413,0.0
2019-07-25,39.290001,39.580002,38.939999,38.98,35.205597,226900,35.47855666666668,35.82233480952389,34.414101419999994,31.00867241499991,35.1756477355957,35.449451,-9.759754398163915,-0.02994926440429424,0.0
2019-07-26,39.389999,39.450001,39.119999,39.25,35.449451,194900,35.42536955555557,35.80169071428579,34.49467463999999,31.038709689999916,35.2353515625,35.557835,-10.228403662420382,-0.21409943750000338,0.0
2019-07-29,39.369999,39.400002,39.169998,39.369999,35.557835,100600,35.411320111111124,35.79093871428579,34.57368562,31.069501604999914,35.347816467285156,35.48558,-10.216364325320008,0.0,0.21001853271484094
2019-07-30,39.349998,39.349998,39.110001,39.290001,35.48558,179200,35.40028122222223,35.78749800000008,34.652317239999995,31.10469742999991,35.35654067993164,35.286884,-10.011352048752444,0.0,0.12903932006835817
2019-07-31,39.389999,39.580002,38.529999,39.07,35.286884,647600,35.341073222222235,35.7526614285715,34.72537632,31.13834665499991,35.250205993652344,34.428871,-9.776795511511791,0.0,0.03667800634765683
2019-08-01,38.73,39.0,38.110001,38.119999,34.428871,407700,35.229681888888905,35.67567685714293,34.768841820000006,31.16489776499991,34.97156524658203,33.841812,-8.25927029383702,0.0,-0.5426942465820304
2019-08-02,37.759998,37.849998,37.32,37.470001,33.841812,428000,35.08015722222223,35.5629956190477,34.79541522,31.189534719999905,34.5707893371582,33.399254,-7.737420831245241,0.0,-0.7289773371582058
2019-08-05,37.220001,37.279999,36.810001,36.98,33.399254,248400,34.85336077777779,35.43139057142865,34.82272892,31.207831869999904,34.15848159790039,33.832775,-7.629849654136307,0.7592275979003915,0.0
2019-08-06,37.48,37.720001,37.43,37.459999,33.832775,255200,34.72089544444445,35.31053766666675,34.854094800000006,31.230806854999905,33.982093811035156,33.99535,-9.2843173566685,0.1493188110351582,0.0
2019-08-07,37.209999,37.700001,37.099998,37.639999,33.99535,295100,34.58642355555556,35.212909238095314,34.894928920000005,31.257572964999905,33.8712043762207,34.157921,-10.01273837382222,-0.12414562377929883,0.0
2019-08-08,37.799999,37.93,37.759998,37.82,34.157921,123700,34.44292022222223,35.10022800000007,34.92942302,31.284981719999905,33.94487762451172,33.977283,-10.246225212819358,0.0,0.213043375488283
2019-08-09,37.52,37.669998,37.360001,37.619999,33.977283,155400,34.26730333333333,34.993137619047694,34.95941622,31.312933884999907,33.96396255493164,33.841812,-9.718332116564806,0.0,0.013320445068359277
2019-08-12,37.439999,37.650002,37.32,37.470001,33.841812,107400,34.08466244444445,34.88389704761913,34.98687762,31.340166139999905,33.978843688964844,34.022442,-9.317206346045092,0.1370316889648464,0.0
2019-08-13,37.080002,37.849998,37.080002,37.669998,34.022442,138300,33.944168888888896,34.79314976190484,35.0028541,31.36893973499991,33.997589111328125,32.857357,-9.748895895008742,0.0,0.024852888671873075
2019-08-14,36.779999,36.830002,36.349998,36.380001,32.857357,194100,33.76955622222223,34.65853438095246,34.99908122,31.39065406999991,33.61338806152344,32.803165,-7.604763228226856,0.0,-0.7560310615234371
2019-08-15,36.279999,36.509998,36.150002,36.32,32.803165,514700,33.654151,34.526069380952464,34.99493502,31.41516076999991,33.267032623291016,32.468990000000005,-8.40574718256879,0.0,-0.4638676232910157
2019-08-16,36.099998,36.220001,35.869999,35.950001,32.468990000000005,427500,33.55078833333334,34.36650909523818,34.97771104,31.43795405999991,32.9495849609375,32.685749,-8.346080544093727,0.4805949609374949,0.0
2019-08-19,36.009998,36.279999,35.91,36.189999,32.685749,175600,33.423341,34.23576414285723,34.96144738,31.459959094999913,32.843143463134766,33.037991,-9.248012239141632,0.15739446313476435,0.0
2019-08-20,36.52,36.740002,36.369999,36.580002,33.037991,185800,33.316967777777776,34.133404952381035,34.94725526,31.481895864999913,32.84772872924805,33.507633,-10.203042828570522,-0.19026227075195123,0.0
2019-08-21,37.16,37.220001,36.959999,37.099998,33.507633,992200,33.244713555555556,34.041367380952465,34.93197656,31.505032099999916,32.96376037597656,33.706333,-11.148889075474983,-0.543872624023436,0.0
2019-08-22,37.259998,37.360001,37.119999,37.32,33.706333,82600,33.214608000000005,33.978575476190564,34.92866464000001,31.52890653499992,33.28019714355469,33.128307,-10.824766496370076,0.0,0.42613585644531327
2019-08-23,36.959999,37.34,36.549999,36.68,33.128307,300600,33.13532966666667,33.87965690476199,34.90366800000001,31.547678449999918,33.30606460571289,33.31797,-9.198297149092447,0.17775760571289112,0.0
2019-08-26,36.91,37.09,36.790001,36.889999,33.31797,168000,33.057055000000005,33.7781578095239,34.88370790000001,31.56790922999992,33.401283264160156,33.074116,-9.45707733914508,0.0,-0.08331326416015372
2019-08-27,36.66,36.740002,36.380001,36.619999,33.074116,316200,33.08113933333334,33.65988547619057,34.858780380000006,31.584750879999916,33.32365417480469,33.336033,-9.001488026243017,0.24953817480469098,0.0
2019-08-28,36.810001,36.959999,36.68,36.91,33.336033,47900,33.1403468888889,33.55752609523819,34.827530620000005,31.60613561499991,33.29840087890625,33.760525,-9.784879764545508,-0.03763212109375047,0.0
2019-08-29,37.279999,37.59,37.200001,37.380001,33.760525,154500,33.283850777777786,33.484842333333425,34.801519340000006,31.63223813999991,33.42696762084961,34.085667,-10.575262903685825,-0.33355737915039185,0.0
2019-08-30,37.779999,37.869999,37.549999,37.740002,34.085667,164700,33.43939722222223,33.46849928571438,34.767018240000006,31.66183841999991,33.650367736816406,34.519192,-10.836338225905742,-0.4352992631835946,0.0
2019-09-03,37.799999,38.290001,37.799999,38.220001,34.519192,357000,33.60397511111112,33.50075547619057,34.74407772000001,31.695350734999906,33.926544189453125,35.061089,-11.233534008926055,-0.5926478105468718,0.0
2019-09-04,38.599998,38.880001,38.580002,38.82,35.061089,193700,33.77658133333334,33.57989047619056,34.72709812000001,31.728721929999907,34.35226821899414,35.033997,-11.508840239582328,0.0,0.708820781005862
2019-09-05,39.02,39.040001,38.75,38.790001,35.033997,224200,33.92409955555556,33.637091523809616,34.71860830000001,31.758809249999903,34.6524772644043,35.295918,-10.666469783271468,-0.3815197355957025,0.0
2019-09-06,39.009998,39.16,38.919998,39.080002,35.295918,322000,34.16494522222223,33.69902333333342,34.706867120000005,31.791354894999905,34.91309356689453,35.295918,-10.662508239138445,0.0,0.0
2019-09-09,39.07,39.139999,38.970001,39.080002,35.295918,562900,34.38471722222223,33.75321366666676,34.697112940000004,31.823092169999903,35.05564498901367,35.359142,-10.297740033345772,-0.24027301098632847,0.0
2019-09-10,39.060001,39.299999,38.950001,39.150002,35.359142,210200,34.638609,33.81901647619057,34.69313908000001,31.859995834999904,35.208152770996094,35.612026,-10.068579891781122,-0.15098922900390477,0.0
2019-09-11,39.5,39.700001,39.290001,39.43,35.612026,258100,34.89149711111112,33.90331238095247,34.68501056,31.894590044999905,35.35188293457031,35.855885,-10.342675793633495,-0.2601430654296877,0.0
2019-09-12,39.59,39.849998,39.419998,39.700001,35.855885,76400,35.124314888888904,33.99061919047629,34.68121732,31.932871239999905,35.56093978881836,36.054577,-10.42584661693495,-0.2949452111816413,0.0
2019-09-13,39.84,39.939999,39.740002,39.919998,36.054577,222300,35.343082666666675,34.14286776190486,34.678146500000004,31.975294309999903,35.71699142456055,36.81324,-10.528574113253846,-0.337585575439455,0.0
2019-09-16,40.450001,40.98,40.400002,40.759998,36.81324,359500,35.5979768888889,34.333823714285806,34.69115210000001,32.01976628999991,36.03030014038086,36.388752,-11.603773532126137,0.0,0.782939859619141
2019-09-17,40.560001,40.560001,40.099998,40.290001,36.388752,231600,35.74549500000002,34.52047904761914,34.69151342000001,32.05820158499991,36.173133850097656,36.343594,-10.218086492234987,0.0,0.2156181499023404
2019-09-18,40.240002,40.41,39.830002,40.240002,36.343594,145900,35.89100577777779,34.69466214285724,34.69747436000001,32.0956452549999,36.2565803527832,36.226181,-9.899158671057705,0.0,0.08701364721679994
2019-09-19,40.380001,40.380001,40.09,40.110001,36.226181,196100,35.994368333333355,34.84648071428581,34.69151344000001,32.1345015399999,36.26677322387695,36.153927,-9.58171947221603,0.0,-0.04059222387695627
2019-09-20,40.02,40.209999,39.919998,40.029999,36.153927,354800,36.08970266666669,34.9724947142858,34.69006836000001,32.168486649999906,36.20676040649414,36.316498,-9.550933522396182,0.05283340649413759,0.0
2019-09-23,39.82,40.27,39.790001,40.209999,36.316498,193900,36.19607555555558,35.096788285714375,34.69368104000001,32.20609265999991,36.18035125732422,35.648155,-10.021506697067524,0.0,0.13614674267578408
2019-09-24,40.119999,40.119999,39.349998,39.470001,35.648155,355600,36.20008988888891,35.21678104761914,34.688081440000005,32.239420934999906,35.94438934326172,35.666218,-8.932382993195983,0.29623434326171605,0.0
2019-09-25,39.25,39.529999,39.07,39.490002,35.666218,267600,36.1790157777778,35.32860238095247,34.68772020000001,32.27228644999991,35.81953811645508,35.783627,-9.294666238672054,0.15332011645507748,0.0
2019-09-26,39.790001,39.790001,39.48,39.619999,35.783627,96500,36.14891022222225,35.4576267142858,34.69169414000001,32.30778119999991,35.78742980957031,35.241726,-9.673319755585274,0.0,-0.003802809570309762
2019-09-27,39.369999,39.560001,38.950001,39.02,35.241726,210600,35.97429755555558,35.54837400000009,34.68013354000001,32.34086428499991,35.56019973754883,35.133347,-8.866735680295168,0.0,-0.31847373754882824
2019-09-30,39.009998,39.080002,38.849998,38.900002,35.133347,162600,35.83480811111113,35.613746476190556,34.67417262000001,32.37404364499991,35.36402893066406,34.979805,-9.089904595212971,0.0,-0.23068193066406195
2019-10-01,39.119999,39.119999,38.610001,38.73,34.979805,156100,35.68327600000002,35.65632447619056,34.67001804,32.40547674999991,35.19279098510742,34.600479,-9.132995132694488,0.0,-0.21298598510742295
2019-10-02,38.59,38.59,38.09,38.310001,34.600479,97700,35.50264244444447,35.660195285714366,34.65321918000001,32.43760854499991,34.95103073120117,34.618538,-8.767867870321453,0.3505517312011719,0.0
2019-10-03,38.02,38.419998,37.919998,38.330002,34.618538,289600,35.33204366666669,35.63912142857151,34.64509068,32.47021355499991,34.756935119628906,34.654663,-9.321854145405716,0.13839711962890533,0.0
2019-10-04,38.529999,38.529999,38.290001,38.369999,34.654663,106600,35.14739533333336,35.62105790476198,34.634072,32.50485530499991,34.689781188964844,34.717888,-9.591394075968457,0.03511818896484442,0.0
2019-10-07,38.549999,38.66,38.439999,38.439999,34.717888,69600,35.04403233333336,35.593532666666746,34.61944074,32.540079609999914,34.67608642578125,34.483059000000004,-9.79165627506585,0.0,0.04180157421875208
2019-10-08,38.220001,38.360001,38.060001,38.18,34.483059000000004,129000,34.91257022222225,35.55482509523817,34.59794522,32.57475141999991,34.59048843383789,34.600479,-9.401549413729986,0.10742943383788628,0.0
2019-10-09,38.43,38.52,38.310001,38.310001,34.600479,82900,34.78110933333336,35.51869828571436,34.5802432,32.61120927499991,34.59795379638672,35.151405,-9.689499103937067,-0.002525203613281235,0.0
2019-10-10,38.529999,39.02,38.529999,38.919998,35.151405,174000,34.771073666666695,35.49676395238102,34.57753362,32.65113222499991,34.74237060546875,35.575901,-10.733883887998271,-0.4090343945312469,0.0
2019-10-11,39.299999,39.540001,39.25,39.389999,35.575901,218800,34.82024633333336,35.48343138095246,34.600474219999995,32.69122384499991,34.994773864746094,35.22365999999999,-11.158226064575196,0.0,0.581127135253908
2019-10-14,39.040001,39.169998,38.959999,39.0,35.22365999999999,38700,34.847341333333354,35.44386390476198,34.62811118,32.73150806999991,35.112274169921875,35.539768,-9.968527769431091,-0.1113858300781132,0.0
2019-10-15,38.919998,39.360001,38.919998,39.349998,35.539768,74200,34.951706777777794,35.38322238095246,34.67092146,32.77190748499991,35.29536437988281,35.991356,-10.304024971277475,-0.24440362011718975,0.0
2019-10-16,39.630001,39.91,39.630001,39.849998,35.991356,459200,35.10424211111113,35.36429876190484,34.71409308,32.81509769999992,35.507022857666016,36.126835,-10.898307052196047,-0.4843331423339876,0.0
2019-10-17,39.82,40.02,39.82,40.0,36.126835,55100,35.26781677777779,35.353976904761986,34.75672278,32.85621220999992,35.74846649169922,36.081673,-10.628833770751953,0.0,0.37836850830078106
2019-10-18,39.950001,40.110001,39.860001,39.950001,36.081673,134000,35.41934844444446,35.34709557142865,34.79519782,32.896790069999916,35.86091232299805,36.424881,-10.235515831406246,-0.22076067700195523,0.0
2019-10-21,40.110001,40.34,40.099998,40.330002,36.424881,198900,35.63510644444446,35.35999814285723,34.844149779999995,32.93446588999991,36.0775032043457,36.759052,-10.544256347059683,-0.34737779565429605,0.0
2019-10-22,40.470001,40.919998,40.470001,40.700001,36.759052,43800,35.8749478888889,35.38107214285723,34.902494579999995,32.973634944999915,36.340599060058594,36.99387700000001,-10.711061014326281,-0.4184529399414032,0.0
2019-10-23,40.700001,41.080002,40.700001,40.959999,36.99387700000001,71200,36.07966700000001,35.44515414285723,34.96192328,33.014022514999915,36.541839599609375,37.49062,-10.78652223695276,-0.4520374003906369,0.0
2019-10-24,41.369999,41.599998,41.310001,41.509998,37.49062,161100,36.29241355555556,35.53203042857152,35.05458854,33.05427393499991,36.84158706665039,37.842857,-11.24647352030615,-0.6490329333496092,0.0
2019-10-25,41.59,41.93,41.549999,41.900002,37.842857,108100,36.583435444444454,35.63008900000008,35.15538238,33.09513200999991,37.1887321472168,37.517715,-11.244080257521714,0.0,0.6541248527832053
2019-10-28,41.889999,41.93,41.419998,41.540001,37.517715,117600,36.80320733333335,35.73846942857151,35.25635688,33.13525247499991,37.3051872253418,37.644161,-10.194544228966677,-0.21252777465820571,0.0
2019-10-29,41.610001,41.860001,41.529999,41.68,37.644161,70000,36.986852333333346,35.85803200000008,35.355525119999996,33.17676004999991,37.43629837036133,38.222191,-10.18162579087973,-0.20786262963866875,0.0
2019-10-30,41.990002,42.349998,41.880001,42.32,38.222191,259000,37.21966966666668,36.01243133333341,35.45920912,33.22053610499991,37.655426025390625,37.68029,-11.022150223557125,0.0,0.5667649746093772
2019-10-31,42.099998,42.27,41.599998,41.720001,37.68029,150300,37.39729377777779,36.15908900000008,35.54266226,33.25991527999991,37.63252639770508,38.800217,-9.797398140750104,-0.04776360229492127,0.0
2019-11-01,42.369999,42.98,42.369999,42.959999,38.800217,205100,37.66122000000001,36.358216571428656,35.64453994,33.30436123499991,37.94034194946289,39.152458,-11.684490613086636,-0.8598750505371129,0.0
2019-11-04,43.290001,43.439999,43.27,43.349998,39.152458,109900,37.92715400000001,36.572397285714366,35.76502296,33.34910304499991,38.33455276489258,39.016979,-11.569655055364526,0.0,0.8179052351074247
2019-11-05,43.029999,43.279999,42.860001,43.200001,39.016979,178700,38.15194311111112,36.777115904761985,35.87900314,33.39498805499991,38.56215286254883,39.08923,-10.735759328920322,-0.45482613745117106,0.0
2019-11-06,43.200001,43.369999,42.84,43.279999,39.08923,129200,38.32956644444445,36.996457380952464,35.99930542,33.43870324999991,38.699798583984375,39.38728,-10.582718396124783,-0.3894314160156256,0.0
2019-11-07,43.759998,43.860001,43.549999,43.610001,39.38728,491200,38.50116900000001,37.224400285714374,36.12033036,33.48279857999991,38.88701629638672,39.098267,-10.830049519176297,0.0,0.5002637036132782
2019-11-08,43.16,43.290001,42.82,43.290001,39.098267,178100,38.6767858888889,37.412346095238185,36.227085200000005,33.52602608999991,38.92037582397461,38.818283,-10.093844017294867,0.0,0.1778911760253905
2019-11-11,42.77,43.040001,42.68,42.98,38.818283,58300,38.807243888888905,37.56674523809532,36.32173752,33.569319049999905,38.865760803222656,38.158966,-9.572450434568033,0.0,-0.04747780322265527
2019-11-12,42.650002,42.650002,42.209999,42.25,38.158966,194200,38.80021888888891,37.70652171428579,36.394533,33.607539234999905,38.58165740966797,38.195091,-8.682467669424925,0.42269140966796925,0.0
2019-11-13,42.02,42.299999,41.990002,42.290001,38.195091,65200,38.857419000000014,37.83296566666675,36.45721304,33.642032424999904,38.402103424072266,38.095745,-9.193420392512479,0.0,-0.20701242407226772
2019-11-14,41.889999,42.23,41.759998,42.18,38.095745,120900,38.77914433333334,37.93317466666675,36.51844800000001,33.675984489999905,38.169647216796875,38.484108,-9.507711671889817,0.07390221679687414,0.0
2019-11-15,42.389999,42.689999,42.290001,42.610001,38.484108,143700,38.70488322222223,38.045425761904845,36.5822118,33.713254909999904,38.14971160888672,38.158966,-10.467705436367575,0.0,0.33439639111328034
2019-11-18,42.060001,42.25,41.93,42.25,38.158966,135600,38.60954844444446,38.144344476190554,36.639472760000004,33.748810784999904,38.06963348388672,38.104774,-9.8943586180196,0.0,0.08933251611328075
2019-11-19,42.310001,42.450001,42.099998,42.189999,38.104774,123500,38.50016444444446,38.22433938095246,36.6943854,33.78191988499991,38.034278869628906,37.869949,-9.850012393626969,0.0,0.07049513037109278
2019-11-20,41.970001,42.200001,41.860001,41.93,37.869949,1433100,38.33157211111113,38.27723923809532,36.73954386,33.81643033499991,37.73283767700195,38.177029,-10.009926837581794,-0.13711132299804518,0.0
2019-11-21,42.200001,42.400002,42.150002,42.27,38.177029,385500,38.22921233333335,38.33357980952388,36.78596674,33.85429677499991,37.8674201965332,38.086708,-10.41537687122498,0.0,0.3096088034667943
2019-11-22,42.34,42.389999,42.060001,42.169998,38.086708,126800,38.14792622222224,38.36196495238103,36.82660936,33.8920668349999,37.94588088989258,38.23122,-10.016877662900106,-0.14082711010742344,0.0
2019-11-25,42.200001,42.349998,42.16,42.330002,38.23122,194200,38.15595444444446,38.38045842857151,36.854968959999994,33.9299378149999,38.04684066772461,37.869949,-10.118500188767747,0.0,0.18437933227539105
2019-11-26,41.830002,41.939999,41.689999,41.93,37.869949,208400,38.119827555555574,38.397231476190555,36.884592899999994,33.965602779999905,37.986881256103516,37.779636,-9.404051380626004,0.0,-0.11693225610351732
2019-11-27,41.779999,41.869999,41.66,41.830002,37.779636,320800,38.08470433333335,38.40368266666675,36.91331373999999,34.006144749999905,37.812232971191406,37.553844,-9.604993633059339,0.0,-0.0325969711914027
2019-11-29,41.650002,41.75,41.48,41.580002,37.553844,168900,37.98134166666668,38.371856619047705,36.93986699999999,34.0449361099999,37.671051025390625,37.463528,-9.401036042781758,0.0,-0.117207025390627
2019-12-02,41.759998,41.779999,41.419998,41.48,37.463528,142700,37.90407077777779,38.3615346190477,36.966059019999996,34.081410874999904,37.552242279052734,37.066132,-9.469039828706034,0.0,-0.08871427905273777
2019-12-03,41.18,41.18,40.889999,41.040001,37.066132,633900,37.78866611111112,38.27895914285723,36.981051699999995,34.11567664499991,37.246826171875,37.49062,-9.242628498291209,0.1806941718749968,0.0
2019-12-04,41.43,41.560001,41.380001,41.509998,37.49062,125200,37.74651844444445,38.19982400000009,37.017900999999995,34.149977829999905,37.287506103515625,37.499653,-10.17222861943857,-0.20311389648437483,0.0
2019-12-05,41.48,41.57,41.369999,41.52,37.499653,575400,37.67125444444445,38.12757038095247,37.054569699999995,34.18614477499991,37.24178695678711,37.978329,-10.303981317950129,-0.25786604321289275,0.0
2019-12-06,41.740002,42.080002,41.740002,42.049999,37.978329,136800,37.659212333333336,38.07467033333342,37.09846373999999,34.223195349999905,37.47431182861328,38.077682,-10.881539310825474,-0.504017171386721,0.0
2019-12-09,42.290001,42.330002,42.139999,42.16,38.077682,91600,37.642152555555555,38.01230852380961,37.15518286,34.2606538549999,37.67928695678711,38.149937,-10.627877237222219,-0.39839504321289354,0.0
2019-12-10,42.169998,42.310001,42.049999,42.240002,38.149937,126800,37.673262333333334,37.96714995238104,37.21551466,34.2980739949999,37.83112716674805,38.791191,-10.437676667846631,-0.31880983325195444,0.0
2019-12-11,42.5,42.990002,42.490002,42.950001,38.791191,199300,37.78565733333333,37.965859857142945,37.291742379999995,34.339632899999906,38.1168098449707,39.170517,-11.253064126888605,-0.6743811550292946,0.0
2019-12-12,43.27,43.720001,43.259998,43.369999,39.170517,183100,37.96528766666667,38.01402895238105,37.383143139999994,34.3840653699999,38.4267692565918,39.38728,-11.397809216938656,-0.7437477434081998,0.0
2019-12-13,43.5,43.869999,43.439999,43.610001,39.38728,276400,38.179037888888885,38.07079985714295,37.47851798,34.4304697149999,38.703487396240234,39.7561,-11.250890830660065,-0.6837926037597626,0.0
2019-12-16,41.639999,41.66,41.470001,41.5,39.7561,175300,38.47792322222222,38.14986438095247,37.58054672,34.4785405649999,39.02973937988281,39.928539,-5.952435229198042,-0.726360620117191,0.0
2019-12-17,41.400002,41.700001,41.400002,41.68,39.928539,146400,38.748803111111116,38.218646809523904,37.68475974,34.52645230499991,39.328487396240234,39.957275,-5.641824865066615,-0.6000516037597663,0.0
2019-12-18,41.759998,41.759998,41.540001,41.709999,39.957275,249700,39.02187222222222,38.30428057142866,37.794244060000004,34.574685334999906,39.488407135009766,40.06265300000001,-5.326281271285184,-0.46886786499023714,0.0
2019-12-19,41.669998,41.849998,41.610001,41.82,40.06265300000001,161900,39.253463777777775,38.397512904761996,37.90348754,34.6250882449999,39.64286804199219,40.16803,-5.205958770941685,-0.4197849580078241,0.0
2019-12-20,42.0,42.080002,41.790001,41.93,40.16803,253600,39.48572466666666,38.50694533333343,38.00382004,34.6778830249999,39.75165939331055,40.340469,-5.1951838938455825,-0.4163706066894548,0.0
2019-12-23,42.029999,42.150002,41.970001,42.110001,40.340469,117300,39.7291171111111,38.60996628571438,38.0991114,34.7289645199999,39.891536712646484,40.570381,-5.268259878107133,-0.4489322873535144,0.0
2019-12-24,42.220001,42.419998,42.220001,42.349998,40.570381,101300,39.92680488888888,38.72823642857152,38.20604582000001,34.78061832499989,40.05322265625,40.656601,-5.4233186593066645,-0.5171583437499976,0.0
2019-12-26,42.240002,42.48,42.23,42.439999,40.656601,52400,40.09192533333333,38.84373076190485,38.30838248,34.832037144999894,40.195682525634766,41.087688,-5.288210478905135,-0.46091847436523636,0.0
2019-12-27,42.880001,42.959999,42.73,42.889999,41.087688,50500,40.28085955555556,38.996956428571515,38.41030912,34.88605546999989,40.415706634521484,40.838619,-5.768926144014409,0.0,0.6719813654785156
2019-12-30,42.849998,42.91,42.610001,42.630001,40.838619,105100,40.401139444444446,39.142622285714374,38.504544800000005,34.93669699499989,40.47987365722656,40.867355,-5.043695267033744,-0.35874534277343884,0.0
2019-12-31,42.669998,42.849998,42.57,42.66,40.867355,139800,40.50545233333334,39.30040852380961,38.600258440000005,34.98437387999989,40.52851104736328,42.026508,-4.996457929293754,-0.3388439526367222,0.0
2020-01-02,43.189999,44.07,43.150002,43.869999,42.026508,494600,40.73536711111112,39.51769328571437,38.712290980000006,35.037802109999895,40.842586517333984,41.13559,-6.90087201202356,0.0,1.1839214826660154
2020-01-03,43.029999,43.369999,42.93,42.939999,41.13559,382300,40.85458233333333,39.71147700000009,38.799821740000006,35.08473314999989,40.865325927734375,41.748699,-4.8315629263652875,-0.27026407226562554,0.0
2020-01-06,43.119999,43.619999,43.009998,43.580002,41.748699,247000,41.03021222222222,39.91424266666675,38.894918180000005,35.13486294499989,41.065067291259766,41.624157,-5.770845785505551,0.0,0.6836317087402364
2020-01-07,43.57,43.709999,43.41,43.450001,41.624157,127500,41.172844222222224,40.110647619047704,38.97758892,35.18881051999989,41.21558380126953,42.390541,-5.142502065144876,-0.4085731987304655,0.0
2020-01-08,43.93,44.439999,43.790001,44.25,42.390541,245100,41.37508422222223,40.320752952381035,39.0685426,35.243925704999896,41.51808166503906,42.37138,-6.173826745674435,0.0,0.8724593349609364
2020-01-09,44.360001,44.450001,44.139999,44.23,42.37138,109800,41.56561522222222,40.52521476190485,39.165615900000006,35.29916710999989,41.660369873046875,42.68751500000001,-5.809699586147687,-0.711010126953127,0.0
2020-01-10,44.400002,44.599998,44.380001,44.560001,42.68751500000001,176600,41.74337377777778,40.741289904761985,39.266482980000006,35.358298234999886,41.91737747192383,43.300621,-5.930483547511975,-0.7701375280761837,0.0
2020-01-13,44.639999,45.200001,44.529999,45.200001,43.300621,97100,42.01692955555555,40.95602466666675,39.36805158000001,35.42018406999989,42.261722564697266,42.419277,-6.500615863488,0.0,1.038898435302734
2020-01-14,44.66,44.689999,44.139999,44.279999,42.419277,356100,42.189365333333335,41.1107275238096,39.46283132000001,35.47912853999989,42.21541976928711,42.543819,-4.6625548268709025,-0.20385723071289163,0.0
2020-01-15,44.32,44.669998,44.259998,44.41,42.543819,220500,42.246844333333335,41.26103890476198,39.53770336,35.5353209749999,42.204044342041016,42.831207,-4.967249849040714,-0.33977465795898354,0.0
2020-01-16,44.560001,44.75,44.48,44.709999,42.831207,214000,42.435246222222226,41.40747257142865,39.611278340000005,35.59255069499989,42.29150390625,43.36768,-5.409293553663473,-0.5397030937499991,0.0
2020-01-17,45.25,45.27,45.080002,45.27,43.36768,313100,42.61513300000001,41.571241190476265,39.69829236,35.65308441999989,42.4749755859375,43.13776,-6.174120640738907,0.0,0.8927044140625
2020-01-21,45.029999,45.259998,44.919998,45.029999,43.13776,147500,42.783311111111125,41.72269285714293,39.779262960000004,35.71282382999989,42.54810333251953,42.735413,-5.511649395063201,0.0,0.5896566674804689
2020-01-22,44.799999,44.799999,44.48,44.610001,42.735413,209400,42.82163022222224,41.84996714285721,39.84622562000001,35.7691749199999,42.504913330078125,42.3139,-4.718869362773321,0.0,0.2304996699218762
2020-01-23,44.25,44.299999,43.84,44.169998,42.3139,144800,42.81524355555557,41.9521514285715,39.91053828000001,35.8211538299999,42.34025192260742,42.112724,-4.142508852711694,0.0,-0.026351922607425138
2020-01-24,44.310001,44.310001,43.830002,43.959999,42.112724,79800,42.751377888888904,42.03654452380959,39.97642710000001,35.8723488699999,42.13334274291992,40.790718,-4.155269105170092,0.0,-0.02061874291992183
2020-01-27,42.740002,42.880001,42.349998,42.580002,40.790718,270300,42.4724997777778,42.04703676190483,40.02906214000001,35.9149356549999,41.502628326416016,41.451725,-2.530233966602408,0.7119103264160174,0.0
2020-01-28,42.950001,43.349998,42.860001,43.27,41.451725,198400,42.36499400000002,42.08489980952387,40.094194820000006,35.9635805799999,41.272159576416016,41.585838,-4.617149118520886,-0.17956542358398764,0.0
2020-01-29,43.369999,43.470001,43.060001,43.41,41.585838,140800,42.25855166666669,42.1086212380953,40.163996680000004,36.0125852299999,41.175819396972656,40.87693400000001,-5.146695699210644,0.0,0.4100186030273463
2020-01-30,42.560001,42.759998,42.240002,42.669998,40.87693400000001,301400,42.04141022222225,42.11044576190483,40.21185320000001,36.0580009549999,40.900760650634766,39.823162,-4.1463263001916095,0.0,-0.023826650634752866
2020-01-31,42.09,42.310001,41.450001,41.57,39.823162,513300,41.64757488888891,42.06072228571435,40.24513712000001,36.0969044949999,40.35743713378906,39.871056,-2.91691812896545,0.534275133789059,0.0
2020-02-03,41.650002,42.029999,41.490002,41.619999,39.871056,456700,41.2846077777778,41.958081714285775,40.280462760000006,36.1351594049999,40.08369064331055,40.493744,-3.6912743719418475,0.21263464331054394,0.0
2020-02-04,42.25,42.560001,42.25,42.27,40.493744,323500,41.03553344444447,41.927517619047684,40.33293866000001,36.177105014999896,40.06107711791992,41.087688,-5.225746113272016,-0.43266688208007764,0.0
2020-02-05,43.02,43.060001,42.68,42.889999,41.087688,122800,40.899287666666694,41.89604090476197,40.39115184000001,36.219844519999896,40.24519348144531,40.426689,-6.166485381719618,0.0,0.8424945185546875
2020-02-06,42.189999,42.349998,41.990002,42.200001,40.426689,452400,40.71195044444447,41.83901861904768,40.43795146000001,36.259279029999895,40.168670654296875,39.6124,-4.813578904188001,0.0,0.2580183457031282
2020-02-07,41.389999,41.610001,41.099998,41.349998,39.6124,153300,40.58102622222225,41.70672619047625,40.46557506000001,36.2973063749999,39.97467803955078,39.372906,-3.3260460144380617,0.0,-0.3622780395507803
2020-02-10,40.900002,41.18,40.799999,41.099998,39.372906,92100,40.35004633333336,41.563941714285775,40.49563420000001,36.335734814999896,39.7435302734375,40.11055,-3.3004082544298408,0.3706242734374996,0.0
2020-02-11,42.09,42.220001,41.84,41.869999,40.11055,148500,40.186125444444464,41.44122909523816,40.54225248000001,36.378206729999896,39.72555923461914,40.886517,-5.121661850005918,-0.38499076538086285,0.0
2020-02-12,42.450001,42.689999,42.41,42.68,40.886517,403100,40.18719022222225,41.32627176190483,40.608905940000014,36.423537159999896,39.888893127441406,40.225513,-6.539613103464371,0.0,0.9976238725585915
2020-02-13,42.23,42.290001,41.919998,41.990002,40.225513,148600,40.23189588888891,41.221806809523876,40.66414564000001,36.4659622099999,39.89528274536133,40.177608,-4.988614324521034,0.0,0.3302302546386713
2020-02-14,42.060001,42.060001,41.740002,41.939999,40.177608,135700,40.26595722222224,41.109130095238164,40.72637516000002,36.5102347549999,39.95296096801758,39.890217,-4.73781134802226,0.0,0.2246470319824212
2020-02-18,41.639999,41.91,41.349998,41.639999,39.890217,175400,40.198898666666686,40.96908295238102,40.77436710000002,36.5521822549999,39.91280746459961,40.445847,-4.147914449758737,0.02259046459960956,0.0
2020-02-19,42.16,42.34,42.16,42.220001,40.445847,78500,40.12758300000002,40.82994804761912,40.833290980000015,36.5956645799999,40.01718521118164,40.091393,-5.21746976940707,0.0,0.4286617888183599
2020-02-20,42.330002,42.330002,41.630001,41.849998,40.091393,262400,40.09032788888891,40.684882952381024,40.87555226000001,36.6380407099999,39.85744094848633,40.158451,-4.761187925298517,-0.23395205151366838,0.0
2020-02-21,41.68,42.060001,41.509998,41.919998,40.158451,179100,40.151000222222244,40.56217047619055,40.91716764000001,36.682750334999895,39.86033248901367,38.070061,-4.913324449553476,0.0,0.2981185109863276
2020-02-24,40.0,40.299999,39.599998,39.740002,38.070061,142000,40.00623966666669,40.36008290476198,40.915570120000005,36.7173288199999,39.233089447021484,37.706028,-1.2755725401788167,0.0,-1.1630284470214818
2020-02-25,40.389999,40.389999,39.200001,39.360001,37.706028,648800,39.73907055555558,40.15024023809532,40.89386686,36.753506339999895,38.53912353515625,37.696445,-2.085562611758437,0.0,-0.8330955351562466
2020-02-26,39.630001,40.23,39.279999,39.349998,37.696445,783600,39.38461811111113,40.00289390476199,40.86438542,36.787770929999894,38.02177429199219,36.345695,-3.3754098488335673,0.0,-0.3253292919921904
2020-02-27,38.450001,38.77,37.84,37.939999,36.345695,415800,38.95352722222224,39.7597496190477,40.80355372,36.81630307999989,37.32707214355469,34.784195000000004,-1.6155162693739469,0.0,-0.9813771435546883
2020-02-28,35.630001,36.380001,35.259998,36.310001,34.784195000000004,445000,38.35425911111113,39.43586185714294,40.70411562,36.83320893999989,36.31793975830078,35.186546,0.021863833880867975,1.5337447583007773,0.0
2020-03-02,36.169998,36.75,35.43,36.73,35.186546,316400,37.83162900000002,39.16489100000008,40.60927576,36.85203771999989,35.821449279785156,34.43932,-2.4735930308054472,0.0,-0.6349032797851564
2020-03-03,36.810001,37.389999,35.529999,35.950001,34.43932,432900,37.164237111111134,38.908517571428646,40.49891666,36.866197889999896,35.17593002319336,35.665531,-2.1531876363693034,0.7366100231933572,0.0
2020-03-04,37.139999,37.299999,36.669998,37.23,35.665531,374800,36.67247466666669,38.708254476190554,40.41097422,36.88675554999989,35.090152740478516,33.883694,-5.747642383887944,0.0,0.5753782595214858
2020-03-05,36.389999,36.5,35.27,35.369999,33.883694,300300,35.97527944444446,38.39349019047627,40.2852875,36.898004369999896,34.59964370727539,32.801182,-2.177990711067335,0.0,-0.7159497072753922
2020-03-06,34.610001000000004,34.709999,34.060001,34.240002000000004,32.801182,892300,35.38984844444446,37.99889466666675,40.13450176,36.900732299999895,33.927459716796875,25.922894,-0.9127986709905245,0.0,-1.1262777167968778
2020-03-09,28.52,29.42,27.059999,27.059999,25.922894,471000,34.080611333333344,37.30823776190485,39.84155202,36.8677810599999,31.324045181274414,29.908083000000005,15.757747002409026,5.401151181274415,0.0
2020-03-10,30.950001,31.549999,29.75,31.219999,29.908083,411300,33.21523777777779,36.84612742857151,39.62658166,36.8571536299999,30.577592849731445,28.097504,-2.057675114815206,0.0,-0.669509849731444
2020-03-11,30.190001,30.290001,28.950001,29.33,28.097504,486800,32.29877211111113,36.30920352380961,39.36677798,36.8363187449999,29.377761840820312,24.917017,0.16284296222405117,0.0,-1.2802578408203118
2020-03-12,26.690001,27.67,25.66,26.01,24.917017,479600,31.202419000000013,35.58570195238104,39.04834594,36.801135609999896,27.627471923828125,27.858009000000006,6.218654070850147,2.7104549238281237,0.0
2020-03-13,28.459999,29.35,27.110001,29.08,27.858009000000006,714100,30.38813711111112,34.96529680952389,38.788159019999995,36.77825957499989,27.179004669189453,24.112314,-6.537122870737775,0.0,0.6790043308105531
2020-03-16,25.299999,27.01,25.049999,25.17,24.112314,376700,29.24069200000001,34.1980016190477,38.42987514,36.736433029999894,26.376544952392578,25.242729,4.793583442163593,2.2642309523925768,0.0
2020-03-17,25.75,26.68,25.219999,26.35,25.242729,654000,28.0826028888889,33.486816904761994,38.11201792,36.70030296499989,25.71953010559082,21.075523,-2.392675121097461,0.0,-0.4768011055908197
2020-03-18,23.23,24.200001,22.0,22.0,21.075523,1091500,26.65947277777779,32.59087909523818,37.6985544,36.639562489999896,24.005264282226562,24.792479,9.114837646484375,2.929741282226562,0.0
2020-03-19,23.959999,26.15,23.48,25.879999,24.792479,554600,25.769616888888905,31.845480619047706,37.361920839999996,36.59829487999989,24.19852638244629,23.891981,-6.497189654272059,0.0,0.5939526175537111
2020-03-20,26.07,26.299999,24.83,24.940001,23.891981,250100,25.543959888888903,31.07408004761913,36.99194964,36.552702409999895,23.84698486328125,24.505085,-4.382582569739067,-0.044996136718751245,0.0
2020-03-23,25.0,25.719999,24.74,25.58,24.505085,302100,24.943626777777794,30.32868166666675,36.634623739999995,36.50857688999989,24.096384048461914,26.296505,-5.799905987248179,-0.40870095153808705,0.0
2020-03-24,27.049999,27.85,26.74,27.450001,26.296505,1032600,24.74351577777779,29.768036142857227,36.30680354,36.47256475499989,24.639699935913086,26.852133,-10.237890570885277,-1.6568050640869139,0.0
2020-03-25,27.190001,28.59,26.290001,28.030001,26.852133,474500,24.95852866666668,29.251184000000087,35.97783378,36.43808743499989,25.62038230895996,27.426918,-8.596570121563813,-1.2317506910400375,0.0
2020-03-26,27.83,28.65,27.83,28.629999,27.426918,484400,24.91062966666668,28.76215890476199,35.6779866,36.40386418499989,26.3194637298584,25.760036,-8.070329552374776,0.0,1.1074542701416021
2020-03-27,26.9,27.25,26.41,26.889999,25.760036,360900,25.0937098888889,28.258079904761992,35.34231093999999,36.36330471999989,26.41983413696289,25.903736,-1.7484748252951179,0.6597981369628911,0.0
2020-03-30,26.790001,27.139999,26.41,27.040001,25.903736,833600,25.16715511111112,27.83520090476199,35.00376151999999,36.32093270499989,26.39737319946289,26.574318,-2.376582014686721,0.4936371994628921,0.0
2020-03-31,27.719999,28.34,27.49,27.74,26.574318,219000,25.778132333333346,27.42509480952389,34.66789427999999,36.28222441999989,26.491119384765625,26.07617,-4.502093061407258,0.0,0.08319861523437666
2020-04-01,27.5,27.74,27.15,27.219999,26.07617,131800,25.920764666666678,27.02684957142866,34.32666247999999,36.24100280999989,26.388675689697266,27.915489,-3.054090157397639,0.31250568969726444,0.0
2020-04-02,27.77,29.34,27.5,29.139999,27.915489,486600,26.367821111111123,26.65779995238104,34.03026399999999,36.20608764999989,26.759971618652344,28.557333,-8.16756164386847,-1.1555173813476571,0.0
2020-04-03,29.67,30.0,29.280001,29.809999,28.557333,410100,26.818070888888897,26.4041637142858,33.75513265999999,36.17356886999989,27.421180725097656,29.620689,-8.013479889423495,-1.1361522749023436,0.0
2020-04-06,30.16,30.98,30.01,30.92,29.620689,318500,27.187424666666672,26.252711666666748,33.50529195999999,36.14261870499989,28.239805221557617,28.739349000000004,-8.668159050589859,0.0,1.3808837784423815
2020-04-07,30.959999,31.08,30.0,30.0,28.739349,281700,27.397115333333332,26.38682857142865,33.26426457999999,36.10798435999989,28.558115005493164,30.090098999999995,-4.806283315022786,-0.18123399450683664,0.0
2020-04-08,30.77,31.530001,30.73,31.41,30.090099,182200,27.69302433333333,26.395496000000076,33.03703205999999,36.078884509999895,29.296249389648438,29.841024,-6.729546674153335,0.0,0.7938496103515611
2020-04-09,32.16,32.740002000000004,31.01,31.15,29.841024,320800,28.14646744444444,26.47852076190484,32.802135779999986,36.05079718999989,29.540706634521484,30.367912,-5.166270836207108,-0.3003173654785165,0.0
2020-04-13,31.57,31.790001,31.379999,31.700001,30.367912,111900,28.642487,26.73808719047627,32.591955339999984,36.02322186499989,29.9088077545166,30.252956,-5.650451700248838,0.0,0.4591042454833989
2020-04-14,31.91,32.220001,31.34,31.58,30.252956,167600,29.05122455555555,26.852132285714365,32.40055121999999,35.99556850999989,30.041057586669922,28.260361,-4.873155203705118,0.0,0.2118984133300792
2020-04-15,29.690001,29.799999,29.190001,29.5,28.260361,465000,29.29391244444444,27.049658333333415,32.16833731999999,35.959081139999896,29.554956436157227,28.547752000000006,0.1862930039228019,1.294595436157227,0.0
2020-04-16,30.360001,30.389999,29.379999,29.799999,28.547752000000006,346200,29.364163888888886,27.207040380952463,31.929417479999987,35.921727639999894,29.166799545288086,29.151281000000004,-2.1248304562423432,0.6190475452880797,0.0
2020-04-17,30.309999,30.440001,30.0,30.43,29.151281,159500,29.430158111111105,27.59160028571437,31.690689339999984,35.8872563099999,29.135576248168945,27.934649,-4.253775063526304,0.0,0.015704751831055574
2020-04-20,29.559999,29.9,29.110001,29.16,27.934649,219800,29.24282033333332,27.741227428571516,31.440848539999987,35.8458889649999,28.686506271362305,27.273643,-1.6237782189221381,0.0,-0.7518572713623044
2020-04-21,28.0,28.700001,27.85,28.469999,27.273643,267700,29.079964111111096,27.90225895238104,31.19407339999999,35.801442379999905,28.135459899902344,28.77767,-1.1750583486063966,0.8618168999023439,0.0
2020-04-22,29.65,30.09,29.639999,30.040001,28.77767,109200,28.93413866666665,28.10571538095247,30.982168679999987,35.763477299999906,28.340187072753906,29.122541,-5.658501566781219,-0.4374829272460943,0.0
2020-04-23,30.75,31.219999,30.25,30.4,29.122541,151500,28.854307222222207,28.24028852380961,30.76240849999998,35.7288622699999,28.572620391845703,29.256659000000003,-6.011117132086499,-0.5499206081542951,0.0
2020-04-24,30.780001,30.92,30.18,30.540001,29.256659000000006,34900,28.730834666666656,28.35478976190485,30.529811339999984,35.69252442999991,28.764671325683594,29.467413,-5.81312906412939,-0.49198767431641244,0.0
2020-04-27,30.41,30.860001,30.34,30.76,29.467413,80500,28.643552111111106,28.451956190476277,30.31464933999998,35.658730589999905,29.0732479095459,29.342875,-5.483589370787071,0.0,0.3941650904541021
2020-04-28,31.49,31.639999,30.629999,30.629999,29.342875,449700,28.76383144444444,28.62256757142866,30.097954679999983,35.624765644999904,29.23570442199707,30.856481999999996,-4.552055577941518,-0.10717057800292906,0.0
2020-04-29,31.76,32.27,31.75,32.209999,30.856482,78400,29.020356999999997,28.85841261904771,29.917279979999986,35.59940737999991,29.82484245300293,29.869764,-7.405019003561823,0.0,1.03163954699707
2020-04-30,31.57,31.700001,30.59,31.18,29.869764,138300,29.10018844444444,29.015338619047714,29.705758319999987,35.570334799999905,29.894268035888672,28.940525,-4.123579102345503,0.0,-0.024504035888671893
2020-05-01,30.639999,30.719999,30.02,30.209999,28.940525,101400,29.21195244444444,29.151736476190568,29.482740959999987,35.537112774999905,29.665983200073242,29.888925999999998,-1.8007805956125906,0.7254582000732412,0.0
2020-05-04,30.639999,31.209999,30.52,31.200001,29.888926,123200,29.502539444444444,29.24570966666676,29.27735045999999,35.507458624999906,29.762004852294922,30.252956,-4.608961864152115,-0.12692114770507956,0.0
2020-05-05,31.450001,31.780001,31.450001,31.58,30.252956,89400,29.666460111111107,29.326453619047715,29.12100835999999,35.48156643999991,29.95342254638672,29.793127,-5.150656914544901,0.0,0.2995334536132823
2020-05-06,31.309999,31.389999,30.84,31.1,29.793127,68200,29.740969666666658,29.33466495238105,28.96275033999999,35.45459440499991,29.84387969970703,29.63027,-4.0389720266654985,0.0,-0.05075269970703289
2020-05-07,31.4,31.6,30.82,30.93,29.63027,235000,29.78248199999999,29.377089761904863,28.80142683999999,35.425543644999905,29.757732391357422,30.367912,-3.7900666299469052,0.12746239135742243,0.0
2020-05-08,31.450001,31.84,31.33,31.700001,30.367912,190400,29.88253744444443,29.390318952381055,28.681871179999987,35.40225838999991,30.023338317871094,29.716488000000002,-5.2891565591083305,0.0,0.3445736821289067
2020-05-11,31.209999,31.34,30.870001,31.02,29.716488,116900,29.924049999999983,29.384388666666773,28.58051703999999,35.37481284499991,29.954036712646484,29.955982000000002,-3.436374233892699,0.23754871264648614,0.0
2020-05-12,31.57,31.83,31.15,31.27,29.955982,98400,29.823994444444427,29.364772952381053,28.475905759999993,35.3473454999999,29.944358825683594,29.294977000000006,-4.239338581120582,0.0,0.011623174316405027
2020-05-13,31.34,31.41,30.450001,30.58,29.294977000000006,259300,29.760129222222208,29.319154904762005,28.37301889999999,35.316031209999906,29.728849411010742,30.061359000000003,-2.7833570601349122,0.4338724110107357,0.0
2020-05-14,30.33,31.379999,30.26,31.379999,30.061359000000003,191800,29.88466633333332,29.404916714285815,28.260935459999992,35.28891010499991,29.84148406982422,29.697329000000003,-4.902852068847366,0.0,0.2198749301757843
2020-05-15,31.02,31.209999,30.92,31.0,29.697329,48700,29.863377777777764,29.459658476190572,28.177208159999992,35.260962329999906,29.78746795654297,31.306732,-3.911393688571069,0.09013895654296888,0.0
2020-05-18,32.16,32.720001,32.16,32.68,31.306732,123400,29.98046399999999,29.562299000000095,28.14731915999999,35.245351634999906,30.29124641418457,31.163036,-7.309527496375242,0.0,1.01548558581543
2020-05-19,32.790001000000004,32.869999,32.529999,32.529999,31.163036,81100,30.132676111111095,29.716031714285812,28.25212199999999,35.23195775499991,30.621551513671875,32.523365000000005,-5.866730848433539,-0.5414844863281267,0.0
2020-05-20,33.849998,34.040001000000004,33.700001,33.950001,32.523365000000005,87700,30.454131111111096,29.966018476190573,28.30442763999999,35.227578309999906,31.335233688354492,32.20723,-7.701818069594485,0.0,1.1881313116455132
2020-05-21,33.880001,33.93,33.279999,33.619999,32.20723,75500,30.658499777777763,30.129330857142957,28.386622159999988,35.21945058499991,31.70488929748535,31.862356,-5.696340748001356,0.0,0.5023407025146511
2020-05-22,33.16,33.290001000000004,32.950001,33.259998,31.862356,51400,30.89692955555554,30.25979823809534,28.52552893999999,35.208785614999904,31.926862716674805,32.532944,-4.008224183673127,0.06450671667480634,0.0
2020-05-26,34.41,34.599998,33.779999,33.959999,32.532944,172900,31.18325866666665,30.41581180952391,28.61902763999999,35.2006607299999,32.13298034667969,32.714962,-5.379913742990144,-0.39996365332031303,0.0
2020-05-27,33.82,34.18,33.41,34.150002,32.714962,246300,31.563256999999982,30.570457000000104,28.79108059999999,35.1943491249999,32.367347717285156,32.954456,-5.220070800332147,-0.3476142827148436,0.0
2020-05-28,34.470001,35.060001,34.259998,34.400002,32.954456,161800,31.884712222222205,30.742437047619152,28.945315139999988,35.189912344999904,32.54972839355469,32.925713,-5.378702031602536,0.0,0.4047276064453129
2020-05-29,33.810001,34.43,33.709999,34.369999,32.925713,380200,32.243421555555535,30.840971857142957,29.18231893999999,35.184428699999906,32.68354034423828,33.854954,-4.906775399562039,-0.24217265576172053,0.0
2020-06-01,34.639999,35.389999,34.509998,35.34,33.854954,147000,32.526557333333315,31.03074280952391,29.36356843999999,35.189416684999905,33.140254974365234,34.477638,-6.224519031224586,-0.714699025634765,0.0
2020-06-02,35.57,36.040001,35.48,35.99000200000001,34.477638,357200,32.894846444444426,31.294414857142957,29.57528157999999,35.197789049999905,33.59956741333008,35.23444,-6.641940688611054,-0.8780705866699208,0.0
2020-06-03,36.189999,36.790001,36.150002,36.779999,35.23444,252700,33.19607699999998,31.54896314285724,29.78986867999999,35.2116162999999,34.190067291259766,33.739998,-7.041685098306368,0.0,1.0443727087402337
2020-06-04,35.419998,35.639999,35.02,35.220001,33.739998,509100,33.36638455555554,31.71501276190486,29.93873853999999,35.216887544999906,34.11970901489258,34.43932,-3.1240543834948364,0.3797110148925782,0.0
2020-06-05,36.16,36.279999,35.849998,35.950001,34.43932,342100,33.65271388888888,31.93626004761914,30.09048227999999,35.2238941899999,34.29838943481445,34.966209,-4.594190595948932,-0.14093056518554903,0.0
2020-06-08,36.25,36.560001,35.830002,36.5,34.966209,203300,33.92307666666666,32.190352380952476,30.24126809999999,35.231187069999905,34.553497314453125,34.592597999999995,-5.332884069991438,0.0,0.4127116855468742
2020-06-09,35.82,36.25,35.68,36.110001,34.592597999999995,78400,34.13170288888888,32.39152790476199,30.41791933999999,35.235618394999904,34.595245361328125,34.477638,-4.194836878215185,0.0,-0.002647361328129705
2020-06-10,35.889999,36.310001,35.560001,35.99000200000001,34.477638,129600,34.300945333333324,32.618249333333424,30.58939737999999,35.242365049999904,34.50621032714844,32.600002,-4.122788525689922,0.0,-0.028572327148438603
2020-06-11,34.990002000000004,35.080002,33.98,34.029999,32.600002,254500,34.26475522222222,32.74415504761914,30.70991105999999,35.23877520999991,33.90225601196289,33.174793,-0.3753834610371453,1.3022540119628871,0.0
2020-06-12,34.84,34.900002,33.93,34.630001,33.174793,817700,34.189181777777776,32.928908190476285,30.851883519999987,35.23927859499991,33.48927688598633,33.067432000000004,-3.2940343086148682,0.0,-0.31448388598632704
2020-06-15,33.5,34.380001,33.200001,34.189999,33.067432000000004,369200,34.03249222222222,33.07205452380962,30.95492237999999,35.237935589999914,33.24635696411133,33.347912,-2.7599943360298784,0.1789249641113244,0.0
2020-06-16,34.919998,35.009998,34.27,34.48,33.347912,176000,33.822877999999996,33.245891809523904,31.050733959999988,35.23587252499991,33.21221923828125,32.999733,-3.676858357652978,0.0,0.1356927617187509
2020-06-17,34.48,34.540001000000004,34.009998,34.119999,32.999733,100500,33.740626333333324,33.326510904761996,31.11831483999999,35.23044285499991,33.09909439086914,32.874004,-2.992100348921052,0.0,-0.09936139086914153
2020-06-18,34.040001000000004,34.310001,33.900002,33.990002000000004,32.874004,156800,33.566702333333325,33.40798557142866,31.20100793999999,35.22221691499991,33.091556549072266,32.93203,-2.643263895447074,0.2175525490722663,0.0
2020-06-19,34.82,34.82,33.919998,34.049999,32.93203,153100,33.34068244444444,33.4274458095239,31.25784655999999,35.211571619999916,32.97483825683594,33.715435,-3.157594052099861,0.04280825683594003,0.0
2020-06-22,34.639999,35.0,34.599998,34.860001000000004,33.715435,67900,33.24321988888889,33.49926509523819,31.33533477999999,35.204978809999915,33.198974609375,33.792809000000005,-4.76484894715007,-0.5164603906249994,0.0
2020-06-23,35.330002,35.5,34.849998,34.939999,33.792809000000005,200800,33.16712777777777,33.59119142857152,31.40383271999999,35.19746326499991,33.35203552246094,33.14481,-4.544829773861936,0.0,0.4407734775390679
2020-06-24,34.950001,35.189999,34.150002,34.27,33.14481,167100,33.22766199999999,33.62032790476199,31.461669799999992,35.18670772499991,33.29692459106445,33.783138,-2.8394380184871606,0.15211459106445346,0.0
2020-06-25,34.470001,34.93,34.419998,34.93,33.783138,175800,33.295255888888875,33.67119342857152,31.57212533999999,35.17882770499991,33.477195739746094,33.019073,-4.159187690391944,0.0,0.30594226025390725
2020-06-26,34.639999,34.639999,33.990002000000004,34.139999,33.019073,66300,33.28988266666666,33.67427042857152,31.661551759999988,35.16586293999991,33.37531661987305,33.212509000000004,-2.2398430068113244,0.3562436198730481,0.0
2020-06-29,34.169998,34.369999,33.939999,34.34,33.212509000000004,91000,33.274837888888875,33.68792738095247,31.74277631999999,35.15264605999991,33.29930877685547,32.371075,-3.0305510283766295,0.0,-0.08679977685546447
2020-06-30,33.700001,33.790001000000004,33.240002000000004,33.470001,32.371075,281700,33.20498699999999,33.617266476190565,31.83150483999999,35.13422854999991,32.934059143066406,32.690239,-1.6012603553062252,0.5629841430664086,0.0
2020-07-01,33.560001,33.889999,33.560001,33.799999,32.690239,204100,33.18456866666666,33.53215223809533,31.939836759999988,35.11361354499991,32.84223937988281,33.16415,-2.833608427376543,0.15200037988281423,0.0
2020-07-02,34.369999,34.560001,34.27,34.290001000000004,33.16415,109900,33.21035977777777,33.433567000000096,32.027566359999994,35.097490534999906,32.882442474365234,33.15448,-4.104865805150514,0.0,0.281707525634765
2020-07-06,34.400002,34.639999,34.130001,34.279999,33.15448,177800,33.148031444444435,33.405685190476284,32.10820513999999,35.08154496499991,32.96464920043945,32.999733,-3.837076540056327,0.0,0.18983079956054638
2020-07-07,34.419998,34.650002,34.119999,34.119999,32.999733,214700,33.05991188888888,33.337133428571526,32.18306662,35.0654127249999,32.95561218261719,33.551018,-3.412622659756855,-0.044120817382811595,0.0
2020-07-08,34.380001,34.720001,34.330002,34.689999,33.551018,618400,33.1050461111111,33.26974338095248,32.26473871999999,35.052398179999905,33.124908447265625,33.473644,-4.511647730904735,0.0,0.4261095527343741
2020-07-09,34.82,34.889999,34.330002,34.610001000000004,33.473644,288500,33.070657888888874,33.21645985714296,32.34735409999999,35.0381839099999,33.271053314208984,33.589703,-3.868672774066142,-0.2025906857910158,0.0
2020-07-10,34.509998,34.880001,34.389999,34.73,33.589703,121800,33.13406122222221,33.17417723809534,32.40201851999999,35.0278916499999,33.427635192871094,32.680569,-3.7499706511053934,0.0,0.16206780712890634
2020-07-13,34.529999,34.549999,33.759998,33.790001000000004,32.680569,208000,33.074956777777764,33.17801376190486,32.45823461999999,35.0129634049999,33.21363830566406,32.825641999999995,-1.7057196723253756,0.5330693056640641,0.0
2020-07-14,33.41,34.029999,33.41,33.939999,32.825641999999995,315400,33.125464222222206,33.16138752380962,32.535936959999994,34.9981734799999,33.101287841796875,33.193165,-2.4711584646868294,0.2756458417968801,0.0
2020-07-15,34.209999,34.400002,34.099998,34.32,33.193165,80500,33.18134488888887,33.167374809523906,32.60202173999999,34.987930674999895,33.08979797363281,32.980389,-3.5845047388321323,0.0,0.10336702636718798
2020-07-16,34.189999,34.299999,34.040001000000004,34.099998,32.980389,31000,33.16092699999999,33.14987371428581,32.65657039999999,34.9771658849999,33.04405212402344,32.883671,-3.0966156536917153,0.0,-0.0636631240234351
2020-07-17,34.099998,34.099998,33.849998,34.0,32.883671,279000,33.1308371111111,33.14434695238105,32.718381279999996,34.9666852149999,32.93019104003906,33.570358,-3.1464969410615806,0.04652004003906285,0.0
2020-07-20,34.5,34.709999,34.389999,34.709999,33.570358,39600,33.19423988888887,33.177506666666766,32.79718303999999,34.9615346099999,33.16722106933594,33.889526000000004,-4.444765125645973,-0.4031369306640613,0.0
2020-07-21,35.279999,35.349998,35.040001000000004,35.040001000000004,33.889526000000004,104200,33.231851888888876,33.22310171428582,32.86761531999999,34.9578895499999,33.405941009521484,34.208690999999995,-4.6634130817476835,-0.4835849904785192,0.0
2020-07-22,35.43,35.5,35.23,35.369999,34.208690999999995,124500,33.31352377777776,33.2465900952382,32.95745937999999,34.9556596899999,33.67420959472656,33.98624,-4.79442876227799,0.0,0.5344814052734321
2020-07-23,35.380001,35.459999,34.919998,35.139999,33.98624,213500,33.35758344444443,33.2558010952382,33.03806453999999,34.9520014499999,33.806724548339844,34.208690999999995,-3.794178968702188,-0.17951545166015848,0.0
2020-07-24,35.080002,35.43,35.049999,35.369999,34.208690999999995,98900,33.527374777777766,33.306462095238196,33.13633881999999,34.95062960999989,34.00184631347656,34.730961,-3.868116271429461,-0.20684468652343213,0.0
2020-07-27,35.59,35.970001,35.57,35.91,34.730961,163100,33.739076888888874,33.351596523809626,33.22973085999999,34.9512820199999,34.26116180419922,34.015255,-4.59158506210186,0.0,0.4697991958007819
2020-07-28,35.32,35.400002,35.139999,35.169998,34.015255,186700,33.83042022222221,33.39903376190486,33.31608937999999,34.945601269999905,34.20926284790039,34.537525,-2.7316895272487907,0.19400784790038728,0.0
2020-07-29,35.59,35.82,35.470001,35.709999,34.537525,156100,34.00343533333332,33.46212976190486,33.38070523999999,34.9404093899999,34.307498931884766,33.773464000000004,-3.927471597283544,0.0,0.23002606811523663
2020-07-30,35.02,35.02,34.5,34.919998,33.773464000000004,91900,34.10230122222221,33.52891019047629,33.432913799999994,34.9331584099999,34.15249252319336,33.647736,-2.197896680310922,0.0,-0.3790285231933552
2020-07-31,34.77,34.790001000000004,34.470001,34.790001000000004,33.647736,138700,34.11089877777776,33.57450528571438,33.45540121999999,34.9236982499999,33.9758186340332,34.111977,-2.3402769260248095,0.32808263403320126,0.0
2020-08-03,35.029999,35.279999,35.02,35.27,34.111977,156500,34.135615555555546,33.619639904762,33.49349615999999,34.9143013549999,33.95039749145508,34.228035,-3.7414304183298124,-0.16157950854492498,0.0
2020-08-04,35.049999,35.459999,34.950001,35.389999,34.228035,728400,34.13776488888888,33.67076157142867,33.54080973999999,34.904807354999896,33.94266891479492,35.069469,-4.089658451827255,-0.28536608520507656,0.0
2020-08-05,36.0,36.450001,35.900002,36.259998,35.069469,159500,34.25812366666665,33.76932042857153,33.59154023999999,34.8997463349999,34.28543472290039,34.924397,-5.445569183703794,0.0,0.7840342770996074
2020-08-06,36.040001,36.139999,35.91,36.110001,34.924397,138300,34.337646555555544,33.83471942857153,33.63572893999999,34.8922439149999,34.56626892089844,34.440811,-4.275081795488068,0.0,0.3581280791015615
2020-08-07,35.74000200000001,35.75,35.459999,35.61000100000001,34.440811,84600,34.30540766666665,33.8807750000001,33.66545603999999,34.8806527099999,34.62327194213867,34.711617,-2.77093240705424,0.18246094213867536,0.0
2020-08-10,35.77,35.99000200000001,35.650002,35.889999,34.711617,92900,34.38278122222221,33.93419947619058,33.70117411999999,34.8692414099999,34.69290542602539,34.856693,-3.3354516782645005,-0.01871157397460621,0.0
2020-08-11,36.400002,36.599998,35.950001,36.040001,34.856693,141800,34.41824433333332,34.03782442857153,33.721208899999986,34.8560717749999,34.71453094482422,35.553051,-3.6777747458324934,-0.14216205517578118,0.0
2020-08-12,36.400002,36.900002,36.32,36.759998,35.553051,228600,34.6159762222222,34.16770104761915,33.74271715999999,34.8446227449999,34.918739318847656,36.04631,-5.008865019939193,-0.6343116811523473,0.0
2020-08-13,36.810001,37.369999,36.759998,37.27,36.04631,207600,34.88248444444443,34.30356509523819,33.758954559999985,34.8372657199999,35.25534439086914,36.017296,-5.405569114920478,0.0,0.7909656091308577
2020-08-14,37.02,37.310001,37.02,37.240002,36.017296,222200,35.09418655555553,34.44817971428581,33.80450051999999,34.8291313949999,35.55292510986328,35.601414,-4.5302814165711265,0.0,0.4643708901367205
2020-08-17,36.799999,36.91,36.68,36.810001,35.601414,107300,35.2467842222222,34.57759604761914,33.82774239999999,34.8160275099999,35.64338684082031,35.785172,-3.1692858665765518,0.04197284082031416,0.0
2020-08-18,37.0,37.139999,36.810001,37.0,35.785172,74000,35.32630677777776,34.68306338095247,33.84412165999999,34.8065519199999,35.74491500854492,35.436993,-3.3921215985272384,0.0,0.04025699145508099
2020-08-19,37.060001,37.119999,36.599998,36.639999,35.436993,83200,35.383261888888875,34.75675228571437,33.86100955999999,34.789735799999896,35.63410186767578,34.788994,-2.7453525103104446,0.0,-0.19710886767578017
2020-08-20,35.919998,36.080002,35.61000100000001,35.970001,34.788994,87400,35.42194888888887,34.78438576190484,33.86723667999999,34.767918479999906,35.309967041015625,34.160332000000004,-1.8349567434940532,0.0,-0.5209730410156226
2020-08-21,35.130001,35.349998,35.049999,35.32,34.160332000000004,152400,35.360694999999986,34.792675857142946,33.898443279999995,34.74363524499991,34.86441421508789,34.576214,-1.289880478233606,0.7040822150878867,0.0
2020-08-24,35.779999,35.84,35.61000100000001,35.75,34.576214,69600,35.32953066666665,34.81017695238104,33.92647169999999,34.72107016499991,34.70268249511719,34.160332000000004,-2.929559454217657,0.0,-0.12646849511718727
2020-08-25,35.549999,35.549999,35.099998,35.32,34.160332000000004,208700,35.174784111111094,34.78300414285724,33.94832969999999,34.694935424999905,34.4146728515625,34.179676,-2.5632138970484153,0.2543408515624961,0.0
2020-08-26,35.099998,35.5,35.060001,35.34,34.179676,460400,34.96738033333331,34.7908337142858,33.96496497999999,34.6703424699999,34.219478607177734,34.015255,-3.170688717663466,0.0,-0.03980260717773376
2020-08-27,35.49000200000001,35.49000200000001,35.029999,35.169998,34.015255,112000,34.74493133333331,34.7659637142858,33.98527541999999,34.646327329999906,34.12620162963867,34.121643,-2.967860192546294,0.11094662963866853,0.0
2020-08-28,35.310001,35.369999,35.080002,35.279999,34.121643,105500,34.58051233333332,34.782543666666754,34.010228199999986,34.62614071499991,34.132564544677734,33.9669,-3.2523653283614387,0.0,-0.01092154467773554
2020-08-31,35.259998,35.259998,34.75,35.119999,33.9669,505000,34.3784821111111,34.797741952381045,34.03092559999999,34.60499975999991,33.9910888671875,34.044273,-3.2144366883737665,0.024188867187497465,0.0
2020-09-01,35.25,35.5,35.080002,35.200001,34.044273,613600,34.22373544444443,34.79451795238104,34.03750235999998,34.58474239999992,33.95244598388672,33.15448,-3.544190285998235,0.0,0.09182701611327815
2020-09-02,35.16,35.16,33.919998,34.279999,33.15448,322700,34.042122777777756,34.743396285714375,34.024735779999986,34.55809425999992,33.65278625488281,32.670895,-1.8296755058749683,0.0,-0.498306254882813
2020-09-03,34.029999,34.16,33.59,33.779999,32.670895,212100,33.876629777777765,34.62917847619057,34.01525747999998,34.53065390499992,33.35335922241211,32.951374,-1.2629952345110704,0.6824642224121078,0.0
2020-09-04,33.830002,34.169998,33.630001,34.07,32.951374,145500,33.696091999999986,34.53522500000009,33.99862219999998,34.50488690499992,33.20256042480469,31.752089000000005,-2.5460509985186754,0.0,-0.2511864248046862
2020-09-08,32.919998,33.07,32.68,32.830002,31.752089,241100,33.42850944444443,34.40719061904771,33.973282519999984,34.47429760499992,32.677005767822266,32.216328000000004,-0.4660256559769162,0.9249167678222641,0.0
2020-09-09,33.16,33.400002,33.110001000000004,33.310001,32.216328000000004,407900,33.210359666666655,34.28836733333342,33.953358899999984,34.44449409999992,32.38019943237305,32.196983,-2.791358570139199,0.0,-0.16387143237304258
2020-09-10,33.580002,33.77,33.240002000000004,33.290001000000004,32.196983,231600,33.00832944444443,34.16171447619057,33.949877059999984,34.41504547499992,32.26968002319336,32.516148,-3.064947269922414,0.07269702319335636,0.0
2020-09-11,33.759998,33.959999,33.540001000000004,33.619999,32.516148,412800,32.82994111111109,34.01710004761914,33.94639523999999,34.38647011499992,32.305091857910156,32.815971000000005,-3.9110862022626582,-0.2110561420898449,0.0
2020-09-14,33.77,34.060001,33.77,33.93,32.815971000000005,80200,32.70206011111109,33.863274380952475,33.93943165999998,34.36120022499992,32.47359085083008,33.425289,-4.292393602033368,-0.34238014916992654,0.0
2020-09-15,34.509998,34.77,34.509998,34.560001,33.425289,132800,32.633284111111095,33.739845476190574,33.94484783999999,34.33942848999992,32.85415267944336,33.434956,-4.93590356249307,-0.57113632055664,0.0
2020-09-16,34.5,34.849998,34.419998,34.57,33.434956,283600,32.6644481111111,33.6366808095239,33.953552299999984,34.31883404999992,33.067569732666016,33.367256,-4.346052263043056,0.0,0.36738626733398405
2020-09-17,34.32,34.560001,34.07,34.5,33.367256,174300,32.74182155555554,33.52154195238105,33.94987705999998,34.298352689999916,33.23066329956055,32.661224,-3.67923681286798,0.0,0.1365927004394507
2020-09-18,34.310001,34.310001,33.740002000000004,33.77,32.661224,99000,32.70958266666665,33.38936247619057,33.93362865999998,34.27632814999992,33.09307861328125,31.810118,-2.004505142785766,0.0,-0.43185461328125285
2020-09-21,32.849998,32.939999,32.459999,32.889999,31.810118,277600,32.716030333333315,33.24751123809533,33.898036959999985,34.24792563999993,32.68953323364258,32.119609999999994,-0.6095037167907027,0.8794152336425789,0.0
2020-09-22,33.34,33.34,32.860001000000004,33.209999,32.119609999999994,231600,32.70528388888887,33.150334000000086,33.88681777999998,34.22102542499992,32.432899475097656,31.490953,-2.339956483896151,0.0,-0.3132894750976618
2020-09-23,33.169998,33.299999,32.529999,32.560001,31.490953,137900,32.62683611111109,33.00341680952389,33.86012399999998,34.18858854499993,32.04926300048828,31.500624,-1.5686056014301675,0.5583100004882802,0.0
2020-09-24,32.560001,32.880001,32.389999,32.57,31.500624,405500,32.514000111111095,32.87676404761913,33.82627317999998,34.15570325499993,31.751089096069336,31.210474,-2.5143104204196023,0.0,-0.25046509606933753
2020-09-25,32.23,32.369999,31.889999,32.27,31.210474,255000,32.33561155555554,32.73537347619056,33.790874879999976,34.12100593999993,31.524524688720703,31.152442999999998,-2.3101187210390455,0.0,-0.31405068872070174
2020-09-28,32.349998,32.349998,31.969999,32.209999,31.152443,213900,32.08307311111109,32.59904909523817,33.75625031999998,34.08281219999993,31.390666961669922,31.01704,-2.5437195397928494,0.0,-0.23822396166992021
2020-09-29,32.060001,32.220001,31.73,32.07,31.01704,58000,31.81441577777776,32.45121085714294,33.70518395999998,34.04204481499993,31.24580955505371,31.394236000000003,-2.569973323811317,0.22876955505370944,0.0
2020-09-30,32.18,32.599998,32.18,32.459999,31.394236,64500,31.595191333333315,32.32870304761913,33.65527815999998,34.002079594999934,31.305570602416992,31.278175,-3.5564646738991303,0.0,0.08866539758300718
2020-10-01,32.459999,32.48,32.209999,32.34,31.278175,112300,31.441519222222198,32.19698409523818,33.59666783999998,33.959689969999935,31.27048110961914,30.900982,-3.3071085045790434,0.0,0.007693890380860324
2020-10-02,31.889999,32.060001,31.82,31.950001,30.900982,132500,31.340504111111088,32.089674666666745,33.53496267999998,33.91455218499994,31.15903663635254,31.345877,-2.4756317336186036,0.25805463635254,0.0
2020-10-05,32.049999,32.41,32.049999,32.41,31.345877,203600,31.254533777777763,32.02657857142865,33.477706399999974,33.87149519499994,31.20944595336914,31.297520000000002,-3.704270430826461,0.0,0.13643104663086092
2020-10-06,32.610001000000004,32.810001,32.310001,32.360001000000004,31.29752,87900,31.233041222222212,31.947823619047696,33.409037579999975,33.82766952999994,31.268457412719727,31.007370000000005,-3.3731259380377563,0.0,0.029062587280272112
2020-10-07,32.099998,32.220001,31.93,32.060001,31.00737,234100,31.178235222222206,31.912360809523893,33.34887987999998,33.78186622999994,31.1761474609375,31.326533999999995,-2.7568730863810633,0.16877746093749835,0.0
2020-10-08,32.34,32.5,32.240002000000004,32.389999,31.326534,100600,31.19113077777776,31.86998966666675,33.28466005999998,33.73679655499994,31.23699188232422,31.413578,-3.5597627455184058,-0.08954211767578002,0.0
2020-10-09,32.48,32.650002,32.450001,32.48,31.413578,132200,31.22014577777776,31.83268466666675,33.23746233999997,33.69101253999994,31.3341007232666,31.558655,-3.5280150145732616,-0.07947727673339955,0.0
2020-10-12,32.59,32.740002000000004,32.549999,32.630001,31.558655,280200,31.280325222222203,31.787089761904845,33.19568071999998,33.64552280999994,31.393848419189453,31.210474,-3.78839271506779,0.0,0.16480658081054855
2020-10-13,32.52,32.52,32.200001,32.27,31.210474,117300,31.2599072222222,31.710637523809606,33.13765065999998,33.59613673999994,31.36513328552246,31.25883300000001,-2.8040493166332263,0.15465928552245956,0.0
2020-10-14,32.52,32.52,32.279999,32.32,31.258833000000006,89000,31.25775811111109,31.607472952381034,33.07826661999998,33.54823780999994,31.369136810302734,30.707548,-2.9420271958455007,0.0,-0.11030381030272807
2020-10-15,31.75,31.799999,31.549999,31.75,30.707548,87600,31.23626544444442,31.47759638095246,32.99102819999998,33.49743877499994,31.178218841552734,30.572143999999998,-1.8008855384165845,0.0,-0.4706708415527352
2020-10-16,31.879999,31.879999,31.59,31.610001,30.572144,92200,31.150295111111088,31.344495809523885,32.90398313999998,33.44016695499994,30.96920394897461,30.485100000000003,-2.027197186818789,0.0,-0.39705994897460783
2020-10-19,31.690001,31.82,31.48,31.52,30.4851,54900,31.060026222222195,31.240870857142937,32.82486891999998,33.38691450499994,30.766462326049805,30.978354000000003,-2.3906652092328518,0.2813623260498055,0.0
2020-10-20,31.84,32.150002,31.809999,32.029999,30.978354,58900,31.056802222222203,31.201263047619126,32.75020365999998,33.33306277999994,30.8068904876709,30.968683,-3.8186342507506734,0.0,0.17146351232910106
2020-10-21,31.99,32.27,31.940001,32.02,30.968683,155200,31.01704099999998,31.146457000000076,32.67244345999998,33.27978540999994,30.82408332824707,31.336205999999997,-3.7349052834257734,-0.14459967175292832,0.0
2020-10-22,32.41,32.48,32.169998,32.400002,31.336206,89500,31.00844411111109,31.13908809523817,32.588106559999986,33.22451373499994,31.001514434814453,31.752089000000005,-4.316319379194938,-0.33469156518554755,0.0
2020-10-23,32.59,32.849998,32.57,32.830002,31.752089,88700,31.02993677777776,31.15106261904769,32.502222139999986,33.17141727999994,31.288015365600586,31.113756000000002,-4.696882547857945,0.0,0.4640736343994156
2020-10-26,32.459999,32.540001000000004,31.85,32.169998,31.113756,74500,31.01919033333332,31.146457000000073,32.404151339999984,33.11354848499994,31.295696258544922,30.543128999999997,-2.7177550382660196,0.0,-0.18194025854492324
2020-10-27,31.969999,31.969999,31.52,31.58,30.543129,37400,30.939667666666658,31.11744204761912,32.30298563999998,33.04976102499994,31.089120864868164,28.956976000000004,-1.5543987812914322,0.0,-0.5459918648681636
2020-10-28,30.200001,30.290001,29.9,29.940001,28.956976,134900,30.74515966666666,31.019343761904842,32.16642171999998,32.98244951999994,30.414302825927734,29.343842000000002,1.5841743823847423,1.4573268259277334,0.0
2020-10-29,29.790001,30.450001,29.66,30.34,29.343842,68500,30.608681666666662,30.921705952381032,32.04455869999998,32.91644963499994,29.99775505065918,28.792556999999995,-1.128032133621688,0.0,-0.653913050659181
2020-10-30,30.09,30.120001,29.639999,29.77,28.792557,63900,30.42062133333333,30.80334319047627,31.92462995999998,32.84625638499994,29.4715576171875,29.237453,-1.0024937279559947,0.6790006171875014,0.0
2020-11-02,29.83,30.25,29.82,30.23,29.237453,286900,30.22718788888888,30.7241275238096,31.82617237999998,32.775605249999934,29.254390716552734,29.991844,-3.2272884004209925,0.016937716552735793,0.0
2020-11-03,31.0,31.18,30.83,31.01,29.991844,248500,30.118650222222218,30.65964976190484,31.73448497999998,32.70987566999994,29.394485473632812,31.345877,-5.209656647427246,-0.5973585263671879,0.0
2020-11-04,31.66,32.540001000000004,31.629999,32.41,31.345877,112200,30.119724777777776,30.661952476190557,31.67819587999998,32.65292798999994,30.07720947265625,31.703728,-7.197749235864692,-1.2686675273437515,0.0
2020-11-05,32.43,32.93,32.43,32.779999,31.703728,105000,30.11435133333333,30.695112380952455,31.62867691999998,32.59987712999994,30.692344665527344,31.848803999999998,-6.36868333788739,-1.011383334472658,0.0
2020-11-06,32.849998,33.029999,32.700001,32.93,31.848804,94600,30.196023333333333,30.71998238095245,31.585347899999977,32.54855752999994,31.24140739440918,33.17382,-5.127824493139448,-0.6073966055908215,0.0
2020-11-09,34.459999,34.75,34.25,34.299999,33.17382,380000,30.48832233333333,30.8038034285715,31.56639143999998,32.51047303999994,31.969079971313477,33.551018,-6.795682497502472,-1.2047400286865226,0.0
2020-11-10,34.599998,34.82,34.529999,34.689999,33.551018,102500,30.99877144444444,30.898677857142925,31.558073799999985,32.47096950499994,32.64792251586914,33.367256,-5.886643248767057,0.0,0.9030954841308585
2020-11-11,34.740002000000004,34.849998,34.41,34.5,33.367256,436700,31.44581744444444,31.00138176190483,31.544533459999982,32.42987659499994,32.94888687133789,33.125465000000005,-4.495980083078578,0.0,0.41836912866210696
2020-11-12,34.650002,34.779999,34.25,34.25,33.125465000000005,98700,31.927251666666663,31.090269000000067,31.543953159999987,32.39111924999994,33.13370895385742,33.618717,-3.259243930343294,0.008243953857416386,0.0
2020-11-13,34.41,34.759998,34.299999,34.759998,33.618717,40400,32.414058777777775,31.228896095238163,31.56290959999999,32.36009702499994,33.41377258300781,34.730961,-3.872915691744834,-0.20494441699218413,0.0
2020-11-16,35.5,35.939999,35.48,35.91,34.730961,119500,32.940627333333325,31.426935000000064,31.598501339999988,32.334396549999944,33.83250045776367,34.111977,-5.785295300017614,0.0,0.8984605422363288
2020-11-17,35.189999,35.49000200000001,35.110001000000004,35.27,34.111977,120500,33.24797177777777,31.599643428571497,31.645699099999987,32.30248771499994,33.95029830932617,34.411797,-3.741711626520644,-0.16167869067383123,0.0
2020-11-18,35.880001,36.099998,35.54000100000001,35.580002,34.411797,824200,33.548868333333324,31.763140714285782,31.68960847999999,32.26910825999994,34.01151657104492,34.140987,-4.408334291142194,0.0,0.4002804289550781
2020-11-19,35.139999,35.400002,35.139999,35.299999,34.140987,83600,33.80355533333332,31.914202809523875,31.728488559999988,32.23767974999994,34.18214797973633,34.179676,-3.1667168609938816,0.04116097973632549,0.0
2020-11-20,35.299999,35.349998,35.24000200000001,35.34,34.179676,28000,33.915317111111094,32.04960614285721,31.761759119999986,32.21051612999994,34.274417877197266,34.247378999999995,-3.015229549526705,0.09474187719726501,0.0
2020-11-23,35.619999,35.619999,35.049999,35.41,34.247378999999995,63500,33.99269055555554,32.168429476190546,31.790387279999987,32.18488849499994,34.23271942138672,35.117828,-3.3247121677867213,-0.01465957861327638,0.0
2020-11-24,35.779999,36.349998,35.709999,36.310001,35.117828,139000,34.18719855555555,32.359099571428644,31.824238059999985,32.15992488499994,34.508155822753906,35.53371,-4.962393631567495,-0.6096721772460967,0.0
2020-11-25,36.189999,36.740002,36.16,36.740002,35.53371,310500,34.45478133333332,32.59674628571436,31.86621313999998,32.13316084999994,34.75951385498047,35.224216,-5.390549910747224,0.0,0.7741961450195305
2020-11-27,36.389999,36.52,36.240002,36.419998,35.224216,88900,34.6331701111111,32.89518628571435,31.903352339999984,32.10815436499993,34.965457916259766,34.411797,-3.993795067589608,0.0,0.2587580837402328
2020-11-30,35.849998,35.849998,35.34,35.580002,34.411797,160900,34.59770744444443,33.13651747619055,31.938363799999983,32.07932530999994,34.841087341308594,35.224216,-2.076769581663898,0.4292903413085938,0.0
2020-12-01,36.439999,36.540001,36.299999,36.419998,35.224216,359400,34.72128955555554,33.44278695238102,32.006645759999984,32.05599530499993,34.970645904541016,35.862549,-3.9795501786106198,-0.2535700954589828,0.0
2020-12-02,36.639999,37.18,36.630001,37.080002,35.862549,94200,34.88248422222221,33.75826771428578,32.08150453999998,32.03307881499993,35.250099182128906,35.717471999999994,-4.935012726997949,0.0,0.6124498178710951
2020-12-03,36.849998,37.119999,36.73,36.93,35.717471999999994,184900,35.05764922222221,34.030916666666734,32.16603491999999,32.01120920999994,35.3582763671875,36.34613,-4.255953514249931,-0.35919563281249367,0.0
2020-12-04,37.369999,37.650002,37.369999,37.580002,36.34613,170400,35.29836633333332,34.26902395238102,32.262945039999984,31.992147604999936,35.678165435791016,36.510548,-5.060767597109188,-0.6679645642089866,0.0
2020-12-07,37.689999,38.009998,37.669998,37.75,36.510548,259200,35.54982955555553,34.49792014285721,32.36894651999998,31.984350039999935,36.01422119140625,36.587925,-4.598089559188741,-0.49632680859375,0.0
2020-12-08,37.759998,37.91,37.66,37.830002,36.587925,103000,35.71317366666665,34.72359257142865,32.47765615999998,31.978759524999937,36.24042892456055,36.578251,-4.20188472482622,0.0,0.3474960754394516
2020-12-09,38.150002,38.25,37.599998,37.82,36.578251,144200,35.829233777777766,34.88570833333341,32.588880379999985,31.973168554999937,36.34462356567383,37.719505,-3.901048213448367,-0.2336274343261735,0.0
2020-12-10,38.200001,39.060001,38.200001,39.0,37.719505,129700,36.10648811111109,35.08420771428579,32.71538575999998,31.98003760499994,36.793880462646484,38.028999,-5.656716762444912,-0.9256245373535137,0.0
2020-12-11,39.119999,39.330002,39.099998,39.32,38.028999,88300,36.50839944444443,35.30619547619055,32.85040223999999,31.99626162499994,37.1951789855957,37.209999,-5.403919161760674,0.0,0.8338200144042958
2020-12-14,38.34,38.34,37.209999,37.209999,37.209999,322000,36.72904199999998,35.50069709523817,32.976582579999985,32.00637888999994,37.14668273925781,37.700001,-0.17015926483145263,-0.06331626074219088,0.0
2020-12-15,37.450001,37.720001,37.279999,37.700001,37.700001,491300,36.93320333333331,35.695043952381035,33.10366505999998,32.02268229499994,37.27967834472656,37.66,-1.1149141753960108,0.0,0.4203226552734378
2020-12-16,37.57,37.73,37.330002,37.66,37.66,129600,37.14903977777776,35.834522000000085,33.23091465999998,32.03265463999994,37.44565963745117,38.389999,-0.5691459441020307,-0.21434036254882471,0.0
2020-12-17,38.25,38.43,38.16,38.389999,38.389999,200500,37.376136333333314,36.03823733333341,33.37856723999998,32.05518616499994,37.6978759765625,37.91,-1.802873252061046,0.0,0.6921230234375031
2020-12-18,37.91,37.91,37.700001,37.91,37.91,253100,37.53163099999998,36.204818428571514,33.51023655999998,32.080730254999935,37.716949462890625,36.48,-0.5092338093098697,0.0,0.1930505371093716
2020-12-21,36.110001,36.599998,36.0,36.48,36.48,118000,37.51963933333332,36.31620000000008,33.611564999999985,32.13351578499993,37.35986328125,36.189999,2.4119059244791754,0.0,-0.8798632812500031
2020-12-22,36.540001,36.560001,36.119999,36.189999,36.189999,105800,37.47650022222221,36.41192966666675,33.70419187999998,32.16492536499993,36.9140739440918,36.709999,2.0007597792191056,0.7240749440917966,0.0
2020-12-23,36.790001,37.060001,36.68,36.709999,36.709999,206600,37.364332888888875,36.529197285714375,33.814182379999984,32.20798783999993,36.74776840209961,37.23,0.10288587068500327,0.037769402099606,0.0
2020-12-24,37.099998,37.23,37.07,37.23,37.23,39000,37.27555522222221,36.62977690476199,33.93360571999998,32.26955275499993,36.759132385253906,37.580002,-1.26475319566503,-0.4708676147460906,0.0
2020-12-28,37.549999,37.720001,37.459999,37.580002,37.580002,110700,37.316666666666656,36.72721938095247,34.07105479999998,32.318162719999926,36.89646530151367,37.52,-1.8188841461113505,0.0,0.6835366984863285
2020-12-29,37.849998,37.869999,37.470001,37.52,37.52,79500,37.29666655555555,36.83654242857152,34.21001191999998,32.38520114999993,37.09086990356445,37.52,-1.143736930798374,0.0,0.0
2020-12-30,37.419998,37.73,37.310001,37.52,37.52,90200,37.28111099999998,36.984552095238186,34.35070991999998,32.44658750499993,37.26348114013672,37.290001,-0.6836856606164295,0.0,0.2565188598632844
2020-12-31,37.259998,37.580002,36.849998,37.290001,37.290001,143600,37.15888899999999,37.0829228095239,34.47694285999998,32.527659894999935,37.251949310302734,38.049999,-0.10204260841200367,-0.03805168969726225,0.0
2021-01-04,38.790001,38.810001,37.950001,38.049999,38.049999,306400,37.17444444444444,37.18708709523818,34.61856917999998,32.59394749499993,37.409114837646484,38.869999,-1.684321101699675,-0.6408841623535153,0.0
2021-01-05,38.099998,39.0,38.09,38.869999,38.869999,210200,37.43999988888888,37.33720742857151,34.76924503999998,32.668837584999935,37.81288146972656,38.810001,-2.719623250500823,0.0,1.0571175302734375
2021-01-06,38.720001,39.139999,38.540001,38.810001,38.810001,258200,37.73111122222221,37.454534619047706,34.910403279999976,32.74036216499994,38.108463287353516,39.209999,-1.8076209599852475,-0.7015377126464841,0.0
2021-01-07,39.32,39.349998,38.849998,39.209999,39.209999,351500,38.00888899999999,37.583079904761995,35.072328139999975,32.80492963499993,38.431976318359375,39.900002,-1.9842456043945023,-0.7780226816406284,0.0
2021-01-08,39.860001,40.060001,39.439999,39.900002,39.900002,319900,38.305555888888875,37.740797857142944,35.25946559999998,32.87016897999993,38.914188385009766,39.689999,-2.4707106906667198,0.0,0.985813614990235
2021-01-11,39.349998,39.849998,39.310001,39.689999,39.689999,182700,38.53999999999999,37.88897633333342,35.47412605999998,32.93148438499993,39.19563674926758,40.279999,-1.245558738191004,-0.4943622507324221,0.0
2021-01-12,39.849998,40.380001,39.75,40.279999,40.279999,171900,38.846666555555544,38.0109046190477,35.69284919999998,33.00408419999994,39.5131721496582,40.07,-1.9037409865422128,0.0,0.7668268503417934
2021-01-13,40.009998,40.23,39.82,40.07,40.07,215200,39.129999888888875,38.10809514285723,35.91839805999998,33.074915519999934,39.67814254760742,40.66,-0.9779322495447428,-0.3918574523925784,0.0
2021-01-14,40.57,40.75,40.48,40.66,40.66,152800,39.50444422222221,38.27238090476199,36.14684899999998,33.14534392999993,39.954830169677734,39.779999,-1.7343084857901185,0.0,0.7051698303222622
2021-01-15,40.139999,40.220001,39.650002,39.779999,39.779999,115900,39.69666644444443,38.371428428571505,36.34261209999999,33.21386307499993,39.83755874633789,39.610001,0.14469519302374562,0.0,-0.05755974633789407
2021-01-19,39.810001,39.84,39.400002,39.610001,39.610001,308900,39.77888888888887,38.4642856190477,36.50789457999999,33.27233563499993,39.67784881591797,39.93,0.17128960920241293,0.06784781591797184,0.0
2021-01-20,40.150002,40.150002,39.849998,39.93,39.93,120700,39.90333322222221,38.53761900000008,36.67242001999999,33.329198969999936,39.65308380126953,39.130001,-0.6935041290520122,0.0,0.27691619873046847
2021-01-21,39.360001,39.41,38.959999,39.130001,39.130001,196100,39.894444555555545,38.595714285714365,36.81804395999999,33.37674552999994,39.38759994506836,38.060001,0.6583157129701053,0.0,-0.25759894506835934
2021-01-22,38.189999,38.400002,38.0,38.060001,38.060001,140300,39.68999999999999,38.6709524285715,36.915767579999994,33.423348789999935,38.8383903503418,38.0,2.0451637674465566,0.0,-0.7783893503417971
2021-01-25,37.970001,38.110001,37.57,38.0,38.0,211100,39.50222233333332,38.75714295238103,37.00474721999999,33.46289829499993,38.43954086303711,38.220001,1.1566864816766036,0.4395408630371094,0.0
2021-01-26,38.07,38.240002,37.990002,38.220001,38.220001,66400,39.273333666666666,38.829047809523885,37.10180211999999,33.50479317999993,38.24179458618164,37.25,0.05702141708901886,0.0,-0.02179358618163718
2021-01-27,37.439999,37.59,37.130001,37.25,37.25,188100,38.96000033333333,38.83000019047627,37.18429281999999,33.53920361999993,37.75735092163086,37.16,1.3620158969955956,0.0,-0.5073509216308594
2021-01-28,37.150002,37.400002,37.099998,37.16,37.16,82600,38.57111144444444,38.81000009523817,37.255118479999986,33.573738839999926,37.44255065917969,36.299999,0.7603623766945397,0.0,-0.2825506591796909
2021-01-29,36.84,36.84,36.259998,36.299999,36.299999,180900,38.18444477777778,38.751904809523886,37.28649923999999,33.61393702999993,36.98131561279297,36.619999,1.8769053211074995,0.6813166127929691,0.0
2021-02-01,36.689999,37.07,36.41,36.619999,36.619999,165900,37.85222233333334,38.709047619047695,37.33665967999999,33.65429826499992,36.740543365478516,36.98,0.3291763210548303,0.12054436547851566,0.0
2021-02-02,37.57,37.650002,36.959999,36.98,36.98,117200,37.52444455555556,38.694285666666744,37.38802373999999,33.69344185999992,36.66206359863281,37.25,-0.8597523022368426,-0.3179364013671844,0.0
2021-02-03,37.09,37.330002,37.09,37.25,37.25,61500,37.31555555555556,38.65619047619056,37.45020399999999,33.74001861499992,36.78738021850586,37.790001,-1.2419322993131292,-0.4626197814941406,0.0
2021-02-04,37.700001,37.790001,37.34,37.790001,37.790001,188600,37.28555555555556,38.60476200000008,37.52241049999999,33.792600404999924,37.02287292480469,38.470001,-2.0299763294404496,-0.7671280751953091,0.0
2021-02-05,38.169998,38.48,38.060001,38.470001,38.470001,239200,37.337777888888894,38.588571523809605,37.60686293999999,33.84106205999992,37.48020553588867,39.040001,-2.5729021013317146,-0.9897954641113316,0.0
2021-02-08,38.689999,39.040001,38.689999,39.040001,39.040001,168700,37.428889000000005,38.58047638095246,37.685306399999995,33.89064935999992,38.000797271728516,38.950001,-2.6618947275935807,0.0,1.039203728271481
2021-02-09,38.810001,39.130001,38.689999,38.950001,38.950001,173600,37.61777800000001,38.53523823809532,37.75363221999999,33.939116069999926,38.344234466552734,38.700001,-1.555241380988067,0.0,0.6057665334472659
2021-02-10,39.02,39.02,38.400002,38.700001,38.700001,170000,37.788889222222224,38.48809547619056,37.82314791999999,33.98527900999992,38.48406982421875,38.66,-0.5579616801075801,0.0,0.21593117578125032
2021-02-11,38.790001,38.919998,38.580002,38.66,38.66,125400,38.05111155555555,38.410952666666745,37.908111979999994,34.03186463499992,38.5486946105957,39.18,-0.28790840508094534,-0.11130538940429346,0.0
2021-02-12,38.349998,39.209999,38.299999,39.18,39.18,89600,38.33555611111111,38.36857171428579,37.987227659999995,34.07348222499992,38.69948959350586,39.73,-1.2264175765547227,-0.48051040649414034,0.0
2021-02-16,39.5,39.84,39.5,39.73,39.73,216000,38.64111166666666,38.32428600000008,38.064576679999995,34.12278340499992,38.92864227294922,39.189999,-2.0170091292493786,0.0,0.8013577270507781
2021-02-17,38.959999,39.299999,38.66,39.189999,39.189999,109500,38.85666711111111,38.296190761904846,38.13402721999999,34.17403077499992,38.95987319946289,38.52,-0.5872054258973306,0.0,0.23012580053710963
2021-02-18,38.73,38.73,38.209999,38.52,38.52,188300,38.9377781111111,38.244285952381034,38.17750461999999,34.21718614499992,38.77423858642578,38.790001,0.6600170987169733,0.2542385864257781,0.0
2021-02-19,38.709999,39.0,38.619999,38.790001,38.790001,163700,38.97333366666666,38.19000028571437,38.22309368,34.25987136999992,38.73694610595703,38.419998,-0.13677466531378893,0.0,0.05305489404296537
2021-02-22,38.470001,38.84,38.330002,38.419998,38.419998,145100,38.90444444444444,38.1561906190477,38.25973514,34.30300572499993,38.56013107299805,38.59,0.3647399278835132,0.14013307299804723,0.0
2021-02-23,38.439999,38.799999,38.0,38.59,38.59,274500,38.864444333333324,38.18142866666675,38.29997012,34.347804374999924,38.39668655395508,38.810001,-0.5009418140578524,-0.19331344604492529,0.0
2021-02-24,38.369999,38.939999,38.369999,38.810001,38.810001,104600,38.876666555555545,38.22000014285723,38.32178004,34.39001481999993,38.44087219238281,37.77,-0.9511177482762426,0.0,0.36912880761718725
2021-02-25,38.68,38.939999,37.73,37.77,37.77,239600,38.77777766666665,38.198571523809605,38.31660006,34.43028237999993,38.145633697509766,,0.9945292494301363,,
