date,open,high,low,close,adj_close,volume,9-day,21-day,50-day,200-day,adj_close_1_days,true_adj_close_1_days,percent_change,buy_profit,sell_profit
2011-06-27,24.5,25.59,24.35,24.780001,24.780001,372000,24.607222,25.349761952380987,26.301899920000004,23.202474969999965,24.992502212524414,25.15,0.8575512669447248,0.21250121252441545,0.0
2011-06-28,24.860001,25.15,24.540001,25.15,25.15,393500,24.66999988888889,25.183809571428604,26.348799920000005,23.240149969999965,24.97970199584961,25.440001,-0.6771292411546291,-0.1702980041503892,0.0
2011-06-29,25.299999,25.559999,25.02,25.440001,25.440001,238000,24.823333444444444,25.041428666666704,26.406199940000008,23.279524969999965,25.010271072387695,25.6,-1.6891899006305209,-0.42972992761230344,0.0
2011-06-30,25.639999,25.91,25.5,25.6,25.6,247000,24.984444555555555,24.95976195238099,26.460699940000005,23.319799969999966,25.25048065185547,25.91,-1.3653099536895807,-0.34951934814453267,0.0
2011-07-01,25.700001,25.99,25.34,25.91,25.91,242400,25.133333444444443,24.892857142857174,26.509199920000004,23.361749969999963,25.4937744140625,26.690001,-1.6064283517464306,-0.41622558593750014,0.0
2011-07-05,26.01,26.870001,26.01,26.690001,26.690001,352800,25.292222444444445,24.898333333333365,26.565299940000003,23.406199979999965,25.831756591796875,27.280001,-3.215602757763568,-0.8582444082031238,0.0
2011-07-06,26.74,27.360001,26.379999,27.280001,27.280001,415900,25.543333666666665,24.97523809523813,26.630199960000006,23.452624979999964,26.259990692138672,27.889999,-3.7390405809051357,-1.0200103078613267,0.0
2011-07-07,27.6,28.389999,27.6,27.889999,27.889999,397100,25.90222244444444,25.096904761904792,26.596299960000007,23.502224979999966,26.798646926879883,27.76,-3.9130588463632314,0.0,1.0913520731201167
2011-07-08,27.5,27.940001,27.1,27.76,27.76,210700,26.27777811111111,25.250952380952413,26.560099960000006,23.552024984999967,27.158615112304688,26.92,-2.1663720738303818,0.0,0.6013848876953141
2011-07-11,27.32,27.59,26.809999,26.92,26.92,189600,26.515555777777777,25.36738095238098,26.517399960000006,23.598524979999965,27.384939193725586,26.73,1.7271143897681436,0.0,-0.46493919372558423
2011-07-12,26.799999,27.040001,26.65,26.73,26.73,219000,26.691111333333332,25.514761904761933,26.473499980000007,23.640949974999963,27.41718101501465,27.27,2.570823101439012,0.687181015014648,0.0
2011-07-13,26.91,27.549999,26.85,27.27,27.27,216300,26.894444555555555,25.676428571428602,26.445699980000004,23.686049974999964,27.450847625732422,26.58,0.6631742784467265,0.0,-0.1808476257324223
2011-07-14,27.290001,27.469999,26.51,26.58,26.58,260200,27.003333444444444,25.74690476190479,26.41429998,23.725324974999964,27.286367416381836,26.77,2.6575147343184264,0.7063674163818376,0.0
2011-07-15,26.68,27.16,26.280001,26.77,26.77,316900,27.098889,25.850952428571457,26.398000000000003,23.765174979999966,27.123323440551758,26.270000000000003,1.319848489173546,0.0,-0.35332344055175824
2011-07-18,26.469999,26.67,26.08,26.27,26.27,143700,27.052222222222227,25.9561905714286,26.3754,23.803199974999966,26.946317672729492,26.930000000000003,2.574486763340284,0.6763176727294926,0.0
2011-07-19,26.459999,27.030001,26.25,26.93,26.93,174000,27.013333222222226,26.088571523809552,26.362100020000003,23.844274974999966,26.918058395385742,27.0,-0.044343128905523686,-0.011941604614257528,0.0
2011-07-20,27.01,27.18,26.52,27.0,27.0,151800,26.914444444444445,26.204285809523835,26.338100000000004,23.887999979999968,26.89107894897461,27.530000999999995,-0.40341130009403936,-0.10892105102539062,0.0
2011-07-21,27.15,27.620001,27.049999,27.530001,27.530001,180400,26.888889,26.31238109523812,26.313700020000006,23.93074998499997,26.999120712280273,27.549999000000003,-1.9283700270106243,-0.5308802877197252,0.0
2011-07-22,27.549999,27.700001,27.299999,27.549999,27.549999,177500,26.95888888888889,26.43285723809526,26.314200000000007,23.974174979999972,27.17902183532715,27.540001000000004,-1.3465596302665974,0.0,0.37097716467285125
2011-07-25,27.15,27.84,27.08,27.540001,27.540001,252700,27.048889000000003,26.570000142857165,26.30580004000001,24.017524979999973,27.377445220947266,27.510000000000005,-0.5902533520341359,0.0,0.16255577905273455
2011-07-26,27.639999,27.809999,27.4,27.51,27.51,149400,27.07555566666667,26.719047809523833,26.312400040000007,24.059824984999974,27.54816436767578,25.469999,0.13872907188578584,0.0,-0.03816436767577969
2011-07-27,27.360001,27.49,25.299999,25.469999,25.469999,597100,26.95222222222223,26.751904857142883,26.291800020000004,24.092099984999972,27.409040451049805,24.84,7.613040939066402,0.0,-1.9390414510498033
2011-07-28,25.540001,25.620001,24.799999,24.84,24.84,246600,26.73777777777778,26.73714295238098,26.262100000000004,24.121224989999973,26.906869888305664,25.030001000000002,8.320732239555815,2.066869888305664,0.0
2011-07-29,24.469999,25.290001,24.209999,25.030001,25.030001,272900,26.60000011111111,26.717619142857167,26.205600020000006,24.150349994999974,26.319963455200195,25.209999,5.153665216394505,1.2899624552001967,0.0
2011-08-01,25.59,25.75,23.73,25.209999,25.209999,543400,26.40888888888889,26.69904766666669,26.162200020000004,24.180174984999972,25.88419532775879,22.02,2.6743211205950037,0.0,-0.6741963277587892
2011-08-02,21.65,22.700001,20.26,22.02,22.02,2720500,25.855555555555554,26.513809571428595,26.043000020000004,24.194024984999974,24.76831817626953,22.440001,12.48100897488434,2.7483181762695317,0.0
2011-08-03,21.940001,22.610001,21.83,22.440001,22.440001,657600,25.29,26.311428619047643,25.949000060000003,24.208874994999974,23.90413475036621,20.68,6.524659915862803,0.0,-1.4641337503662122
2011-08-04,22.0,22.32,20.67,20.68,20.68,755100,24.526666777777777,25.997142857142883,25.819400060000003,24.216199994999975,23.105304718017578,20.15,11.727779100665273,0.0,-2.4253047180175784
2011-08-05,21.0,22.629999,19.440001,20.15,20.15,471000,23.70555555555556,25.6285714761905,25.662900060000005,24.227449994999976,22.259172439575195,17.940001000000006,10.467357020224302,0.0,-2.1091724395751967
2011-08-08,19.34,20.09,17.92,17.940001000000006,17.940001000000006,507700,22.642222333333336,25.160952476190502,25.448900100000007,24.226725004999977,20.95612335205078,19.110001,16.812275272731448,3.0161223520507754,0.0
2011-08-09,18.5,19.18,17.0,19.110001,19.110001,658700,21.935555888888892,24.78904776190479,25.258400120000005,24.231975014999975,20.33846664428711,17.74,6.428391313465179,0.0,-1.228465644287109
2011-08-10,18.74,18.809999,17.690001000000006,17.74,17.74,474000,21.146667000000004,24.36095252380955,25.044600120000005,24.228800014999976,19.558124542236328,19.57,10.248729099415614,1.8181245422363297,0.0
2011-08-11,17.91,19.969999,17.91,19.57,19.57,527400,20.540000222222226,23.994285857142888,24.889700100000006,24.228275019999973,19.12445068359375,19.84,-2.276695536056465,-0.4455493164062503,0.0
2011-08-12,19.91,20.290001,19.34,19.84,19.84,278900,19.94333366666667,23.67333347619051,24.740200080000005,24.228375019999977,19.014177322387695,20.459999,-4.162412689578148,-0.8258226776123045,0.0
2011-08-15,20.290001,20.6,20.07,20.459999,20.459999,220100,19.770000222222226,23.37285723809527,24.617900040000006,24.231000019999975,19.355857849121094,19.49,-5.396584578908856,0.0,1.104141150878906
2011-08-16,20.25,20.26,19.33,19.49,19.49,293800,19.442222333333337,23.05000009523813,24.494400020000004,24.230100019999973,19.615324020385742,19.379999,0.6430170363557914,0.0,-0.12532402038574375
2011-08-17,19.67,19.790001,19.110001,19.379999,19.379999,211100,19.29777777777778,22.690476238095272,24.375300020000005,24.228450019999972,19.813968658447266,17.950001,2.2392656390088774,0.0,-0.4339696584472641
2011-08-18,18.5,18.870001,17.82,17.950001,17.950001,408300,19.053333444444448,22.259523904761938,24.24380004,24.218375024999972,19.633676528930664,17.530001000000002,9.379807438064566,0.0,-1.6836755289306637
2011-08-19,17.52,18.5,17.450001,17.530001000000002,17.530001000000002,317800,19.007777888888896,21.783333428571463,24.104900060000006,24.205150034999974,19.179174423217773,17.48,9.40772007496047,0.0,-1.6491734232177713
2011-08-22,18.08,18.1,17.26,17.48,17.48,204700,18.826666666666668,21.3038096666667,23.981800060000005,24.189250034999972,18.656349182128906,18.57,6.729686396618455,1.1763491821289058,0.0
2011-08-23,17.639999,18.66,17.32,18.57,18.57,490600,18.91888888888889,20.876666761904794,23.875700060000003,24.178025029999972,18.357803344726562,18.99,-1.1426852734164663,-0.21219665527343778,0.0
2011-08-24,18.58,19.52,18.530001,18.99,18.99,493600,18.854444444444447,20.47095247619051,23.753500060000007,24.16980002999997,18.319244384765625,18.49,-3.5321517389909083,0.0,0.6707556152343734
2011-08-25,19.26,19.370001,18.33,18.49,18.49,342300,18.704444444444448,20.138571571428606,23.63160008000001,24.16057503499997,18.453990936279297,19.02,-0.19474885733207983,-0.03600906372070156,0.0
2011-08-26,18.360001,19.26,17.91,19.02,19.02,380200,18.544444555555557,19.86142871428575,23.530800100000008,24.153725039999973,18.614032745361328,19.889999,-2.13442300020332,-0.40596725463867145,0.0
2011-08-29,19.379999,19.950001,19.01,19.889999,19.889999,652300,18.58888888888889,19.61666671428575,23.445600080000006,24.152775034999973,19.001232147216797,19.48,-4.4684107464419816,0.0,0.8887668527832027
2011-08-30,19.469999,19.85,19.15,19.48,19.48,524400,18.60000011111111,19.343809619047654,23.343800080000005,24.15165003499997,19.28034782409668,19.76,-1.024908500530394,-0.19965217590332074,0.0
2011-08-31,19.65,20.0,19.290001,19.76,19.76,537600,18.80111111111111,19.236190571428608,23.233800080000005,24.150500034999972,19.44254493713379,19.51,-1.606553961873545,0.0,0.3174550628662125
2011-09-01,19.83,20.280001,19.5,19.51,19.51,511000,19.021110999999998,19.09666671428575,23.123600080000006,24.147725029999975,19.621374130249023,18.959999,0.5708566388981131,0.0,-0.11137413024902187
2011-09-02,19.040001,19.530001,18.85,18.959999,18.959999,594200,19.185555333333333,19.01476190476194,23.009600060000004,24.143975029999975,19.664894104003906,18.26,3.717801377541773,0.0,-0.7048951040039064
2011-09-06,18.299999,18.559999,18.08,18.26,18.26,442700,19.151110888888887,18.92476190476194,22.887200080000003,24.135175029999974,19.370391845703125,19.290001,6.081006822032439,1.1103918457031234,0.0
2011-09-07,18.700001,19.360001,18.59,19.290001,19.290001,303700,19.18444433333333,18.989047619047657,22.777400080000003,24.131350034999972,19.26827621459961,18.65,-0.11262200245811703,0.0,0.0217247854003908
2011-09-08,19.09,19.49,18.540001,18.65,18.65,267900,19.20222211111111,18.967142809523846,22.64740008,24.122025039999972,19.130693435668945,17.98,2.577444695275854,0.0,-0.48069343566894673
2011-09-09,18.379999,18.6,17.809998999999994,17.98,17.98,301100,19.08666655555555,18.978571380952417,22.498200060000002,24.11092503499997,18.809289932250977,18.35,4.612291058125562,0.8292899322509761,0.0
2011-09-12,17.709999,18.35,17.700001,18.35,18.35,242300,18.91555555555555,18.92047614285718,22.353200060000002,24.09900002999997,18.592172622680664,18.870001,1.3197418129736382,0.24217262268066264,0.0
2011-09-13,18.459999,19.030001,18.27,18.870001,18.870001,231700,18.847777888888885,18.874285714285755,22.212400080000002,24.090500034999973,18.674592971801758,18.73,-1.0355485842223362,0.0,0.19540802819824066
2011-09-14,19.08,19.200001,18.32,18.73,18.73,379600,18.73333344444444,18.79190480952385,22.053200060000005,24.081800039999973,18.676555633544922,19.280001,-0.2853409848108839,-0.05344436645507855,0.0
2011-09-15,18.969999,19.290001,18.6,19.280001,19.280001,252700,18.707777999999998,18.781904857142898,21.893200060000005,24.07612503999997,18.72032928466797,19.040001,-2.9028614434824456,0.0,0.5596717153320299
2011-09-16,19.48,19.48,18.959999,19.040001,19.040001,617700,18.716667111111107,18.765714476190517,21.716200100000005,24.06727504999997,18.954689025878906,19.07,-0.4480670674391977,-0.08531197412109393,0.0
2011-09-19,18.59,19.35,18.440001,19.07,19.07,328300,18.806667111111107,18.819047761904805,21.542400100000005,24.05537504499997,19.0839786529541,18.23,0.07330179839591651,0.0,-0.013978652954101278
2011-09-20,19.209999,19.209999,18.190001,18.23,18.23,274100,18.688889222222215,18.85238104761909,21.368600100000002,24.038750044999965,19.05889320373535,17.719998999999994,4.5468634324484425,0.0,-0.8288932037353511
2011-09-21,18.120001,18.450001,17.68,17.719998999999994,17.719998999999994,301400,18.58555577777777,18.86380957142861,21.18840008,24.019250034999963,18.85543441772461,17.1,6.407649445830191,0.0,-1.135435417724615
2011-09-22,17.5,17.719998999999994,16.950001,17.1,17.1,600400,18.487777999999995,18.793809571428614,20.98500008,23.995050029999966,18.488086700439453,17.43,8.117466084441237,1.3880867004394517,0.0
2011-09-23,17.09,17.75,16.950001,17.43,17.43,339500,18.385555777777775,18.7195238571429,20.802000080000003,23.972225024999965,18.111303329467773,18.200001,3.9087970709568203,0.6813033294677737,0.0
2011-09-26,17.6,18.219999,17.129998999999998,18.200001,18.200001,263700,18.31111133333333,18.705714380952422,20.630600100000002,23.95225002999997,17.920373916625977,18.700001,-1.5364124615928523,-0.27962708337402375,0.0
2011-09-27,18.77,19.129999,18.32,18.700001,18.700001,319400,18.307778111111105,18.690476333333372,20.47920012,23.933200034999967,17.98992919921875,18.01,-3.797175202189831,0.0,0.7100718007812503
2011-09-28,18.73,18.959999,17.85,18.01,18.01,360100,18.166666888888884,18.60095257142861,20.30080012,23.91067503999997,18.079805374145508,18.26,0.3875923050833217,0.06980537414550625,0.0
2011-09-29,18.57,18.73,17.77,18.26,18.26,276400,18.080000111111104,18.542857333333373,20.126000120000004,23.88825003499997,18.269804000854492,17.5,0.05369113282853573,0.0,-0.009804000854490624
2011-09-30,17.91,18.52,17.49,17.5,17.5,266500,17.90555566666666,18.435238285714327,19.925400100000004,23.862075029999968,18.334020614624023,16.43,4.765832083565848,0.0,-0.8340206146240234
2011-10-03,17.190001000000002,17.65,16.42,16.43,16.43,381500,17.705555666666662,18.28857161904766,19.703000120000002,23.828700029999972,18.10503578186035,17.809998999999994,10.19498345624073,1.6750357818603518,0.0
2011-10-04,16.15,17.82,16.15,17.809998999999994,17.809998999999994,394100,17.715555666666663,18.233809714285755,19.508400080000005,23.800075024999973,17.765281677246094,18.299999,-0.2510798723453067,-0.04471732275390039,0.0
2011-10-05,17.860001,18.459999,17.48,18.299999,18.299999,239500,17.848888888888883,18.23571442857147,19.324200060000003,23.772975024999973,17.74270248413086,18.459999,-3.045336318702205,-0.5572965158691403,0.0
2011-10-06,18.299999,18.59,18.1,18.459999,18.459999,295000,17.963333222222218,18.196190523809566,19.184000060000002,23.74580001999997,17.80158233642578,17.799999,-3.5667210143089316,0.0,0.6584166635742186
2011-10-07,18.530001,18.58,17.559998999999998,17.799999,17.799999,248900,17.918888555555554,18.15571428571433,19.043200040000002,23.714950019999968,17.859237670898438,18.860001,0.33280154059805184,0.05923867089843782,0.0
2011-10-10,18.27,18.91,18.1,18.860001,18.860001,298700,17.936666333333335,18.19761909523814,18.919800040000002,23.69080001999997,18.18132209777832,19.540001,-3.5985093649872026,-0.6786789022216801,0.0
2011-10-11,18.709999,19.6,18.709999,19.540001,19.540001,274800,18.106666444444446,18.25428580952385,18.80640008,23.66887502999997,18.6096248626709,20.4,-4.761392475512676,-0.9303761373291017,0.0
2011-10-12,19.68,20.639999,19.65,20.4,20.4,301300,18.344444222222226,18.327142904761946,18.77400008,23.651700034999973,19.06085205078125,20.07,-6.564450731464453,0.0,1.3391479492187486
2011-10-13,20.190001,20.209999,19.389999,20.07,20.07,182100,18.62999977777778,18.390952428571467,18.72660006,23.63342503499997,19.38155174255371,21.139999,-3.43023546311056,-0.6884482574462893,0.0
2011-10-14,20.35,21.200001,20.190001,21.139999,21.139999,283300,19.153333,18.4795237619048,18.73580004,23.62150002999997,19.911216735839844,19.969999,-5.812593766727027,0.0,1.2287822641601558
2011-10-17,20.91,20.940001,19.84,19.969999,19.969999,337800,19.393333,18.52380938095242,18.732200020000004,23.605450024999968,20.258535385131836,20.889999,1.4448492718093504,0.28853638513183455,0.0
2011-10-18,20.0,21.01,19.58,20.889999,20.889999,242600,19.68111077777778,18.61047600000004,18.791199980000002,23.589750014999968,20.470375061035156,19.709999,-2.0087312544382763,0.0,0.4196239389648433
2011-10-19,20.790001,20.82,19.549999,19.709999,19.709999,306300,19.819999666666668,18.680952142857183,18.803199940000002,23.574025009999968,20.478303909301758,19.370001,3.898046414420204,0.0,-0.768304909301758
2011-10-20,19.65,19.65,18.76,19.370001,19.370001,306300,19.994444333333334,18.759523666666706,18.835799960000003,23.55307501999997,20.309425354003906,18.860001,4.849893162132041,0.0,-0.9394243540039078
2011-10-21,19.559999,19.559999,18.540001,18.860001,18.860001,585700,19.994444333333334,18.843333238095276,18.821599980000002,23.531650024999966,19.989673614501953,19.719999,5.989780247105781,1.1296726145019527,0.0
2011-10-24,18.950001,19.889999,18.68,19.719999,19.719999,550200,20.01444411111111,18.952380809523852,18.819199960000002,23.516025024999966,19.793800354003906,17.65,0.3742462360363449,0.0,-0.07380135400390486
2011-10-25,17.950001,18.1,15.8,17.65,17.65,2329100,19.708888555555557,18.926190285714327,18.76299998,23.489975019999964,19.250539779663086,18.620001,9.068214049082648,1.6005397796630874,0.0
2011-10-26,18.219999,19.17,17.85,18.620001,18.620001,581400,19.547777555555555,18.922380761904805,18.7456,23.46805002999997,18.88864517211914,19.610001,1.4427720606413619,0.26864417211914215,0.0
2011-10-27,19.32,19.709999,18.959999,19.610001,19.610001,751500,19.37777777777778,18.998571285714327,18.75020004,23.450175039999966,18.922239303588867,19.559999,-3.5071986809747395,0.0,0.6877616964111333
2011-10-28,19.58,20.0,19.48,19.559999,19.559999,400400,19.332222222222228,19.060476000000044,18.7824,23.427550039999968,19.027101516723633,19.01,-2.7244249004121546,0.0,0.5328974832763684
2011-10-31,19.1,19.4,18.959999,19.01,19.01,289900,19.123333444444448,19.132380761904805,18.81199998,23.400225039999967,18.944820404052734,18.299999,-0.3428700470661083,0.0,0.06517959594726719
2011-11-01,18.02,18.870001,18.02,18.299999,18.299999,413800,18.966666777777778,19.221428333333375,18.82839996,23.363925039999966,19.109210968017578,19.34,4.4219235641355965,0.8092119680175784,0.0
2011-11-02,18.68,19.379999,18.559999,19.34,19.34,402100,18.963333333333335,19.294285523809567,18.84379996,23.33332504499997,19.20353126525879,20.26,-0.7056294454043992,-0.1364687347412108,0.0
2011-11-03,19.67,20.33,19.290001,20.26,20.26,361900,19.118888777777777,19.387618904761943,18.869199959999996,23.31260003999997,19.356685638427734,20.26,-4.458609879428762,0.0,0.0
2011-11-04,19.950001,20.280001,19.860001,20.26,20.26,229200,19.17888888888889,19.47333323809528,18.904599959999995,23.29362503999997,19.47857666015625,20.1,-3.856976011074785,0.0,0.7814233398437516
2011-11-07,20.24,20.389999,19.639999,20.1,20.1,189500,19.451111111111107,19.582857095238136,18.926199959999998,23.272525039999973,19.67026710510254,20.360001,-2.1379746014799124,-0.42973289489746236,0.0
2011-11-08,20.290001,20.469999,19.66,20.360001,20.360001,209900,19.644444444444442,19.65428566666671,18.935599999999997,23.253075044999974,20.017850875854492,19.24,-1.6805015095309093,0.0,0.34215012414550827
2011-11-09,19.639999,20.0,19.18,19.24,19.24,572100,19.60333322222222,19.639999904761947,18.930799999999998,23.225300044999972,20.097057342529297,19.059999,4.454559992356021,0.0,-0.8570573425292984
2011-11-10,19.700001,19.700001,18.92,19.059999,19.059999,319700,19.547777666666665,19.576190333333376,18.916799979999997,23.197275034999972,19.963266372680664,19.629999,4.739073557562426,0.9032673726806628,0.0
2011-11-11,19.4,19.85,19.34,19.629999,19.629999,242600,19.616666444444444,19.555237904761945,18.919199959999997,23.17165003499997,19.853822708129883,19.139999,1.1402125294549492,0.0,-0.22382370812988128
2011-11-14,19.440001,19.59,18.9,19.139999,19.139999,194900,19.709999777777778,19.45999980952385,18.922799959999995,23.143900024999972,19.679059982299805,19.6,2.816410712977598,0.5390609822998051,0.0
2011-11-15,18.969999,19.77,18.75,19.6,19.6,178400,19.738888666666664,19.44238080952385,18.949599959999997,23.11367502499997,19.49927520751953,19.26,-0.5139020024513784,0.0,0.10072479248047017
2011-11-16,19.27,19.780001,18.99,19.26,19.26,247400,19.627777555555554,19.364761809523852,18.948999939999997,23.08407502499997,19.478347778320312,19.27,1.1336852456921647,0.21834777832031094,0.0
2011-11-17,19.200001,19.5,19.040001,19.27,19.27,287300,19.517777555555554,19.34380947619052,18.961399939999996,23.05515002499997,19.46879005432129,19.030001,1.031603810696884,0.0,-0.1987900543212895
2011-11-18,19.299999,19.549999,18.809999,19.030001,19.030001,170500,19.398888777777778,19.327619000000045,18.982399959999995,23.026250034999972,19.38927459716797,18.209999,1.887932623692296,0.0,-0.35927359716797014
2011-11-21,18.58,18.58,18.120001,18.209999,18.209999,213500,19.159999666666668,19.296666523809566,18.979599939999996,22.99192502499997,19.180438995361328,18.049999,5.32916006948341,0.0,-0.9704399953613283
2011-11-22,18.190001,18.4,17.860001,18.049999,18.049999,123400,19.027777333333333,19.217142714285757,18.963199899999996,22.956975014999966,18.91967010498047,17.030001000000002,4.8181227321977635,0.0,-0.8696711049804691
2011-11-23,17.85,17.879998999999994,17.0,17.030001000000002,17.030001000000002,303100,18.802222,19.187618952380994,18.929199919999995,22.917750019999968,18.525449752807617,16.639999,8.78126051083388,0.0,-1.495448752807615
2011-11-25,16.98,17.190001000000002,16.610001,16.639999,16.639999,132600,18.469999777777776,19.093333142857187,18.876399879999994,22.874025014999965,18.0263671875,17.879998999999994,8.331540089034863,1.3863681875000005,0.0
2011-11-28,17.469998999999998,18.040001,17.43,17.879998999999994,17.879998999999994,322700,18.32999977777778,19.01095209523814,18.853199839999995,22.833950009999963,17.788379669189453,18.0,-0.5124123933706111,-0.0916193308105413,0.0
2011-11-29,17.9,18.190001,17.870001000000006,18.0,18.0,460000,18.152222000000002,18.93666642857147,18.831799839999995,22.794025004999963,17.769020080566406,19.57,-1.2832217746310763,-0.23097991943359375,0.0
2011-11-30,18.83,19.58,18.83,19.57,19.57,622700,18.186666444444445,18.963333095238138,18.858599839999997,22.76462499999996,18.068660736083984,19.450001,-7.671636504425222,0.0,1.501339263916016
2011-12-01,19.459999,19.75,19.299999,19.450001,19.450001,218700,18.206666555555554,19.018095095238134,18.893199879999994,22.73277500499996,18.495677947998047,18.59,-4.906545002244234,0.0,0.9543230520019534
2011-12-02,19.610001,19.700001,18.57,18.59,18.59,332800,18.157777555555555,18.98238080952385,18.922999879999995,22.69562500499996,18.897106170654297,18.83,1.6519966146008445,0.307106170654297,0.0
2011-12-05,18.99,19.25,18.66,18.83,18.83,475600,18.226666555555553,18.91428557142861,18.950999879999998,22.661150004999957,19.104171752929688,18.58,1.4560369247460925,0.0,-0.2741717529296892
2011-12-06,18.84,18.84,18.389999,18.58,18.58,429600,18.285555555555554,18.834285571428612,18.958599859999996,22.629074999999958,19.19515609741211,18.49,3.3108509010339673,0.0,-0.6151560974121111
2011-12-07,18.42,18.610001,17.99,18.49,18.49,243000,18.447777666666667,18.757618904761944,18.954399839999997,22.602499999999953,19.011362075805664,17.360001,2.8196975435676888,0.0,-0.5213620758056656
2011-12-08,18.25,18.290001,17.309998999999998,17.360001,17.360001,406600,18.52777788888889,18.614761761904802,18.941399859999997,22.566225004999957,18.65809440612793,17.860001,7.477496148346588,1.2980934061279292,0.0
2011-12-09,17.440001000000002,18.0,17.42,17.860001,17.860001,324000,18.525555888888892,18.549047523809563,18.933399879999996,22.52760001499996,18.36778450012207,17.66,2.843132540261727,0.0,-0.5077835001220699
2011-12-12,17.5,17.82,17.27,17.66,17.66,295200,18.487778111111115,18.482380904761946,18.936599879999996,22.487925019999956,18.10228729248047,17.27,2.5044580548157906,0.0,-0.4422872924804686
2011-12-13,17.84,17.98,17.15,17.27,17.27,199400,18.232222555555563,18.37000000000004,18.953399879999996,22.451475024999958,17.89193344116211,17.0,3.601235907134394,0.0,-0.6219334411621098
2011-12-14,17.1,17.32,16.85,17.0,17.0,361700,17.960000222222227,18.268095285714328,18.9371999,22.413600019999958,17.631084442138672,17.18,3.7122614243451286,0.6310844421386719,0.0
2011-12-15,17.290001,17.379998999999998,16.879998999999998,17.18,17.18,178300,17.80333355555556,18.15285719047623,18.914799919999997,22.37142501999996,17.507343292236328,17.33,1.9053742272196066,0.3273432922363284,0.0
2011-12-16,17.379998999999998,17.76,17.09,17.33,17.33,397400,17.636666888888897,18.06095242857147,18.892199939999998,22.33112502499996,17.4707088470459,16.790001,0.8119379517939997,0.0,-0.14070884704590014
2011-12-19,17.459999,17.559998999999998,16.76,16.790001,16.790001,320400,17.437778111111115,17.94285723809528,18.87199998,22.291525034999964,17.386913299560547,18.620001,3.555165360386498,0.5969122995605467,0.0
2011-12-20,16.950001,18.700001,16.950001,18.620001,18.620001,651500,17.45222266666667,17.92333342857147,18.86719998,22.259625039999964,17.488420486450195,18.389999,-6.0772312179242265,0.0,1.1315805135498032
2011-12-21,18.610001,18.610001,18.1,18.389999,18.389999,369000,17.56666688888889,17.9319048571429,18.84419994,22.231875029999966,17.783763885498047,18.450001,-3.2965478383220828,-0.6062351145019527,0.0
2011-12-22,18.440001,18.6,18.23,18.450001,18.450001,270200,17.632222444444444,17.950952571428612,18.80519996,22.213925029999963,18.02300262451172,18.389999,-2.3143542132506205,0.0,0.42699837548828157
2011-12-23,18.469999,18.52,18.309999,18.389999,18.389999,121800,17.713333444444444,18.01571438095242,18.771599939999998,22.193050019999966,18.207199096679688,18.67,-0.9940180166421545,-0.18279990332031204,0.0
2011-12-27,18.280001,18.799999,18.280001,18.67,18.67,181800,17.868888999999996,18.112381095238135,18.722199959999998,22.174875019999963,18.453628540039062,18.290001,-1.1589258701710723,0.0,0.2163714599609392
2011-12-28,18.559999,18.6,18.18,18.290001,18.290001,327400,18.01222244444444,18.131905000000042,18.688599999999997,22.157800024999965,18.56633949279785,18.440001,1.5108719392516785,0.2763384927978514,0.0
2011-12-29,18.360001,18.6,18.309999,18.440001,18.440001,210000,18.15222255555555,18.15285742857147,18.639600039999998,22.142325029999967,18.56958770751953,18.360001,0.7027478334710096,0.0,-0.1295867075195325
2011-12-30,18.379999,18.68,18.290001,18.360001,18.360001,304300,18.266667111111108,18.09523842857147,18.612600079999996,22.125625029999966,18.576065063476562,18.75,1.1768194537492784,0.21606406347656204,0.0
2012-01-03,18.950001,19.129999,18.700001,18.75,18.75,288300,18.484444777777775,18.061905047619092,18.60020006,22.103600024999963,18.681007385253906,18.34,-0.3679606119791667,0.0,0.06899261474609375
2012-01-04,18.540001,18.75,18.190001,18.34,18.34,276000,18.453333555555552,18.05000028571433,18.589800039999997,22.07582502499996,18.657737731933594,18.690001,1.7324849069443506,0.3177377319335939,0.0
2012-01-05,18.24,18.690001,17.969998999999994,18.690001,18.690001,316500,18.48666711111111,18.04333366666671,18.569200079999998,22.04990002999996,18.65243148803711,18.280001,-0.201013964434188,0.0,0.03756951196288938
2012-01-06,18.639999,18.639999,18.18,18.280001,18.280001,322600,18.46777822222222,18.029048000000046,18.5818001,22.022950034999962,18.646366119384766,18.75,2.0041854449831105,0.366365119384767,0.0
2012-01-09,18.309999,18.9,18.0,18.75,18.75,726300,18.50777833333333,18.041428952380997,18.584400079999998,21.995475029999962,18.68369483947754,19.48,-0.3536275227864583,-0.06630516052246094,0.0
2012-01-10,18.9,19.5,18.860001,19.48,19.48,308800,18.59777833333333,18.142381285714333,18.58180006,21.969775024999958,18.770408630371094,19.82,-3.6426661685262154,-0.7095913696289067,0.0
2012-01-11,19.280001,19.84,19.09,19.82,19.82,269300,18.76777822222222,18.235714571428616,18.58700008,21.944575019999956,18.99266815185547,20.370001,-4.174227286299352,-0.8273318481445315,0.0
2012-01-12,19.84,20.4,19.629999,20.370001,20.370001,298800,18.982222666666665,18.36476223809528,18.6142001,21.922675024999958,19.337617874145508,20.469999,-5.068154517294775,-1.0323831258544907,0.0
2012-01-13,20.040001,20.57,20.030001,20.469999,20.469999,310900,19.216666888888888,18.517143142857186,18.657600100000003,21.900725014999956,19.706037521362305,20.76,-3.7321031556361906,-0.7639614786376967,0.0
2012-01-17,20.6,20.940001,20.51,20.76,20.76,379600,19.44000022222222,18.696190761904806,18.6860001,21.88015001499996,20.159528732299805,21.51,-2.8924434860317767,-0.6004712677001969,0.0
2012-01-18,20.799999,21.540001,20.75,21.51,21.51,291600,19.79222244444444,18.90238123809528,18.7110001,21.86445001499996,20.55496597290039,21.93,-4.439953635981454,-0.9550340270996109,0.0
2012-01-19,21.51,22.059999,21.5,21.93,21.93,263500,20.15222233333333,19.1214288571429,18.7444001,21.850625014999963,21.007814407348633,22.1,-4.205132661428942,-0.9221855926513669,0.0
2012-01-20,21.809999,22.16,21.6,22.1,22.1,327500,20.576666666666664,19.374285952380994,18.7844001,21.837550014999966,21.380340576171875,22.25,-3.2563774833851875,-0.7196594238281264,0.0
2012-01-23,22.07,22.360001,22.040001,22.25,22.25,321500,20.965555555555554,19.54714304761909,18.82220008,21.825900014999966,21.752328872680664,22.780001,-2.2367241677273526,-0.49767112731933594,0.0
2012-01-24,21.25,22.959999,20.959999,22.780001,22.780001,654600,21.33222233333333,19.756190761904804,18.8930001,21.819725024999965,22.013263702392578,23.18,-3.365835223657016,-0.7667372976074205,0.0
2012-01-25,22.92,23.299999,22.629999,23.18,23.18,396400,21.705555666666665,19.98142880952385,18.97540012,21.817350019999967,22.393678665161133,23.280001,-3.392240443653438,-0.7863213348388669,0.0
2012-01-26,23.299999,23.530001,23.07,23.280001,23.280001,351800,22.028889,20.21428604761909,19.04840016,21.81640002999997,22.708316802978516,23.43,-2.4556880260506992,-0.571684197021483,0.0
2012-01-27,23.07,23.540001,23.07,23.43,23.43,262300,22.357778,20.440952714285757,19.134200179999997,21.82255002499997,22.964704513549805,22.959999,-1.9858962289807727,0.0,0.46529548645019503
2012-01-30,23.110001,23.15,22.74,22.959999,22.959999,268000,22.602222333333334,20.663333571428613,19.20140016,21.82495001999997,23.093507766723633,23.01,0.5814842009515462,0.133508766723633,0.0
2012-01-31,23.139999,23.16,22.870001,23.01,23.01,348900,22.768889,20.88095257142861,19.276400159999998,21.82617502499997,23.27819061279297,23.610001,1.1655393863231949,0.2681906127929672,0.0
2012-02-01,23.280001,23.68,23.0,23.610001,23.610001,571600,22.95555577777778,21.13095257142861,19.36320018,21.83020002999997,23.379812240600586,23.76,-0.9749629379491112,-0.23018875939941452,0.0
2012-02-02,23.6,23.99,23.440001,23.76,23.76,343300,23.140000222222223,21.36952400000004,19.457800159999998,21.83615002999997,23.47734832763672,24.209999,-1.189611415670382,-0.2826516723632828,0.0
2012-02-03,24.09,24.4,23.030001,24.209999,24.209999,451000,23.35777788888889,21.649047761904804,19.57780016,21.84282502499997,23.622390747070312,23.950001,-2.4271304304047567,0.0,0.5876082529296873
2012-02-06,24.08,24.08,23.84,23.950001,23.950001,329500,23.48777788888889,21.899523952380992,19.6958002,21.84515002499997,23.809288024902344,23.73,-0.5875280552082506,0.0,0.14071297509765657
2012-02-07,23.83,24.0,23.540001,23.73,23.73,389600,23.548889,22.159047714285755,19.829800180000003,21.844375024999966,23.931716918945312,23.690001,0.8500502273295916,0.0,-0.20171691894531207
2012-02-08,23.709999,23.9,23.48,23.690001,23.690001,277200,23.594444555555555,22.394285857142897,19.970800220000005,21.84265002999997,23.97378921508789,23.6,1.1979240316954476,0.0,-0.28378821508789187
2012-02-09,23.73,23.889999,23.530001,23.6,23.6,346400,23.613333444444443,22.590476333333374,20.085200240000002,21.81272503499997,23.963743209838867,23.27,1.5412847874528208,0.0,-0.36374320983886577
2012-02-10,23.219999,23.6,23.16,23.27,23.27,235000,23.647778,22.754762047619085,20.190600240000002,21.781225034999974,23.82747459411621,23.440001,2.3956793902716433,0.5574745941162114,0.0
2012-02-13,23.43,23.629999,23.26,23.440001,23.440001,171600,23.695555888888887,22.90095252380956,20.26800026,21.753150039999973,23.71727752685547,23.33,1.1829202859482386,0.0,-0.27727652685547
2012-02-14,23.34,23.34,23.040001,23.33,23.33,176500,23.66444466666666,23.037143047619082,20.34560024,21.725175044999972,23.613908767700195,23.27,1.2169257081020017,0.0,-0.283908767700197
2012-02-15,23.4,23.49,23.16,23.27,23.27,359400,23.61000022222222,23.15666685714289,20.43920024,21.698225044999976,23.555152893066406,23.440001,1.2254099401220744,0.2851528930664067,0.0
2012-02-16,23.190001,23.549999,23.17,23.440001,23.440001,330300,23.524444888888883,23.248571666666702,20.531400260000005,21.674675049999976,23.502952575683594,23.450001,0.26856473121991337,0.062951575683595,0.0
2012-02-17,23.450001,23.639999,23.32,23.450001,23.450001,245500,23.46888933333333,23.320952666666702,20.628800280000004,21.65400005999998,23.53459358215332,23.440001,0.36073594262669756,0.0,-0.08459258215332
2012-02-21,23.41,23.690001,23.219999,23.440001,23.440001,350200,23.43666722222222,23.38476223809527,20.727800300000002,21.63420006499998,23.54054069519043,23.34,0.4289235959948591,0.0,-0.10053969519043093
2012-02-22,23.27,23.48,23.08,23.34,23.34,150000,23.397778222222218,23.436667000000035,20.847400280000002,21.61292506999998,23.52526092529297,23.469999,0.793748608795925,0.1852609252929689,0.0
2012-02-23,23.4,23.629999,23.17,23.469999,23.469999,200400,23.383333666666665,23.469524047619085,20.95960024,21.58927505999998,23.5428409576416,23.709999,0.31036199721014124,0.07284195764160017,0.0
2012-02-24,23.450001,23.83,23.4,23.709999,23.709999,472300,23.43222244444444,23.494762095238134,21.080600219999997,21.56407505499998,23.61789894104004,23.450001,-0.3884439596980192,0.0,0.09210005895996076
2012-02-27,23.4,23.700001,22.959999,23.450001,23.450001,265300,23.433333555555553,23.502857333333374,21.204200239999995,21.54370005999998,23.593050003051758,23.42,0.6100170445696675,0.0,-0.1430490030517575
2012-02-28,23.4,23.6,23.129999,23.42,23.42,219300,23.443333555555554,23.502381142857182,21.332600239999998,21.521000064999985,23.579177856445312,23.389999,0.6796663383659726,0.0,-0.1591778564453108
2012-02-29,23.4,23.639999,23.27,23.389999,23.389999,449200,23.456666777777777,23.522857333333373,21.456800219999995,21.502050059999984,23.608810424804688,23.17,0.9354913816143726,0.0,-0.21881142480468796
2012-03-01,23.57,23.629999,23.139999,23.17,23.17,282000,23.426666666666662,23.530476380952422,21.57360022,21.485400059999982,23.587757110595703,22.52,1.8030086775817928,0.0,-0.4177571105957014
2012-03-02,23.200001,23.200001,22.43,22.52,22.52,264000,23.323333222222217,23.478571571428613,21.688200199999997,21.466375054999986,23.419147491455078,22.58,3.9926620402090522,0.8991474914550786,0.0
2012-03-05,22.34,22.700001,22.0,22.58,22.58,188200,23.22777755555555,23.422381095238137,21.767400179999996,21.440000054999988,23.19397735595703,22.1,2.71912026553159,0.0,-0.613977355957033
2012-03-06,22.26,22.48,22.01,22.1,22.1,168100,23.089999777777773,23.321904952380997,21.841600199999995,21.41360005999999,22.939014434814453,22.41,3.7964454064002338,0.8390144348144517,0.0
2012-03-07,22.15,22.42,22.049999,22.41,22.41,443800,22.972222111111105,23.24857157142862,21.920800179999997,21.385750059999992,22.736936569213867,22.860001,1.4588869665946766,0.32693656921386705,0.0
2012-03-08,22.610001,22.91,22.459999,22.860001,22.860001,107400,22.877777888888883,23.207143047619095,22.010200219999998,21.36435006999999,22.632299423217773,23.059999,-0.9960698461134232,-0.22770157678222702,0.0
2012-03-09,22.93,23.26,22.74,23.059999,23.059999,169200,22.834444333333327,23.177142952381,22.098000199999998,21.34385006499999,22.695371627807617,23.139999,-1.5812115698373794,-0.36462737219238406,0.0
2012-03-12,23.02,23.26,22.92,23.139999,23.139999,161800,22.8033331111111,23.15523814285719,22.195000159999996,21.31967505999999,22.836505889892578,23.790001,-1.3115519586125368,-0.3034931101074214,0.0
2012-03-13,23.370001,23.84,23.27,23.790001,23.790001,170900,22.847777777777768,23.180000095238142,22.30200016,21.295425069999993,23.113872528076172,23.43,-2.8420699600804062,0.0,0.6761284719238283
2012-03-14,23.68,23.68,23.290001,23.43,23.43,206000,22.876666666666658,23.179523857142904,22.40340014,21.269400069999993,23.36563491821289,23.92,-0.2747122568805339,-0.06436508178710909,0.0
2012-03-15,23.389999,23.969999,23.34,23.92,23.92,156600,23.032222222222217,23.207619095238144,22.50680014,21.24685006999999,23.545730590820312,24.01,-1.564671443058901,-0.3742694091796892,0.0
2012-03-16,23.969999,24.34,23.809999,24.01,24.01,316500,23.191111111111102,23.24285719047624,22.62020014,21.23032506499999,23.766700744628906,24.18,-1.0133246787634123,-0.2432992553710953,0.0
2012-03-19,23.969999,24.5,23.74,24.18,24.18,140400,23.422222222222214,23.278095238095286,22.730000120000003,21.214650059999993,23.959213256835938,23.74,-0.9130965391400422,0.0,0.22078674316406222
2012-03-20,24.01,24.030001,23.43,23.74,23.74,112400,23.569999999999993,23.29190471428576,22.839200100000003,21.20047505499999,23.985267639160156,23.780001,1.0331408557715158,0.2452676391601578,0.0
2012-03-21,23.82,23.959999,23.540001,23.780001,23.780001,86000,23.672222222222214,23.308095190476237,22.939800120000005,21.19105005499999,24.01870346069336,23.33,1.0037949985509285,0.0,-0.23870246069336076
2012-03-22,23.459999,23.5,23.059999,23.33,23.33,88400,23.702222333333324,23.30761900000005,23.016800120000003,21.181025059999993,23.923397064208984,23.66,2.543493631414428,0.5933970642089861,0.0
2012-03-23,23.34,23.700001,23.07,23.66,23.66,115300,23.760000222222217,23.316666666666713,23.093600120000005,21.176700059999995,23.812868118286133,24.469999,0.6461036275829783,0.15286811828613267,0.0
2012-03-26,23.950001,24.59,23.530001,24.469999,24.469999,212900,23.83555555555555,23.352857142857193,23.175600080000002,21.17667505499999,23.862276077270508,23.870001,-2.483542899734052,0.0,0.6077229227294936
2012-03-27,24.43,24.629999,23.870001,23.870001,23.870001,219600,23.88444455555555,23.372857142857193,23.243600120000007,21.17785005999999,23.96504783630371,23.129999,0.3981853050769142,0.0,-0.09504683630371247
2012-03-28,23.84,24.059999,22.85,23.129999,23.129999,269100,23.796666666666663,23.359047571428622,23.291000100000005,21.17412505499999,23.886754989624023,23.389999,3.271751069353794,0.7567559896240219,0.0
2012-03-29,22.870001,23.5,22.76,23.389999,23.389999,180600,23.72777766666666,23.359047571428626,23.328600080000005,21.165575049999987,23.80771827697754,23.65,1.7858883917760728,0.4177192769775395,0.0
2012-03-30,23.67,23.91,23.559999,23.65,23.65,293700,23.668888777777774,23.381904714285763,23.363000080000006,21.16090005499999,23.86087989807129,24.110001,0.8916697592866406,0.21087989807129048,0.0
2012-04-02,23.5,24.110001,23.299999,24.110001,24.110001,204400,23.709999999999994,23.457619047619097,23.403200100000007,21.161150064999987,23.802730560302734,23.52,-1.2744522063572956,0.0,0.3072704396972661
2012-04-03,23.99,24.24,23.379999,23.52,23.52,152400,23.681110999999998,23.502380952381003,23.428600100000008,21.158000064999992,23.737131118774414,22.66,0.9231765254014223,0.0,-0.2171311187744145
2012-04-04,23.23,23.23,22.59,22.66,22.66,236100,23.606666555555552,23.529047619047667,23.426200080000008,21.14845006499999,23.603618621826172,22.780001,4.164248110442064,0.9436186218261717,0.0
2012-04-05,22.620001,23.07,22.610001,22.780001,22.780001,197200,23.508888888888887,23.54666671428576,23.418200100000007,21.136050069999992,23.49527359008789,22.43,3.1399146562280307,0.0,-0.715272590087892
2012-04-09,22.280001,22.5,22.26,22.43,22.43,243400,23.282222333333333,23.52619047619052,23.40120008000001,21.123100069999992,23.22177505493164,21.879999,3.5299824116435174,0.0,-0.7917750549316409
2012-04-10,22.309999,22.450001,21.75,21.879999,21.879999,304200,23.061110999999997,23.470000000000045,23.370200060000005,21.109200064999992,22.890527725219727,22.18,4.618504439692731,1.010528725219725,0.0
2012-04-11,22.18,22.200001,22.01,22.18,22.18,164200,22.955555555555556,23.42428576190481,23.354600080000008,21.098200069999994,22.57819175720215,22.5,1.7952739278726273,0.3981917572021487,0.0
2012-04-12,22.190001,22.610001,22.0,22.5,22.5,158000,22.85666677777778,23.362857142857187,23.34440008000001,21.08680006499999,22.47486114501953,21.719999,-0.1117282443576389,0.0,0.02513885498046875
2012-04-13,22.309999,22.41,21.700001,21.719999,21.719999,213700,22.642222222222223,23.28142852380957,23.306600040000006,21.069650059999994,22.330108642578125,21.610001,2.8089763842904576,0.0,-0.6101096425781236
2012-04-16,21.870001,21.92,21.450001,21.610001,21.610001,213900,22.364444444444445,23.171428571428617,23.26360006000001,21.050500059999994,22.188213348388672,21.93,2.6756701602589996,0.5782123483886714,0.0
2012-04-17,21.82,22.110001,21.73,21.93,21.93,513500,22.18777777777778,23.072380952380996,23.21800008000001,21.032150059999996,22.172279357910156,21.77,1.1047850337900436,0.0,-0.24227935791015653
2012-04-18,21.83,21.950001,21.610001,21.77,21.77,133500,22.08888888888889,22.95761904761909,23.17440006000001,21.011450059999998,22.08888053894043,21.370001,1.464770505008866,0.0,-0.3188805389404301
2012-04-19,21.77,21.879999,21.299999,21.370001,21.370001,227600,21.932222222222222,22.844761952380995,23.127200080000012,20.98485006,21.93453025817871,21.24,2.641690368562512,0.0,-0.5645292581787125
2012-04-20,21.799999,21.799999,21.200001,21.24,21.24,350800,21.8,22.72380952380957,23.078200060000015,20.954650055,21.833309173583984,20.790001,2.79335769107338,0.0,-0.5933091735839859
2012-04-23,21.0,21.049999,20.629999,20.790001,20.790001,267400,21.67888911111111,22.602857190476236,23.022000080000016,20.919150065,21.633718490600586,21.190001,4.058284992870302,0.8437174906005858,0.0
2012-04-24,20.67,22.030001,20.200001,21.190001,21.190001,662000,21.56888922222222,22.485238190476235,22.980400100000015,20.886300069999997,21.49390983581543,20.82,1.4342086902942146,0.0,-0.30390883581543093
2012-04-25,21.5,21.92,20.719999,20.82,20.82,323800,21.382222555555554,22.31142871428576,22.928000080000015,20.855800069999997,21.388402938842773,20.73,2.7300813585147603,0.0,-0.5684029388427732
2012-04-26,20.73,20.85,20.58,20.73,20.73,218700,21.272222666666664,22.161904857142904,22.87600008000002,20.825800069999996,21.199539184570312,20.790001,2.2650225980236955,0.4695391845703121,0.0
2012-04-27,20.73,20.969999,20.48,20.790001,20.790001,203000,21.18111155555555,22.05047638095243,22.82640010000002,20.793400074999994,21.04583740234375,20.41,1.2305742666570811,0.0,-0.2558364023437498
2012-04-30,20.790001,20.790001,20.290001,20.41,20.41,192000,21.01222266666666,21.908571666666717,22.765800080000023,20.762550074999993,20.9654483795166,20.91,2.7214521289397426,0.5554483795166014,0.0
2012-05-01,20.34,20.950001,20.23,20.91,20.91,435500,20.916667111111103,21.77809547619053,22.715000060000026,20.73325007499999,20.906919479370117,21.219999,-0.014732284217517717,-0.0030805206298829546,0.0
2012-05-02,20.629999,21.24,20.610001,21.219999,21.219999,303900,20.900000222222214,21.640476333333385,22.670600020000023,20.70800006999999,20.875505447387695,20.74,-1.6234381189759057,0.0,0.3444935526123061
2012-05-03,21.219999,21.25,20.639999,20.74,20.74,322500,20.84444466666666,21.508095380952433,22.618600020000027,20.677050069999986,20.930240631103516,20.25,0.9172643736910183,0.0,-0.1902406311035172
2012-05-04,20.65,20.75,20.23,20.25,20.25,263100,20.78444455555555,21.393333476190527,22.554200040000026,20.643300069999988,20.853870391845703,20.23,2.982076009114583,0.0,-0.6038703918457031
2012-05-07,20.190001,20.469999,20.09,20.23,20.23,239000,20.67777777777777,21.271904857142907,22.48460006000003,20.606800064999984,20.761428833007812,20.040001,2.626934419218053,0.0,-0.5314288330078121
2012-05-08,20.0,20.200001,19.809999,20.040001,20.040001,254700,20.591111222222214,21.15809538095243,22.416400060000033,20.569250074999985,20.62588882446289,19.77,2.923591792549763,0.0,-0.5858878244628904
2012-05-09,19.74,20.059999,19.629999,19.77,19.77,118000,20.48444455555555,21.05761923809529,22.343400060000032,20.53040006999999,20.387645721435547,20.139999,3.124156405844954,0.6176457214355473,0.0
2012-05-10,19.969999,20.299999,19.870001,20.139999,20.139999,273000,20.412222111111106,20.960476333333382,22.27840006000003,20.493550064999987,20.241579055786133,19.870001,0.5043697161361987,0.0,-0.10158005578613327
2012-05-11,19.950001,20.139999,19.77,19.870001,19.870001,155600,20.352222222222217,20.835238285714336,22.21240008000003,20.46555007499999,20.1413516998291,19.559999,1.3656300260332301,0.0,-0.2713506998291031
2012-05-14,19.59,19.75,19.450001,19.559999,19.559999,144500,20.20222211111111,20.73238114285719,22.15320006000003,20.439150069999986,20.001283645629883,19.209999,2.2560565858407333,0.0,-0.44128464562988157
2012-05-15,19.459999,19.690001,19.16,19.209999,19.209999,291000,19.978888777777776,20.61809533333338,22.08580004000003,20.410050059999985,19.8731632232666,19.190001,3.452182497597224,0.0,-0.6631642232666017
2012-05-16,19.379999,19.6,19.110001,19.190001,19.190001,121200,19.80666666666666,20.487619190476238,22.027600060000033,20.379950069999985,19.758760452270508,18.76,2.9638323222104526,0.0,-0.5687594522705091
2012-05-17,19.25,19.42,18.74,18.76,18.76,152600,19.641111111111105,20.344285857142903,21.95460006000003,20.363650069999984,19.550249099731445,18.73,4.212415243771022,0.0,-0.7902490997314437
2012-05-18,18.76,19.76,18.629999,18.73,18.73,279600,19.47444444444444,20.218571523809572,21.87200004000003,20.345100064999986,19.369041442871094,19.040001,3.411860346348603,0.6390414428710933,0.0
2012-05-21,18.780001,19.129999,18.549999,19.040001,19.040001,190200,19.36333333333333,20.113809666666715,21.79160008000003,20.336900069999984,19.226850509643555,18.780001,0.9813524150736889,0.0,-0.1868495096435545
2012-05-22,19.040001,19.200001,18.620001,18.780001,18.780001,168000,19.253333444444436,20.018095380952428,21.70440012000003,20.330050074999985,19.140792846679688,19.25,1.9211492410447097,0.3607918466796889,0.0
2012-05-23,18.549999,19.290001,18.459999,19.25,19.25,312000,19.154444666666663,19.925714380952428,21.61360010000003,20.336600069999985,19.070301055908203,19.24,-0.9335010082690746,0.0,0.17969894409179688
2012-05-24,19.25,19.280001,18.92,19.24,19.24,191000,19.08444455555555,19.850476285714333,21.52980010000003,20.337250064999985,19.10540771484375,19.16,-0.699544101643703,0.0,0.13459228515624844
2012-05-25,19.18,19.34,18.959999,19.16,19.16,246600,19.04000022222222,19.77571438095243,21.43460010000003,20.344350064999986,19.15076446533203,19.59,-0.04820216423783347,-0.009235534667968892,0.0
2012-05-29,19.299999,19.639999,19.299999,19.59,19.59,168700,19.08222255555555,19.718571476190522,21.34620010000003,20.344450064999986,19.271211624145508,19.24,-1.627301561278673,0.0,0.31878837585449205
2012-05-30,19.34,19.49,19.129999,19.24,19.24,180900,19.087777999999997,19.662857190476235,21.24740010000003,20.341450064999982,19.341184616088867,18.9,0.5259075680294634,0.0,-0.10118461608886875
2012-05-31,19.219999,19.280001,18.76,18.9,18.9,300200,19.10333355555555,19.567142904761948,21.15060010000003,20.333650069999983,19.35816192626953,18.290001,2.424137176029274,0.0,-0.45816192626953267
2012-06-01,18.5,18.780001,18.25,18.290001,18.290001,336000,19.054444777777775,19.427619190476236,21.040800100000027,20.327650074999983,19.192306518554688,18.51,4.933326786339089,0.9023055185546873,0.0
2012-06-04,18.379999,18.629999,18.299999,18.51,18.51,318500,18.995555777777774,19.32142871428576,20.94440010000003,20.32330007999998,19.04363250732422,18.879999,2.882941692729428,0.5336325073242172,0.0
2012-06-05,18.440001,19.049999,18.41,18.879999,18.879999,195000,19.006666666666664,19.256190571428615,20.84880008000003,20.327950069999982,18.90038299560547,19.41,0.10796608413733083,0.02038399560546722,0.0
2012-06-06,19.01,19.450001,18.959999,19.41,19.41,174700,19.02444444444444,19.217142952380996,20.74760010000003,20.33735006499998,18.911218643188477,19.15,-2.569713327210322,0.0,0.4987813568115236
2012-06-07,19.780001,19.98,19.129999,19.15,19.15,192400,19.01444444444444,19.174761952380994,20.653200080000033,20.34570006499998,19.033100128173828,19.1,-0.6104431949147283,0.0,0.11689987182617045
2012-06-08,19.07,19.290001,18.74,19.1,19.1,156800,19.007777777777775,19.142857190476235,20.57260010000003,20.34835006499998,19.134607315063477,18.379999,0.18119013122238292,0.0,-0.03460731506347514
2012-06-11,19.379999,19.6,18.360001,18.379999,18.379999,185200,18.873333222222218,19.05904766666671,20.47240010000003,20.345300059999985,19.203777313232422,18.59,4.481927954579433,0.8237783132324203,0.0
2012-06-12,18.51,18.73,18.280001,18.59,18.59,149800,18.801110999999995,18.99809523809528,20.37120010000003,20.345800059999984,19.135944366455078,18.27,2.936763671087027,0.0,-0.5459443664550783
2012-06-13,18.540001,18.700001,18.129999,18.27,18.27,135400,18.731110999999995,18.936666714285757,20.254400080000032,20.342050059999984,18.96246910095215,18.6,3.790197596891893,0.6924691009521489,0.0
2012-06-14,18.26,18.74,18.15,18.6,18.6,238100,18.765555333333328,18.907619142857186,20.15600008000003,20.335600064999984,18.771556854248047,16.25,0.9223486787529325,0.0,-0.17155685424804545
2012-06-15,16.68,17.280001000000002,16.110001,16.25,16.25,1438000,18.51444422222222,18.76761909523814,20.02780008000003,20.319450064999984,18.299800872802734,16.129998999999998,12.614159217247597,0.0,-2.0498008728027344
2012-06-18,16.059998999999998,16.290001,16.0,16.129998999999998,16.129998999999998,937100,18.208888666666663,18.642380952380996,19.89480004000003,20.301300059999985,17.723609924316406,16.68,9.879795555575722,1.5936109243164083,0.0
2012-06-19,16.16,16.74,16.059998999999998,16.68,16.68,623500,17.905555333333332,18.54476190476195,19.779800040000033,20.287150059999984,17.291324615478516,17.01,3.6650156803268343,0.6113246154785159,0.0
2012-06-20,16.68,17.059998999999998,16.51,17.01,17.01,509300,17.667777555555553,18.44809519047623,19.68240006000003,20.277400064999984,16.986515045166016,16.700001,-0.13806557809515543,0.0,0.023484954833985938
2012-06-21,16.959999,17.09,16.67,16.700001,16.700001,344100,17.401111,18.34904757142861,19.572800080000032,20.26960006999998,16.67639923095703,16.709999,-0.14132794987838065,-0.023601769042969067,0.0
2012-06-22,16.85,17.030001000000002,16.540001,16.709999,16.709999,759100,17.215555444444444,18.228095142857182,19.457000060000034,20.256700059999986,16.755285263061523,16.41,0.2710129609314974,0.0,-0.04528626306152361
2012-06-25,16.42,16.5,16.16,16.41,16.41,328000,16.973333222222223,18.093333238095276,19.350800080000035,20.245500059999983,16.77226448059082,16.49,2.207583672095187,0.36226448059082017,0.0
2012-06-26,16.4,16.620001000000002,16.379998999999998,16.49,16.49,337400,16.775555444444443,17.96619038095242,19.248400060000034,20.23805005999998,16.766292572021484,16.629998999999998,1.6755159006760822,0.27629257202148594,0.0
2012-06-27,16.48,16.74,16.41,16.629998999999998,16.629998999999998,145100,16.556666444444446,17.82523795238099,19.142400040000034,20.229450054999983,16.70696258544922,16.309998999999998,0.46279969980287294,0.0,-0.07696358544922077
2012-06-28,16.440001000000002,16.629998999999998,16.16,16.309998999999998,16.309998999999998,235400,16.563333,17.685714095238136,19.033200020000034,20.216650044999984,16.60725212097168,16.67,1.8225207798705692,0.297253120971682,0.0
2012-06-29,16.66,16.860001,16.290001,16.67,16.67,303400,16.623333111111112,17.57952361904766,18.93920000000003,20.206350044999983,16.605236053466797,16.610001,-0.38850597800362824,0.0,0.06476394653320483
2012-07-02,16.73,16.73,16.370001000000002,16.610001,16.610001,326700,16.615555444444446,17.49952361904766,18.846600020000032,20.193000044999984,16.657800674438477,16.969998999999998,0.28777646936009277,0.0477996744384761,0.0
2012-07-03,16.67,17.08,16.48,16.969998999999998,16.969998999999998,192700,16.61111088888889,17.42619023809528,18.770199980000033,20.182650034999984,16.727285385131836,17.0,-1.43025120312713,-0.2427136148681619,0.0
2012-07-05,16.9,17.120001000000002,16.73,17.0,17.0,224300,16.644444111111113,17.336666476190516,18.68639996000003,20.17230003499998,16.804452896118164,16.42,-1.1502770816578585,0.0,0.19554710388183594
2012-07-06,16.780001000000002,16.91,16.34,16.42,16.42,145100,16.612222000000003,17.194285523809565,18.59839996000003,20.163250034999983,16.826860427856445,16.209999,2.4778345180051375,0.0,-0.4068604278564436
2012-07-09,16.4,16.4,16.120001000000002,16.209999,16.209999,211700,16.58999966666667,17.05428547619052,18.507999940000033,20.155700034999985,16.742002487182617,16.08,3.281946452819753,0.0,-0.5320034871826174
2012-07-10,16.4,16.57,15.92,16.08,16.08,198000,16.544444111111115,16.91047595238099,18.413799920000034,20.150600034999982,16.66039276123047,16.219998999999998,3.6094077190949663,0.5803927612304705,0.0
2012-07-11,16.07,16.32,16.040001,16.219998999999998,16.219998999999998,243300,16.49888855555556,16.80761880952385,18.329999900000033,20.144550029999984,16.534252166748047,16.16,1.937442577820437,0.0,-0.31425316674804904
2012-07-12,16.049999,16.26,15.9,16.16,16.16,269900,16.482222000000004,16.691904523809562,18.234999900000034,20.134350024999982,16.379337310791016,16.35,1.3572853390533137,0.21933731079101548,0.0
2012-07-13,16.200001,16.52,16.030001000000002,16.35,16.35,244100,16.44666644444445,16.600475952380993,18.137599920000035,20.122600019999982,16.32602882385254,16.110001,-0.14661269814961686,0.0,0.02397117614746236
2012-07-16,16.26,16.389999,16.030001000000002,16.110001,16.110001,157300,16.391110888888893,16.48190457142861,18.044999940000036,20.11310002499998,16.306507110595703,16.17,1.2197771471007524,0.19650611059570267,0.0
2012-07-17,16.190001000000002,16.26,16.030001000000002,16.17,16.17,133100,16.302222111111117,16.47809504761909,17.963399940000034,20.10265002499998,16.285459518432617,16.49,0.7140353644564964,0.11545951843261548,0.0
2012-07-18,16.120001000000002,16.690001000000002,16.120001000000002,16.49,16.49,179000,16.245555444444452,16.495237952380997,17.888599940000034,20.097600024999977,16.330259323120117,16.530001000000002,-0.9687124128555565,-0.15974067687988125,0.0
2012-07-19,16.530001000000002,16.780001000000002,16.51,16.530001000000002,16.530001000000002,138400,16.257777777777783,16.488095142857187,17.818399940000035,20.09810002999998,16.437742233276367,16.129998999999998,-0.55812922651145,0.0,0.09225876672363498
2012-07-20,16.389999,16.530001000000002,16.09,16.129998999999998,16.129998999999998,247100,16.248888888888892,16.446190333333377,17.745599920000032,20.08970002999998,16.441408157348633,15.86,1.9306210579965621,0.0,-0.31140915734863484
2012-07-23,15.93,15.96,15.39,15.86,15.86,263600,16.224444444444448,16.40619028571433,17.659999940000034,20.077500034999982,16.338565826416016,15.939999999999998,3.017439006406155,0.4785658264160162,0.0
2012-07-24,15.94,15.97,15.78,15.94,15.94,210900,16.19333344444445,16.369523666666712,17.581399920000035,20.064900039999984,16.275236129760742,16.309998999999998,2.103112482815199,0.3352361297607427,0.0
2012-07-25,16.01,16.35,15.93,16.309998999999998,16.309998999999998,260200,16.210000000000004,16.36476171428576,17.516399920000037,20.05745003999998,16.245216369628906,16.66,-0.39719579609472355,-0.06478263037109144,0.0
2012-07-26,16.5,16.92,16.4,16.66,16.66,281600,16.24444444444445,16.372856952381,17.465399940000033,20.04645003499998,16.285053253173828,17.290001,-2.250580713242329,-0.374946746826172,0.0
2012-07-27,16.76,17.4,16.76,17.290001,17.290001,232400,16.375555555555557,16.404285619047666,17.427399940000033,20.03520003499998,16.47074317932129,17.1,-4.738332986092431,0.0,0.8192578206787111
2012-07-30,17.26,17.34,16.860001,17.1,17.1,166500,16.47888888888889,16.441904714285762,17.394199940000032,20.01870003499998,16.739351272583008,17.440001000000002,-2.109056885479495,-0.3606487274169936,0.0
2012-07-31,17.030001000000002,17.469998999999998,16.969998999999998,17.440001000000002,17.440001000000002,277500,16.584444555555553,16.478571428571474,17.368399960000033,20.00555003999998,16.997791290283203,17.17,-2.535605988306991,0.0,0.4422097097167992
2012-08-01,17.540001,17.629998999999994,17.15,17.17,17.17,479800,16.655555555555555,16.505238047619095,17.330999940000034,19.98570004499998,17.243534088134766,16.43,0.42827075209530524,0.0,-0.07353408813476392
2012-08-02,16.790001,17.120001000000002,15.85,16.43,16.43,463400,16.688889000000003,16.479523809523858,17.28399992000003,19.96800004999998,17.196063995361328,17.51,4.662592789782888,0.7660639953613284,0.0
2012-08-03,16.67,17.59,16.67,17.51,17.51,252600,16.872222333333337,16.503809523809572,17.249199920000034,19.95110005499998,17.20093536376953,17.620001000000006,-1.7650750213047988,-0.3090646362304703,0.0
2012-08-06,17.5,17.639999,17.32,17.620001000000006,17.620001000000006,291800,17.058889111111114,16.560952428571476,17.216799940000033,19.940650064999982,17.290441513061523,18.24,-1.8703715563834644,-0.32955948693848214,0.0
2012-08-07,17.77,18.33,17.52,18.24,18.24,363000,17.27333366666667,16.657619142857193,17.198399940000034,19.935000059999982,17.46373748779297,18.370001,-4.2558251765736275,-0.7762625122070297,0.0
2012-08-08,18.190001,18.530001,18.030001,18.370001,18.370001,337200,17.46333377777778,16.76666680952386,17.17399996000003,19.93255005999998,17.67844009399414,18.280001,-3.764620949154319,0.0,0.6915609060058578
2012-08-09,18.370001,18.41,18.18,18.280001,18.280001,510100,17.573333777777783,16.86476214285719,17.154799980000032,19.925350069999983,18.033885955810547,18.34,-1.346362312504533,-0.24611504418945174,0.0
2012-08-10,18.27,18.35,18.08,18.34,18.34,196400,17.71111155555556,16.968571666666712,17.143599980000033,19.92880006999998,18.22557258605957,18.200001,-0.6239226496206628,0.0,0.11442741394042955
2012-08-13,18.26,18.309999,18.02,18.200001,18.200001,114800,17.79555600000001,17.056666952380997,17.141799980000034,19.926700069999985,18.327375411987305,18.0,0.699859368069839,0.0,-0.12737441198730437
2012-08-14,18.26,18.379999,17.969998999999994,18.0,18.0,350800,17.887778222222227,17.14666690476195,17.131599980000036,19.918650064999984,18.35920524597168,18.459999,1.995584699842665,0.3592052459716797,0.0
2012-08-15,17.92,18.549999,17.92,18.459999,18.459999,224500,18.113333666666673,17.25571447619052,17.123199980000035,19.913150064999982,18.344749450683594,18.49,-0.6243204526522784,-0.11524954931640607,0.0
2012-08-16,18.370001,18.559999,18.110001,18.49,18.49,215800,18.222222555555565,17.350952571428614,17.10479998000004,19.91055006499998,18.377010345458984,18.93,-0.6110852057383129,-0.11298965454101406,0.0
2012-08-17,18.440001,18.940001,18.440001,18.93,18.93,116700,18.36777800000001,17.46523823809528,17.100399980000034,19.913700069999983,18.47212791442871,18.950001,-2.4187643189185883,-0.4578720855712888,0.0
2012-08-20,18.83,18.98,18.73,18.950001,18.950001,172900,18.44666700000001,17.599524047619088,17.097400000000036,19.911750074999983,18.61332893371582,18.93,-1.7766335014134298,0.0,0.33667206628418
2012-08-21,18.98,19.32,18.389999,18.93,18.93,170200,18.50888911111112,17.745714523809564,17.108400020000037,19.90510007499998,18.76691436767578,18.879999,-0.8615194523202243,0.0,0.16308563232421847
2012-08-22,18.879999,19.200001,18.84,18.879999,18.879999,224900,18.575555555555567,17.88571447619052,17.114200000000036,19.89820006999998,18.90966796875,18.76,0.1571449699229246,0.0,-0.02966896874999847
2012-08-23,18.84,18.870001,18.58,18.76,18.76,213700,18.62222222222223,18.002381190476232,17.124000000000034,19.89150006999998,18.972707748413086,18.65,1.1338366120100445,0.0,-0.21270774841308437
2012-08-24,18.65,18.870001,18.0,18.65,18.65,161900,18.672222111111118,18.097143095238135,17.125000000000036,19.88295006499998,18.92060089111328,18.66,1.4509431158889152,0.27060089111328267,0.0
2012-08-27,18.559999,18.67,18.49,18.66,18.66,148100,18.745555444444452,18.162381142857182,17.173200000000033,19.88005006499998,18.860443115234375,18.639999,1.0741860409130486,0.0,-0.20044311523437486
2012-08-28,18.610001,18.75,18.5,18.639999,18.639999,152400,18.76555544444445,18.235714428571466,17.223400000000034,19.877950064999983,18.806901931762695,18.6,0.8954020424716534,0.0,-0.16690293176269577
2012-08-29,18.65,18.65,18.49,18.6,18.6,199400,18.77777766666667,18.290952476190515,17.261800000000036,19.87280006999998,18.746538162231445,18.450001,0.7878395818894832,0.0,-0.1465381622314439
2012-08-30,18.49,18.610001,18.219999,18.450001,18.450001,104500,18.724444444444448,18.35190490476194,17.290600020000035,19.869350079999982,18.679092407226562,18.6,1.2416877767462569,0.22909140722656218,0.0
2012-08-31,18.65,18.719999,18.370001,18.6,18.6,171300,18.685555444444446,18.455238238095276,17.328600000000037,19.86435007999998,18.690345764160156,18.940001,0.4857299148395421,0.09034576416015483,0.0
2012-09-04,18.549999,19.0,18.4,18.940001,18.940001,297300,18.686666666666667,18.523333523809562,17.373200040000036,19.86275008499998,18.73163414001465,18.84,-1.1001417580989057,0.0,0.20836685998535032
2012-09-05,18.9,19.110001,18.799999,18.84,18.84,153600,18.682222333333335,18.58142871428575,17.421800040000036,19.86060008499998,18.79578399658203,19.370001,-0.23469216251575695,-0.04421600341796861,0.0
2012-09-06,19.02,19.5,18.870001,19.370001,19.370001,295100,18.750000222222226,18.635238285714323,17.479400060000035,19.86230008499998,18.93671417236328,19.469999,-2.2368962584809227,-0.4332868276367172,0.0
2012-09-07,19.49,19.6,19.34,19.469999,19.469999,216600,18.841111222222224,18.687619142857177,17.536200060000038,19.86860008499998,19.147106170654297,19.379999,-1.6584121516683412,0.0,0.3228928293457045
2012-09-10,19.42,19.6,19.290001,19.379999,19.379999,171500,18.921111111111113,18.740000000000038,17.597600060000037,19.87525008499998,19.304218292236328,19.200001,-0.39102534403471023,0.0,0.0757807077636734
2012-09-11,19.450001,19.469999,18.969999,19.200001,19.200001,138100,18.983333555555557,18.780952428571464,17.64820008000004,19.88610008499998,19.39398765563965,19.09,1.0103471121675887,0.0,-0.19398665563964812
2012-09-12,19.200001,19.280001,18.799999,19.09,19.09,272000,19.037778000000003,18.82333333333337,17.69780006000004,19.89835008999998,19.41327667236328,19.01,1.6934346378380378,0.0,-0.3232766723632814
2012-09-13,19.07,19.33,18.93,19.01,19.01,287700,19.100000111111115,18.871428571428606,17.73860008000004,19.904000094999983,19.38957977294922,19.629999,1.996737364277839,0.3795797729492172,0.0
2012-09-14,19.15,19.700001,19.030001,19.629999,19.629999,285300,19.21444444444445,18.927142857142893,17.79120006000004,19.912150089999983,19.38912582397461,19.42,-1.2270666749671875,0.0,0.24087317602539215
2012-09-17,19.51,19.629999,19.26,19.42,19.42,117600,19.26777766666667,18.971428571428607,17.85120006000004,19.911400089999983,19.398910522460938,19.43,-0.10859669175625235,-0.021089477539064205,0.0
2012-09-18,19.35,19.68,19.110001,19.43,19.43,167200,19.333333222222226,18.995238095238133,17.915600080000036,19.911300084999983,19.42062759399414,19.299999,-0.04823677820823001,0.0,0.00937240600585909
2012-09-19,19.440001,19.450001,19.219999,19.299999,19.299999,134600,19.325555222222224,19.011904666666705,17.980000060000037,19.91485007999998,19.46371841430664,19.02,0.8482871647125004,0.0,-0.16371941430664094
2012-09-20,19.120001,19.370001,18.879999,19.02,19.02,175500,19.275555333333337,19.016190380952416,18.036000080000036,19.915800079999983,19.45207977294922,19.190001,2.271712791531121,0.4320797729492192,0.0
2012-09-21,19.200001,19.290001,19.02,19.190001,19.190001,310900,19.254444444444445,19.030952380952417,18.096600100000035,19.91885008499998,19.42123031616211,19.450001,1.2049468687474827,0.23122931616211062,0.0
2012-09-24,19.1,19.620001,19.1,19.450001,19.450001,173000,19.282222222222224,19.063809571428607,18.158600120000038,19.92365008999998,19.399917602539062,18.92,-0.25749817422085386,0.0,0.05008339746093782
2012-09-25,19.58,19.700001,18.879999,18.92,18.92,220700,19.263333333333335,19.076666714285754,18.214800100000037,19.931450084999984,19.37778663635254,18.74,2.4195911012290554,0.0,-0.45778663635253736
2012-09-26,18.9,19.129999,18.68,18.74,18.74,241900,19.233333333333338,19.080476238095276,18.266200100000038,19.93585007999998,19.26863670349121,19.01,2.820900232076908,0.5286367034912125,0.0
2012-09-27,18.85,19.040001,18.85,19.01,19.01,311600,19.164444555555562,19.098095333333372,18.316600100000038,19.942600079999984,19.233423233032227,19.02,1.1752931774446342,0.223423233032225,0.0
2012-09-28,18.879999,19.1,18.860001,19.02,19.02,162100,19.120000111111114,19.11809533333337,18.366400080000037,19.951350079999983,19.190549850463867,19.23,0.8966869109561914,0.1705498504638676,0.0
2012-10-01,19.15,19.700001,19.030001,19.23,19.23,327100,19.097777888888892,19.15523814285718,18.428400100000037,19.962500079999984,19.204158782958984,19.6,-0.13437970380143552,-0.02584121704101605,0.0
2012-10-02,19.43,19.68,19.33,19.6,19.6,153900,19.131111333333333,19.202857190476227,18.503200100000036,19.974600079999984,19.2685546875,19.26,-1.6910475127551092,0.0,0.3314453125000014
2012-10-03,19.6,19.719999,19.24,19.26,19.26,178500,19.157777999999997,19.218095238095277,18.569600100000038,19.984250079999985,19.38113021850586,19.459999,0.6289211760428755,0.12113021850585781,0.0
2012-10-04,19.299999,19.459999,19.129999,19.459999,19.459999,188400,19.18777777777778,19.247619000000036,18.632600100000037,19.997600069999987,19.451982498168945,19.870001,-0.041194770005150115,-0.008016501831054512,0.0
2012-10-05,19.52,20.0,19.41,19.870001,19.870001,246500,19.234444444444446,19.27142852380956,18.696800120000038,20.003850069999988,19.600427627563477,19.57,-1.3566852484633591,0.0,0.2695733724365219
2012-10-08,19.719999,19.74,19.450001,19.57,19.57,163200,19.306666666666665,19.27619047619051,18.74240010000004,20.00975007499999,19.667394638061523,18.299999,0.49767316331897365,0.0,-0.09739463806152315
2012-10-09,18.51,18.9,18.190001,18.299999,18.299999,438800,19.257777666666666,19.22476190476194,18.76640008000004,20.009000064999988,19.43449592590332,18.25,6.199437092337112,0.0,-1.1344969259033206
2012-10-10,18.27,18.35,18.01,18.25,18.25,205700,19.173333222222222,19.1795237619048,18.78260006000004,20.008300069999986,19.154863357543945,18.33,4.95815538380244,0.9048633575439453,0.0
2012-10-11,18.450001,19.0,18.290001,18.33,18.33,281500,19.096666555555554,19.143333285714323,18.80580006000004,20.006600069999987,18.99270248413086,18.24,3.6153981676533617,0.0,-0.6627024841308611
2012-10-12,18.35,18.74,18.209999,18.24,18.24,149800,18.986666555555555,19.106666619047658,18.842000060000043,20.006350064999985,18.73963165283203,18.07,2.7392086229826362,0.0,-0.4996316528320328
2012-10-15,18.26,18.26,17.91,18.07,18.07,192200,18.816666555555557,19.03238095238099,18.85320006000004,20.004500059999987,18.45284652709961,18.09,2.118685816821301,0.3828465270996091,0.0
2012-10-16,18.219999,18.219999,17.959999,18.09,18.09,208300,18.686666555555558,18.969047619047654,18.862600040000043,20.00315005499999,18.387298583984375,18.120001,1.643441591953428,0.29729858398437514,0.0
2012-10-17,18.18,18.26,18.01,18.120001,18.120001,332200,18.53777788888889,18.906666714285752,18.860200060000043,20.000000059999987,18.37588119506836,17.950001,1.4121422789566123,0.0,-0.2558801950683609
2012-10-18,18.059999,18.24,17.809998999999994,17.950001,17.950001,210100,18.32444455555556,18.84238109523813,18.851800060000045,19.998050064999987,18.277273178100586,17.49,1.8232432304632495,0.0,-0.3272721781005856
2012-10-19,17.76,18.059999,17.32,17.49,17.49,224200,18.093333444444447,18.76952395238099,18.836000040000044,19.992050059999986,18.11918830871582,17.34,3.597417431193951,0.0,-0.6291883087158219
2012-10-22,17.469998999999998,17.620001000000006,17.200001,17.34,17.34,241700,17.986666888888895,18.6814286666667,18.816000040000045,19.987350054999986,17.96169662475586,16.639999,3.5853323226981515,0.0,-0.6216966247558595
2012-10-23,17.67,17.67,16.5,16.639999,16.639999,742000,17.807777888888893,18.547619047619083,18.784800000000043,19.976800049999987,17.77516746520996,16.639999,6.821926282627549,0.0,0.0
2012-10-24,16.73,16.969998999999998,16.299999,16.639999,16.639999,282500,17.620000000000005,18.439047571428606,18.757599980000045,19.962600044999984,17.45863914489746,16.639999,4.919712704895363,0.0,0.0
2012-10-25,16.74,16.83,16.459999,16.639999,16.639999,327500,17.442222111111114,18.33904752380956,18.72119998000004,19.946700039999985,17.188411712646484,16.809998999999998,3.2957496731008504,0.5484127126464848,0.0
2012-10-26,16.66,16.9,16.59,16.809998999999998,16.809998999999998,227700,17.302222000000004,18.234285571428604,18.687599960000043,19.928900029999987,17.006940841674805,16.5,1.1715755704376127,0.0,-0.196941841674807
2012-10-31,16.77,16.83,16.309998999999998,16.5,16.5,176400,17.125555333333338,18.114285571428606,18.638999960000042,19.909050034999986,16.83963394165039,16.530001000000002,2.058387525153883,0.3396339416503906,0.0
2012-11-01,16.559998999999998,16.790001,16.32,16.530001000000002,16.530001000000002,515000,16.94888866666667,17.985714190476227,18.59059996000004,19.887900039999987,16.767578125,16.450001,1.4372480981700957,0.0,-0.23757712499999784
2012-11-02,16.639999,16.84,16.389999,16.450001,16.450001,309400,16.782222000000004,17.83571423809527,18.54099998000004,19.862600044999986,16.748371124267578,16.73,1.8138000372618688,0.2983701242675778,0.0
2012-11-05,16.42,16.870001000000002,16.42,16.73,16.73,307100,16.697777555555557,17.71523804761908,18.498000000000044,19.836600044999987,16.740800857543945,16.68,0.06455981795543865,0.0,-0.010800857543944886
2012-11-06,16.77,16.84,16.629998999999998,16.68,16.68,210600,16.624444222222223,17.58285714285718,18.45640000000004,19.809500044999986,16.737585067749023,16.02,0.3452342191188473,0.0,-0.05758506774902372
2012-11-07,16.459999,16.77,16.01,16.02,16.02,281100,16.555555444444447,17.399523761904796,18.403800000000043,19.778350044999986,16.661272048950195,16.049999,4.002946622660398,0.6412720489501957,0.0
2012-11-08,16.0,16.15,15.99,16.049999,16.049999,390300,16.489999888888892,17.2319046666667,18.351599980000042,19.744700034999983,16.5584774017334,16.110001,3.168089927814941,0.5084784017333988,0.0
2012-11-09,15.95,16.290001,15.95,16.110001,16.110001,294900,16.431111222222228,17.127619047619085,18.301000020000043,19.709350039999986,16.454421997070312,16.190001000000002,2.1379328099999,0.34442099707031204,0.0
2012-11-12,16.16,16.34,16.09,16.190001000000002,16.190001000000002,75700,16.36222255555556,17.02952385714289,18.252800040000043,19.673900039999985,16.365970611572266,16.16,1.0869030309032304,0.0,-0.17596961157226332
2012-11-13,16.15,16.280001000000002,16.040001,16.16,16.16,176100,16.32444477777778,16.92619052380956,18.20700002000004,19.637550039999986,16.261289596557617,15.970000000000002,0.6267920579060461,0.0,-0.10128959655761705
2012-11-14,16.16,16.280001000000002,15.85,15.97,15.97,192300,16.262222444444447,16.818095285714325,18.15440002000004,19.602600044999985,16.212797164916992,16.059998999999998,1.520332904927937,0.24279716491699155,0.0
2012-11-15,15.96,16.799999,15.96,16.059998999999998,16.059998999999998,335900,16.21888888888889,16.72238095238099,18.09679998000004,19.567850039999982,16.258203506469727,15.85,1.2341501793974514,0.0,-0.19820450646972887
2012-11-16,16.0,16.1,15.68,15.85,15.85,250900,16.121111111111116,16.615714285714326,18.03699998000004,19.529050034999983,16.218589782714844,15.879999999999999,2.325487588106272,0.3685897827148441,0.0
2012-11-19,16.049999,16.049999,15.58,15.88,15.88,577800,16.032222222222224,16.509047571428614,17.967199960000038,19.489650034999983,16.16940689086914,15.89,1.8224615294026438,0.28940689086913984,0.0
2012-11-20,15.86,15.99,15.76,15.89,15.89,235900,16.017777777777777,16.410952285714327,17.89559998000004,19.44805003999998,16.10064125061035,16.01,1.3256214638788608,0.210641250610351,0.0
2012-11-21,15.99,16.07,15.32,16.01,16.01,291800,16.013333444444445,16.340476095238134,17.828200000000038,19.40835003499998,16.049156188964844,16.01,0.2445733227035739,0.0,0.0
2012-11-23,16.02,16.059998999999998,15.91,16.01,16.01,257000,16.00222222222222,16.277142761904802,17.764399980000036,19.36975003499998,16.015670776367188,16.290001,0.035420214660749134,0.005670776367185937,0.0
2012-11-26,15.99,16.299999,15.81,16.290001,16.290001,389000,16.013333333333332,16.260476190476233,17.708400000000037,19.332750034999982,16.062471389770508,16.85,-1.396743991786694,-0.22752961022949236,0.0
2012-11-27,16.27,17.200001,16.27,16.85,16.85,411500,16.089999999999996,16.27047623809528,17.665200000000038,19.29900003499998,16.25278091430664,16.889999,-3.5443269180614885,-0.5972190856933608,0.0
2012-11-28,16.82,17.02,16.66,16.889999,16.889999,222000,16.192222111111107,16.282381000000044,17.610400000000038,19.26710002999998,16.450939178466797,17.040001,-2.5995254442182185,-0.43905982153320267,0.0
2012-11-29,17.02,17.18,16.889999,17.040001,17.040001,179700,16.301111222222218,16.29333347619052,17.562800020000036,19.23510002999998,16.682964324951172,17.110001,-2.095285528732236,-0.3570366750488283,0.0
2012-11-30,17.1,17.219998999999998,16.940001000000002,17.110001,17.110001,216600,16.44111133333333,16.32238114285719,17.516400040000036,19.204000034999982,16.890310287475586,16.959999,-1.2839900624460192,0.0,0.21969071252441452
2012-12-03,17.209999,17.58,16.889999,16.959999,16.959999,107800,16.56111122222222,16.34285723809528,17.46960004000004,19.172450029999982,17.0823917388916,17.01,0.7216553426188395,0.12239273889160174,0.0
2012-12-04,16.9,17.07,16.75,17.01,17.01,127800,16.685555666666662,16.3695238571429,17.42940004000004,19.140300024999984,17.125303268432617,17.040001,0.6778557814968584,0.11530326843261562,0.0
2012-12-05,17.049999,17.200001,16.84,17.040001,17.040001,162800,16.800000222222216,16.384285809523853,17.386400040000037,19.108250024999982,17.159332275390625,17.379998999999998,0.7003008708193434,0.11933127539062482,0.0
2012-12-06,17.030001000000002,17.450001,17.02,17.379998999999998,17.379998999999998,180800,16.952222333333328,16.417619095238138,17.345000000000038,19.077950014999985,17.206710815429688,17.120001000000002,-0.9970552044928799,0.0,0.17328818457031048
2012-12-07,17.43,17.49,17.07,17.120001000000002,17.120001000000002,88300,17.044444555555554,16.470000095238138,17.30900002000004,19.046850019999983,17.247390747070312,17.23,0.7440989464329498,0.12738974707031048,0.0
2012-12-10,17.120001000000002,17.24,17.09,17.23,17.23,137300,17.086666777777776,16.52619061904766,17.278800020000038,19.015650024999985,17.249897003173828,17.65,0.11547883443893034,0.0198970031738277,0.0
2012-12-11,17.309998999999998,17.719998999999994,17.200001,17.65,17.65,304600,17.171111333333332,16.599523904761945,17.251600020000037,18.985350029999985,17.371294021606445,17.280001000000002,-1.5790706991136165,0.0,0.27870597839355327
2012-12-12,17.65,17.709999,17.26,17.280001000000002,17.280001000000002,137000,17.197778,16.65142866666671,17.216800040000038,18.954500029999984,17.454364776611328,17.290001,1.009049574773323,0.17436377661132596,0.0
2012-12-13,17.26,17.370001000000002,17.120001000000002,17.290001,17.290001,147500,17.217777999999996,16.70523823809528,17.178000060000034,18.923850034999983,17.451650619506836,17.18,0.9349312328370355,0.0,-0.16164961950683576
2012-12-14,17.209999,17.43,17.139999,17.18,17.18,125300,17.242222555555553,16.76285728571433,17.129600060000033,18.892800039999983,17.434234619140625,17.459999,1.479828982192231,0.2542346191406253,0.0
2012-12-17,17.24,17.459999,17.1,17.459999,17.459999,109700,17.292222444444445,16.829523952380992,17.093600040000034,18.864250034999984,17.454675674438477,18.059999,-0.030488693392956453,-0.005323325561523262,0.0
2012-12-18,17.440001000000002,18.24,17.32,18.059999,18.059999,285500,17.405555555555555,16.934762000000042,17.065600040000035,18.841950029999982,17.548561096191406,18.030001,-2.831882237693341,0.0,0.511437903808595
2012-12-19,18.02,18.17,17.93,18.030001,18.030001,163000,17.477778,17.037143000000043,17.028800040000032,18.819200034999984,17.68242073059082,17.959999,-1.92778840893674,0.0,0.3475802694091783
2012-12-20,18.01,18.1,17.870001000000006,17.959999,17.959999,243300,17.57111111111111,17.13571438095242,16.99660002000003,18.798500029999985,17.830928802490234,18.280001,-0.7186537009816396,-0.12907019750976545,0.0
2012-12-21,17.879998999999994,18.280001,17.74,18.280001,18.280001,731000,17.687777888888892,17.24380966666671,16.99620006000003,18.777850034999986,18.01517105102539,18.040001,-1.4487414359255668,0.0,0.264829948974608
2012-12-24,18.16,18.290001,17.99,18.040001,18.040001,119800,17.731111333333335,17.340476380952424,16.992000080000032,18.753750034999985,18.140155792236328,18.16,0.5551817443709008,0.10015479223632795,0.0
2012-12-26,18.030001,18.25,17.91,18.16,18.16,185300,17.828889,17.429523952380997,16.98860008000003,18.729250039999982,18.18791389465332,18.219999,0.15371087364163089,0.02791389465332017,0.0
2012-12-27,18.139999,18.24,17.969998999999994,18.219999,18.219999,90400,17.932222111111113,17.494762000000044,16.988200060000032,18.704650039999983,18.19396209716797,18.02,-0.1429028773933118,0.0,0.026036902832032638
2012-12-28,18.15,18.25,18.0,18.02,18.02,123200,18.025555444444446,17.548571571428614,16.98720006000003,18.675800034999984,18.2056884765625,18.23,1.0304576945754742,0.18568847656250043,0.0
2012-12-31,18.0,18.280001,17.93,18.23,18.23,277100,18.11111111111111,17.605238190476232,16.99000006000003,18.649800034999984,18.2420597076416,18.9,0.06615308634997881,0.012059707641601136,0.0
2013-01-02,18.5,19.01,18.129999,18.9,18.9,357000,18.204444555555554,17.69047623809528,17.00560004000003,18.624700034999986,18.37358283996582,18.610001,-2.7852759790168164,0.0,0.5264171600341783
2013-01-03,18.879999,19.0,18.440001,18.610001,18.610001,174700,18.268889,17.769047761904805,17.018800040000027,18.597700039999985,18.50659942626953,18.59,-0.5556236871264499,0.0,0.10340157373046921
2013-01-04,18.709999,18.709999,18.35,18.59,18.59,170700,18.33888911111111,17.8442858571429,17.04080004000003,18.569750039999985,18.582843780517578,18.469999,-0.0384949945262062,0.0,0.007156219482421733
2013-01-07,18.450001,18.57,18.4,18.469999,18.469999,99700,18.36,17.91238100000004,17.063400020000028,18.543400034999987,18.631113052368164,18.52,0.8723013594541217,0.16111405236816267,0.0
2013-01-08,18.4,18.57,18.35,18.52,18.52,143700,18.413333222222224,17.9666667619048,17.101000040000027,18.517100029999984,18.685359954833984,18.52,0.8928723263174126,0.0,0.0
2013-01-09,18.559999,18.73,18.440001,18.52,18.52,118900,18.453333222222227,18.033333380952417,17.13860006000003,18.493050029999985,18.67758560180664,18.639999,0.850894178221604,0.15758560180664105,0.0
2013-01-10,18.709999,18.74,18.440001,18.639999,18.639999,124000,18.499999888888894,18.100476190476225,17.17860006000003,18.467950024999986,18.668109893798828,18.790001,0.15080952417877588,0.028110893798828585,0.0
2013-01-11,18.68,18.799999,18.57,18.790001,18.790001,244000,18.58555555555556,18.15476195238099,17.21820010000003,18.439550034999986,18.70817756652832,18.82,-0.4354626350029458,-0.08182343347167986,0.0
2013-01-14,18.68,18.82,18.549999,18.82,18.82,88400,18.651111111111113,18.228095238095275,17.26460010000003,18.41430002999999,18.75057601928711,18.92,-0.3688840632991015,-0.06942398071289091,0.0
2013-01-15,18.66,19.0,18.559999,18.92,18.92,139900,18.653333333333336,18.305714238095273,17.312400080000028,18.393250034999987,18.814668655395508,18.9,-0.5567195803620184,0.0,0.10533134460449389
2013-01-16,18.85,19.08,18.75,18.9,18.9,104600,18.685555444444446,18.387619000000036,17.36140006000003,18.37080003999999,18.880489349365234,19.49,-0.10323095573949316,-0.019510650634764204,0.0
2013-01-17,19.0,19.620001,18.85,19.49,19.49,224300,18.785555444444448,18.48428571428575,17.41660006000003,18.350000039999987,19.019878387451172,19.67,-2.4121170474542155,-0.47012161254882656,0.0
2013-01-18,19.49,19.690001,19.450001,19.67,19.67,238000,18.91888888888889,18.560952428571465,17.476400060000028,18.327800034999985,19.217044830322266,17.799999,-2.302771579449599,0.0,0.4529551696777361
2013-01-22,18.26,18.74,17.68,17.799999,17.799999,1044900,18.838888777777775,18.54999995238099,17.51200004000003,18.299200029999987,19.09615707397461,17.18,7.281787341530804,0.0,-1.2961580739746097
2013-01-23,17.860001,17.99,16.950001,17.18,17.18,528200,18.689999888888888,18.51285714285718,17.534600060000027,18.271800029999987,18.778152465820312,17.49,9.30240084877947,1.5981524658203128,0.0
2013-01-24,17.25,17.540001,17.219998999999998,17.49,17.49,405900,18.56222222222222,18.475238047619087,17.56220004000003,18.245350024999983,18.43444061279297,17.6,5.39988915261847,0.9444406127929703,0.0
2013-01-25,17.530001000000002,17.719998999999994,17.379998999999998,17.6,17.6,236100,18.42999988888889,18.45428561904766,17.590400020000025,18.221200024999984,18.08967399597168,17.629998999999994,2.7822386134754447,0.48967399597167827,0.0
2013-01-28,17.58,17.82,17.51,17.629998999999994,17.629998999999994,273100,18.297777555555555,18.429047476190515,17.619800000000026,18.199950024999982,17.727386474609375,17.51,0.5523963705805123,0.0,-0.09738747460938058
2013-01-29,17.57,17.58,17.34,17.51,17.51,272300,18.14111088888889,18.395238000000035,17.650600000000026,18.176600024999985,17.632169723510742,17.08,0.6977140120544867,0.0,-0.12216972351074062
2013-01-30,17.440001000000002,17.52,17.030001000000002,17.08,17.08,228300,17.938888666666664,18.350476095238133,17.67100002000003,18.149500024999984,17.58048439025879,17.02,2.9302364769250047,0.0,-0.5004843902587908
2013-01-31,17.01,17.08,16.940001000000002,17.02,17.02,304600,17.66444422222222,18.292857047619083,17.694400020000028,18.126000029999986,17.4974308013916,17.110001,2.8051163419013045,0.477430801391602,0.0
2013-02-01,17.09,17.309998999999998,17.030001000000002,17.110001,17.110001,291600,17.379999888888886,18.207619000000037,17.71900004000003,18.103500029999985,17.414566040039062,17.07,1.7800410417221018,0.0,-0.30456504003906204
2013-02-04,17.040001,17.25,17.040001,17.07,17.07,267300,17.298888888888882,18.134285619047652,17.742600040000028,18.079200029999985,17.315113067626953,17.08,1.4359289257583647,0.24511306762695284,0.0
2013-02-05,17.209999,17.219998999999998,16.99,17.08,17.08,228900,17.28777777777777,18.06238085714289,17.76400004000003,18.055750029999984,17.246999740600586,17.08,0.9777502377083587,0.0,0.0
2013-02-06,16.969998999999998,17.110001,16.860001,17.08,17.08,366100,17.24222222222221,17.996190428571463,17.78540004000003,18.034300024999986,17.201446533203125,17.08,0.7110452763649106,0.0,0.0
2013-02-07,17.110001,17.290001,16.950001,17.08,17.08,287700,17.18444444444443,17.927619000000035,17.80120002000003,18.01350002499999,17.219526290893555,17.280001000000002,0.8168986586273794,0.1395262908935564,0.0
2013-02-08,17.049999,17.43,17.049999,17.280001000000002,17.280001000000002,227400,17.145555777777766,17.868571428571467,17.80980004000003,17.99595002499999,17.235292434692383,17.27,-0.2587301083351751,0.0,0.04470856530761935
2013-02-11,17.290001,17.469998999999998,17.26,17.27,17.27,248300,17.118889111111102,17.80333338095242,17.817400060000033,17.976350019999987,17.28472328186035,17.559998999999998,0.08525351395687314,0.014723281860351989,0.0
2013-02-12,17.33,17.620001000000006,17.280001000000002,17.559998999999998,17.559998999999998,193100,17.172222333333323,17.744761857142894,17.82780002000003,17.96005001499999,17.351320266723633,17.91,-1.1883755419141249,-0.20867873327636488,0.0
2013-02-13,17.6,17.959999,17.459999,17.91,17.91,305100,17.27111122222221,17.70142852380956,17.84380000000003,17.945950014999987,17.512910842895508,17.690001000000006,-2.2171365555806384,0.0,0.39708915710449233
2013-02-14,17.83,17.92,17.690001000000006,17.690001000000006,17.690001000000006,166900,17.33555566666665,17.64285714285718,17.85840004000003,17.930450014999987,17.64531707763672,17.74,-0.2525942331110501,-0.04468392236328711,0.0
2013-02-15,17.799999,17.91,17.52,17.74,17.74,300300,17.4100001111111,17.587619047619086,17.873000040000033,17.91710001499999,17.7496280670166,17.9,0.054273207534403185,0.009628067016603126,0.0
2013-02-19,17.77,17.91,17.57,17.9,17.9,256000,17.501111222222207,17.5119047619048,17.89020002000003,17.90205001499999,17.836973190307617,17.610001,-0.35210508208034297,0.0,0.06302680969238139
2013-02-20,17.870001000000006,18.030001,17.459999,17.610001,17.610001,295500,17.56000022222221,17.413809571428608,17.894800060000033,17.884000024999988,17.885826110839844,17.620001000000006,1.5662980986761061,0.2758251108398433,0.0
2013-02-21,17.59,17.91,17.450001,17.620001000000006,17.620001000000006,507500,17.620000333333323,17.405238238095276,17.90480006000003,17.86840002999999,17.878267288208008,17.85,1.4657563765632144,0.25826628820800224,0.0
2013-02-22,17.709999,17.85,17.690001000000006,17.85,17.85,361600,17.683333555555546,17.437143000000038,17.91720006000003,17.85640002999999,17.87688446044922,17.299999,0.15061322380513908,0.0,-0.02688446044921733
2013-02-25,17.889999,17.889999,17.280001000000002,17.299999,17.299999,301500,17.68666677777777,17.42809533333337,17.91020004000003,17.84175002499999,17.83487319946289,17.26,3.091758557112581,0.0,-0.5348741994628909
2013-02-26,17.34,17.5,16.93,17.26,17.26,384300,17.653333555555545,17.411904857142893,17.90980002000003,17.827850019999993,17.714279174804688,17.27,2.6319766790538,0.45427917480468594,0.0
2013-02-27,17.219998999999998,17.360001,17.209999,17.27,17.27,116000,17.582222444444437,17.394762047619082,17.909400000000034,17.815350019999993,17.597362518310547,17.33,1.895555983268948,0.3273625183105473,0.0
2013-02-28,17.25,17.530001000000002,17.209999,17.33,17.33,345900,17.542222333333328,17.386190619047653,17.912400000000034,17.801300024999993,17.54894256591797,17.42,1.263373144362207,0.21894256591797046,0.0
2013-03-01,17.17,17.450001,17.120001000000002,17.42,17.42,223800,17.50666677777777,17.402381095238134,17.911600020000034,17.789050019999994,17.460023880004883,17.16,0.229758208983244,0.0,-0.04002388000488111
2013-03-04,17.33,17.43,17.08,17.16,17.16,302300,17.42444455555555,17.4090477619048,17.893600040000035,17.77705002499999,17.403247833251953,17.370001000000002,1.4175281658039218,0.24324783325195298,0.0
2013-03-05,17.200001,17.469998999999998,17.200001,17.370001000000002,17.370001000000002,538000,17.397777888888882,17.421428714285753,17.880400040000033,17.76785003499999,17.436906814575195,17.440001000000002,0.3851802574749033,0.06690581457519329,0.0
2013-03-06,17.440001000000002,17.459999,17.290001,17.440001000000002,17.440001000000002,216300,17.37777788888888,17.43904780952385,17.870000080000032,17.75910003499999,17.45186424255371,17.450001,0.06802317588002792,0.01186324255370863,0.0
2013-03-07,17.4,17.629998999999994,17.4,17.450001,17.450001,198300,17.333333555555544,17.456666904761942,17.853400080000036,17.75255003999999,17.478164672851562,17.629998999999994,0.16139639677706713,0.028163672851562183,0.0
2013-03-08,17.59,17.74,17.48,17.629998999999994,17.629998999999994,282200,17.370000222222213,17.482857333333374,17.845200040000037,17.747050034999987,17.543542861938477,17.540001,-0.4903921892537707,0.0,0.08645613806151786
2013-03-11,17.549999,17.610001,17.440001000000002,17.540001,17.540001,137000,17.401111444444435,17.504762142857185,17.832800060000036,17.73955003499999,17.587120056152344,17.450001,0.26863770505112045,0.0,-0.047119056152343575
2013-03-12,17.49,17.57,17.4,17.450001,17.450001,145300,17.421111555555548,17.51285738095242,17.817400100000036,17.73290003499999,17.618743896484375,17.42,0.9670079473598578,0.0,-0.16874289648437468
2013-03-13,17.440001000000002,17.540001,17.4,17.42,17.42,121600,17.431111555555546,17.520000238095278,17.805400100000035,17.723750034999988,17.619503021240234,17.459999,1.1452527051678107,0.19950302124023267,0.0
2013-03-14,17.43,17.51,17.4,17.459999,17.459999,126100,17.435555888888885,17.51523833333337,17.790000080000038,17.71485002999999,17.611228942871094,17.65,0.8661509251580938,0.15122994287109393,0.0
2013-03-15,17.469998999999998,17.700001,17.370001000000002,17.65,17.65,962500,17.490000333333327,17.502857380952417,17.765000080000036,17.707300029999992,17.66036605834961,17.49,0.05873120877966457,0.0,-0.010366058349610796
2013-03-18,17.42,17.690001000000006,17.42,17.49,17.49,367500,17.503333555555553,17.49333352380956,17.742600060000036,17.69680002999999,17.6479434967041,17.360001,0.9030502956209443,0.0,-0.15794349670410313
2013-03-19,17.49,17.620001000000006,17.34,17.360001,17.360001,349800,17.494444666666666,17.475238333333373,17.718000080000035,17.687400034999992,17.629928588867188,17.360001,1.554882334783201,0.0,0.0
2013-03-20,17.41,17.48,17.059998999999998,17.360001,17.360001,265700,17.48444466666667,17.449524095238136,17.695800120000037,17.67970003999999,17.579240798950195,16.870001000000002,1.2629019949376434,0.0,-0.21923979895019485
2013-03-21,17.209999,17.4,16.790001,16.870001000000002,16.870001000000002,648900,17.400000444444444,17.41428600000004,17.662800140000037,17.672600039999992,17.490327835083008,16.690001000000002,3.6771001678245643,0.0,-0.6203268350830058
2013-03-22,16.92,16.98,16.67,16.690001000000002,16.690001000000002,309400,17.305556000000003,17.370000285714326,17.62620016000004,17.66350004499999,17.339553833007812,16.58,3.891868149125995,0.0,-0.6495528330078102
2013-03-25,16.709999,16.74,16.32,16.58,16.58,260100,17.208889222222226,17.30952409523813,17.585000180000037,17.652000049999987,17.137990951538086,17.01,3.3654460285771273,0.5579909515380876,0.0
2013-03-26,16.700001,17.07,16.559998999999998,17.01,17.01,411000,17.16333366666667,17.295714619047654,17.54940016000004,17.64000004999999,17.031997680664062,17.07,0.12932204975932354,0.021997680664060937,0.0
2013-03-27,16.879998999999998,17.18,16.790001,17.07,17.07,192400,17.120000444444443,17.286667000000037,17.51440016000004,17.62960004999999,16.96613311767578,17.040001,-0.6084761706163974,0.0,0.10386688232421903
2013-03-28,17.1,17.139999,16.77,17.040001,17.040001,222100,17.052222777777775,17.275714666666705,17.47680018000004,17.61930005499999,16.97412872314453,16.74,-0.3865743720054296,0.0,0.06587227685546893
2013-04-01,16.98,16.98,16.639999,16.74,16.74,225900,16.968889444444443,17.24761942857147,17.433600180000038,17.611100059999988,16.9726619720459,16.809998999999998,1.389856463834528,0.2326619720459,0.0
2013-04-02,16.85,16.92,16.709999,16.809998999999998,16.809998999999998,204500,16.90777811111111,17.2185717619048,17.380000160000037,17.602200054999987,17.005889892578125,16.82,1.1653236420664115,0.1958908925781273,0.0
2013-04-03,16.780001000000002,16.91,16.700001,16.82,16.82,521200,16.847777999999995,17.202381285714324,17.32300016000004,17.594950054999988,17.018709182739258,17.02,1.1813863420883326,0.19870918273925753,0.0
2013-04-04,16.790001,17.09,16.75,17.02,17.02,274900,16.86444455555555,17.18571457142861,17.30740018000004,17.587050054999988,17.00503921508789,16.889999,-0.08790120394893625,0.0,0.014960784912108949
2013-04-05,16.700001,16.92,16.700001,16.889999,16.889999,203500,16.88666655555555,17.159524000000037,17.301600160000042,17.590250049999987,16.958234786987305,16.99,0.40400113100838636,0.06823578698730515,0.0
2013-04-08,16.940001000000002,16.99,16.74,16.99,16.99,258700,16.93222211111111,17.137619190476226,17.29160016000004,17.594550054999985,16.974727630615234,16.9,-0.08989034364193092,0.0,0.015272369384764062
2013-04-09,16.98,17.07,16.879998999999998,16.9,16.9,208800,16.91999988888889,17.102857333333368,17.27760016000004,17.595650054999986,16.99490737915039,17.540001,0.5615821251502489,0.09490737915039205,0.0
2013-04-10,16.889999,17.58,16.83,17.540001,17.540001,248800,16.97222222222222,17.102857333333368,17.275800200000038,17.598300059999985,17.094852447509766,17.4,-2.537904943621352,0.0,0.44514855249023455
2013-04-11,17.57,17.620001000000006,17.34,17.4,17.4,113300,17.012222111111114,17.10047633333337,17.27360020000004,17.601800054999984,17.21528434753418,17.51,-1.0615842095736718,-0.1847156524658189,0.0
2013-04-12,17.290001,17.52,17.110001,17.51,17.51,128500,17.097777666666666,17.104762047619083,17.282200200000037,17.605800059999986,17.317113876342773,17.0,-1.1015769483565283,0.0,0.19288612365722813
2013-04-15,17.459999,17.459999,16.969998999999998,17.0,17.0,251100,17.11888888888889,17.08285733333337,17.28180020000004,17.608750059999988,17.372356414794922,17.209999,2.1903318517348347,0.3723564147949219,0.0
2013-04-16,17.16,17.25,16.969998999999998,17.209999,17.209999,159900,17.162222111111113,17.06190490476194,17.28380016000004,17.61235005499999,17.39497184753418,16.959999,1.0747987116918478,0.0,-0.18497284753417986
2013-04-17,17.040001,17.08,16.9,16.959999,16.959999,271800,17.155555333333336,17.036666761904797,17.281600140000037,17.614000054999988,17.347023010253906,16.84,2.2819813270856115,0.0,-0.3870240102539064
2013-04-18,17.0,17.15,16.809998999999998,16.84,16.84,231500,17.149999888888892,17.01190480952384,17.276800140000038,17.616650059999987,17.241256713867188,17.040001,2.3827595835343685,0.40125671386718764,0.0
2013-04-19,16.860001,17.129998999999998,16.610001,17.040001,17.040001,294800,17.155555555555555,16.996666714285748,17.276000160000038,17.61850006499999,17.155170440673828,16.879998999999998,0.6758769595954128,0.0,-0.11516944067382795
2013-04-22,17.09,17.120001000000002,16.57,16.879998999999998,16.879998999999998,163100,17.153333222222223,16.997142809523844,17.272000140000035,17.619850054999986,17.093585968017578,14.850000000000001,1.2653257148746286,0.0,-0.21358696801758015
2013-04-23,15.85,15.85,14.38,14.85,14.85,1900300,16.854444222222224,16.909523714285747,17.223400120000036,17.609250059999987,16.751873016357422,14.89,12.807225699376582,1.9018730163574222,0.0
2013-04-24,14.85,14.93,14.5,14.89,14.89,535200,16.57555533333333,16.829047523809557,17.175800120000037,17.598700059999988,16.246044158935547,15.51,9.107079643623548,1.3560441589355463,0.0
2013-04-25,14.86,15.63,14.81,15.51,15.51,676200,16.35333311111111,16.757618952380987,17.13480014000004,17.59415005999999,15.895403861999512,15.47,2.484873384909813,0.0,-0.38540386199951193
2013-04-26,15.51,15.6,15.15,15.47,15.47,568000,16.18333311111111,16.68142847619051,17.08600014000004,17.590450064999985,15.613174438476562,15.51,0.9254973398614212,0.14317443847656186,0.0
2013-04-29,15.57,15.65,15.31,15.51,15.51,271600,15.994444333333329,16.60857128571432,17.04240012000004,17.58760006499999,15.32564926147461,15.47,-1.188592769344877,0.0,0.1843507385253904
2013-04-30,15.46,15.56,15.32,15.47,15.47,498600,15.828888888888883,16.548095095238132,16.99700012000004,17.583850069999986,15.417932510375977,14.81,-0.3365707150874213,0.0,0.05206748962402408
2013-05-01,15.38,15.46,14.79,14.81,14.81,388000,15.603333333333328,16.452857047619084,16.935200120000037,17.577100069999986,15.44790267944336,15.06,4.307242940198237,0.6379026794433589,0.0
2013-05-02,14.92,15.15,14.8,15.06,15.06,177500,15.383333222222218,16.36904752380956,16.884200100000037,17.57065006999999,15.376461029052734,15.239999999999998,2.1013348542678214,0.3164610290527339,0.0
2013-05-03,15.27,15.5,15.17,15.24,15.24,240700,15.201111111111109,16.284285619047655,16.836600080000036,17.566300064999986,15.361099243164062,15.32,0.7946144564571015,0.12109924316406229,0.0
2013-05-06,15.27,15.35,15.19,15.32,15.32,149800,15.25333333333333,16.209523761904798,16.786000080000036,17.562050064999987,15.316030502319336,15.589999999999998,-0.02591055927326597,-0.003969497680664347,0.0
2013-05-07,15.32,15.59,15.2,15.59,15.59,164900,15.331111111111106,16.14285709523813,16.75180010000004,17.55755006499999,15.328706741333008,15.74,-1.676031165278974,-0.26129325866699205,0.0
2013-05-08,15.54,15.78,15.49,15.74,15.74,167500,15.356666666666664,16.087619000000036,16.72140010000004,17.553600059999987,15.450516700744629,15.8,-1.8391569203009612,-0.2894832992553713,0.0
2013-05-09,15.7,15.87,15.52,15.8,15.8,207500,15.393333333333333,16.004761809523846,16.69200010000004,17.551950064999986,15.598312377929688,16.040001,-1.276503937153881,-0.2016876220703132,0.0
2013-05-10,15.87,16.059998999999998,15.87,16.040001,16.040001,154200,15.452222333333332,15.93999995238099,16.66620012000004,17.552850069999987,15.739333152770996,15.8,-1.8744877087539091,0.0,0.3006678472290041
2013-05-13,16.07,16.120001000000002,15.77,15.8,15.8,165600,15.488889,15.858571380952421,16.633800120000036,17.552150069999986,15.864690780639648,16.030001000000002,0.4094353205040995,0.06469078063964773,0.0
2013-05-14,15.79,16.09,15.76,16.030001000000002,16.030001000000002,126400,15.624444666666667,15.812380952380993,16.611200140000037,17.550750079999986,15.951688766479492,16.139999,-0.4885354250477587,-0.07831223352050998,0.0
2013-05-15,15.94,16.219998999999998,15.89,16.139999,16.139999,151900,15.744444555555553,15.761428571428613,16.586600100000037,17.548150074999988,16.03216552734375,16.129998999999998,-0.6681132548784516,0.0,0.10783347265624954
2013-05-16,16.049999,16.35,15.95,16.129998999999998,16.129998999999998,103100,15.84333333333333,15.721904761904804,16.560400060000035,17.54235006499999,16.11006736755371,16.42,-0.12356871470535764,-0.01993163244628704,0.0
2013-05-17,16.139999,16.450001,16.139999,16.42,16.42,167500,15.965555555555556,15.701904761904805,16.539800040000035,17.53895006499999,16.185983657836914,16.610001,-1.4251908779725189,-0.23401634216308764,0.0
2013-05-20,16.4,16.629998999999998,16.27,16.610001,16.610001,247100,16.078889,15.681428571428615,16.519400080000036,17.53480006499999,16.310253143310547,16.639999,-1.804622749206659,-0.2997478566894536,0.0
2013-05-21,16.58,16.73,16.48,16.639999,16.639999,173700,16.17888888888889,15.670000000000043,16.501400040000036,17.53215005999999,16.448530197143555,16.549999,-1.1506539324698568,0.0,0.19146880285644485
2013-05-22,16.709999,16.799999,16.41,16.549999,16.549999,261400,16.262222111111107,15.750952333333377,16.48340000000003,17.53275005499999,16.562801361083984,16.5,0.07735566077064229,0.0,-0.012802361083984692
2013-05-23,16.370001000000002,16.6,16.26,16.5,16.5,215400,16.313333111111106,15.827619000000043,16.465000000000035,17.52770005499999,16.608293533325195,16.52,0.656324444395123,0.10829353332519531,0.0
2013-05-24,16.459999,16.66,16.27,16.52,16.52,172900,16.393333111111108,15.87571423809528,16.446200020000035,17.522200049999988,16.632822036743164,16.809998999999998,0.6829421110361047,0.11282203674316449,0.0
2013-05-28,16.780001000000002,16.959999,16.530001000000002,16.809998999999998,16.809998999999998,195500,16.47999955555555,15.939523714285755,16.429400000000033,17.515050044999988,16.699417114257812,16.629998999999998,-0.6578339816806962,0.0,0.1105818857421852
2013-05-29,16.66,16.84,16.629998999999998,16.629998999999998,16.629998999999998,94000,16.534443999999997,15.992857000000042,16.412199980000032,17.50635003499999,16.711652755737305,16.799999,0.49100276997795805,0.08165375573730671,0.0
2013-05-30,16.73,16.9,16.719998999999998,16.799999,16.799999,105400,16.608888444444442,16.056190285714326,16.40099994000003,17.49895002499999,16.75111961364746,16.6,-0.29094874560729883,0.0,0.048879386352538745
2013-05-31,16.66,16.77,16.58,16.6,16.6,137600,16.628888444444442,16.141428380952423,16.385799920000032,17.490250024999987,16.788667678833008,16.85,1.1365522821265444,0.1886676788330064,0.0
2013-06-03,16.6,16.950001,16.469998999999998,16.85,16.85,338200,16.655554999999996,16.22666647619052,16.38539990000003,17.483500019999987,16.845413208007812,16.780001000000002,-0.027221317461061843,0.0,0.004586791992188921
2013-06-04,16.84,16.940001000000002,16.629998999999998,16.780001000000002,16.780001000000002,292800,16.671110777777773,16.2999998571429,16.38719990000003,17.477400024999987,16.862194061279297,16.75,0.48982751120989027,0.0,-0.08219306127929471
2013-06-05,16.719998999999998,16.809998999999998,16.67,16.75,16.75,164300,16.693333111111105,16.36809509523814,16.39059990000003,17.468850029999984,16.862529754638672,16.799999,0.671819430678638,0.11252975463867188,0.0
2013-06-06,16.709999,16.809998999999998,16.549999,16.799999,16.799999,244000,16.72666633333333,16.425714095238142,16.386399880000027,17.460400024999984,16.846139907836914,16.860001,0.2746482772821259,0.04614090783691438,0.0
2013-06-07,16.9,16.9,16.74,16.860001,16.860001,74200,16.76444422222222,16.479047476190523,16.38219990000003,17.450050029999986,16.872907638549805,16.99,0.07655182552957279,0.012906638549804228,0.0
2013-06-10,16.870001000000002,17.0,16.790001,16.99,16.99,106800,16.78444433333333,16.535714142857188,16.38119988000003,17.440250024999983,16.91358757019043,16.790001,-0.44974943972671433,0.0,0.07641242980956875
2013-06-11,16.76,16.93,16.5,16.790001,16.790001,182400,16.80222233333333,16.571428428571476,16.38219990000003,17.429550029999984,16.90632438659668,16.75,0.6928134584189692,0.0,-0.11632338659667951
2013-06-12,16.879998999999998,16.940001000000002,16.67,16.75,16.75,236500,16.796666888888883,16.61666652380957,16.38099992000003,17.418900034999982,16.923646926879883,17.0,1.0366980709246736,0.1736469268798828,0.0
2013-06-13,16.700001,17.0,16.65,17.0,17.0,158300,16.84111133333333,16.662856952381,16.384599920000028,17.41010003499998,16.94911766052246,16.75,-0.29930787927964153,0.0,0.05088233947753906
2013-06-14,16.98,16.98,16.700001,16.75,16.75,122100,16.830000222222218,16.691904619047666,16.37919992000003,17.400600034999982,16.945371627807617,16.52,1.1663977779559236,0.0,-0.1953716278076172
2013-06-17,16.84,16.889999,16.41,16.52,16.52,295600,16.801111222222218,16.71047609523814,16.371799940000027,17.389900034999982,16.8964900970459,16.629998999999998,2.2789957448298965,0.37649009704589886,0.0
2013-06-18,16.49,16.780001000000002,16.41,16.629998999999998,16.629998999999998,157700,16.787777777777777,16.72047604761909,16.36459992000003,17.379850034999983,16.851478576660156,16.440001000000002,1.3318075164054928,0.0,-0.22147957666015827
2013-06-19,16.620001000000002,16.700001,16.43,16.440001000000002,16.440001000000002,133900,16.747777999999997,16.712380809523854,16.35539994000003,17.36905003999998,16.795129776000977,16.26,2.1601505742060123,0.0,-0.35512877600097426
2013-06-20,16.209999,16.370001000000002,16.129998999999998,16.26,16.26,163800,16.681111222222214,16.694285619047662,16.32979992000003,17.358100034999982,16.6662654876709,16.360001,2.4985577347533634,0.4062654876708969,0.0
2013-06-21,16.32,16.51,16.26,16.360001,16.360001,395000,16.611111333333326,16.685238095238137,16.30899994000003,17.346900039999984,16.586795806884766,16.040001,1.386276240965787,0.0,-0.22679480688476517
2013-06-24,16.299999,16.5,16.0,16.040001,16.040001,172500,16.527777999999994,16.663333380952423,16.27959996000003,17.332400039999982,16.494815826416016,16.01,2.8355037285597144,0.0,-0.45481482641601545
2013-06-25,16.17,16.33,15.97,16.01,16.01,176400,16.44555577777777,16.63904766666671,16.25979996000003,17.31825003999998,16.397279739379883,15.98,2.4189865045589083,0.0,-0.38727973937988125
2013-06-26,16.15,16.27,15.9,15.98,15.98,191300,16.332222444444437,16.59952390476195,16.23519998000003,17.301300034999983,16.30148696899414,16.41,2.0118083166091374,0.3214869689941402,0.0
2013-06-27,16.049999,16.530001000000002,16.040001,16.41,16.41,124500,16.294444666666656,16.58904776190481,16.224200000000028,17.286000039999983,16.302457809448242,16.26,-0.6553454634476414,0.0,0.10754219055175795
2013-06-28,16.33,16.459999,16.219998999999998,16.26,16.26,1693700,16.265555777777767,16.56333352380957,16.212600000000027,17.270400044999985,16.404159545898438,16.799999,0.8865900731761127,0.14415954589843594,0.0
2013-07-01,16.309998999999998,16.870001000000002,16.209999,16.799999,16.799999,184400,16.284444666666655,16.57285728571433,16.207799960000028,17.25840003499998,16.443376541137695,16.6,-2.122752857677577,0.0,0.35662245886230437
2013-07-02,16.83,16.91,16.469998999999998,16.6,16.6,135300,16.30222233333332,16.56095252380957,16.202199980000028,17.24595003499998,16.53123664855957,16.51,-0.41423705687006684,0.0,0.06876335144043111
2013-07-03,16.57,16.700001,16.459999,16.51,16.51,76700,16.330000111111097,16.548095333333375,16.235399980000025,17.23345003499998,16.58767318725586,16.85,0.47046146127109517,0.07767318725585781,0.0
2013-07-05,16.75,16.889999,16.52,16.85,16.85,130400,16.38444444444443,16.55285723809528,16.274599980000026,17.21955003999998,16.651941299438477,16.959999,-1.1754225552612751,-0.19805870056152486,0.0
2013-07-08,16.92,17.08,16.85,16.959999,16.959999,187200,16.48666644444443,16.560476285714326,16.303599960000028,17.20725003499998,16.829858779907227,17.02,-0.7673362486210834,-0.13014022009277326,0.0
2013-07-09,17.0,17.129998999999998,16.9,17.02,17.02,166600,16.598888666666657,16.568095285714328,16.334599960000027,17.19520003499998,16.926591873168945,17.1,-0.5488139061754069,-0.09340812683105426,0.0
2013-07-10,17.059998999999998,17.15,17.01,17.1,17.1,177700,16.723333111111103,16.573333380952423,16.366399960000027,17.18420003999998,17.008337020874023,17.27,-0.5360408136022103,-0.09166297912597798,0.0
2013-07-11,17.190001000000002,17.35,17.18,17.27,17.27,162100,16.81888866666666,16.596190476190515,16.40239996000003,17.17545003999998,17.142915725708008,17.24,-0.7358672512564666,0.0,0.12708427429199176
2013-07-12,17.200001,17.35,17.190001000000002,17.24,17.24,87100,16.92777755555555,16.619523809523848,16.45099996000003,17.16570003499998,17.231739044189453,17.719998999999994,-0.04791737709133012,-0.008260955810545312,0.0
2013-07-15,17.24,17.76,17.24,17.719998999999994,17.719998999999994,207600,17.02999977777777,16.653809476190514,16.50419994000003,17.15705002499998,17.35129165649414,17.73,-2.0807413335963156,-0.36870734350585366,0.0
2013-07-16,17.700001,17.889999,17.530001000000002,17.73,17.73,125000,17.155555333333325,16.700476142857184,16.55399994000003,17.151100024999977,17.496599197387695,17.68,-1.3164173864202207,0.0,0.2334008026123051
2013-07-17,17.67,17.889999,17.469998999999998,17.68,17.68,96100,17.285555333333328,16.75571423809528,16.60119994000003,17.14580002499998,17.61102867126465,17.690001000000006,-0.39010932542619503,-0.06897132873535128,0.0
2013-07-18,17.690001000000006,17.82,17.58,17.690001000000006,17.690001000000006,81800,17.37888877777777,16.806190523809565,16.64319996000003,17.139200029999976,17.694215774536133,17.610001,0.023825745041659137,0.0,-0.004214774536126953
2013-07-19,17.65,17.73,17.530001000000002,17.610001,17.610001,128900,17.451111222222217,16.86190480952385,16.68059998000003,17.132150034999977,17.759342193603516,17.77,0.8480476156901704,0.14934119360351517,0.0
2013-07-22,17.52,17.780001000000006,17.43,17.77,17.77,186600,17.53444455555555,16.93380957142861,16.71999998000003,17.124850034999977,17.78642463684082,17.799999,0.0924290199258342,0.01642463684082074,0.0
2013-07-23,17.77,17.84,17.67,17.799999,17.799999,99800,17.61222222222222,17.002380904761946,16.75519994000003,17.115850029999976,17.801929473876953,17.799999,0.01084535946857886,0.0,0.0
2013-07-24,17.91,17.91,17.6,17.799999,17.799999,130000,17.671110999999993,17.086190333333374,16.79519992000003,17.108550024999975,17.829978942871094,17.940001000000006,0.16842665480539673,0.029979942871094067,0.0
2013-07-25,17.43,17.940001000000006,17.42,17.940001000000006,17.940001000000006,231400,17.74888888888888,17.178095142857185,16.83339992000003,17.100950034999972,17.8306827545166,17.639999,-0.609354734614587,0.0,0.1093182454834043
2013-07-26,17.790001,17.809998999999994,17.559998999999998,17.639999,17.639999,67200,17.73999999999999,17.257142714285756,16.86339992000003,17.089800024999974,17.834186553955078,17.52,1.1008365360739454,0.0,-0.19418755395507858
2013-07-29,17.559998999999998,17.700001,17.370001000000002,17.52,17.52,104000,17.716666666666658,17.309999857142895,16.891199940000032,17.079550024999975,17.806774139404297,17.559998999999998,1.6368386952300074,0.2867741394042973,0.0
2013-07-30,17.530001000000002,17.74,17.459999,17.559998999999998,17.559998999999998,147100,17.703333222222213,17.371904571428608,16.91399992000003,17.075850024999976,17.767841339111328,17.68,1.1836124769217269,0.20784233911133043,0.0
2013-07-31,17.549999,17.85,17.549999,17.68,17.68,184400,17.702221999999992,17.41380938095242,16.93539990000003,17.073000024999974,17.749099731445312,17.719998999999994,0.39083558509792304,0.06909973144531278,0.0
2013-08-01,17.780001000000006,17.9,17.629998999999994,17.719998999999994,17.719998999999994,201800,17.714443999999993,17.467142666666703,16.95699990000003,17.069950019999975,17.775407791137695,18.42,0.3126907125542222,0.05540879113770103,0.0
2013-08-02,17.719998999999994,18.469999,17.48,18.42,18.42,255000,17.786666222222212,17.558095047619084,16.99439992000003,17.070850019999977,17.858827590942383,18.34,-3.0465385942324583,0.0,0.5611724090576189
2013-08-05,18.389999,18.52,18.200001,18.34,18.34,174700,17.84666633333332,17.629047428571464,17.03119992000003,17.072200019999975,18.032934188842773,18.18,-1.674295589734059,0.0,0.3070658111572264
2013-08-06,18.299999,18.35,18.07,18.18,18.18,118900,17.888888666666656,17.68714271428575,17.06439992000003,17.072650019999973,18.151626586914062,18.51,-0.15606937891054573,-0.028373413085937216,0.0
2013-08-07,18.17,18.540001,18.02,18.51,18.51,227200,17.952221888888875,17.758095095238133,17.098399940000032,17.074600014999977,18.278554916381836,18.76,-1.2503786257059188,-0.23144508361816563,0.0
2013-08-08,18.530001,18.83,18.43,18.76,18.76,231500,18.07666644444443,17.83714271428575,17.14099996000003,17.078650009999976,18.46019744873047,18.93,-1.5980946229719233,-0.2998025512695328,0.0
2013-08-09,18.67,18.950001,18.540001,18.93,18.93,144500,18.233333111111097,17.91619033333337,17.183599980000032,17.085850009999977,18.60980796813965,19.52,-1.6914528888555274,-0.3201920318603513,0.0
2013-08-12,18.91,19.58,18.9,19.52,19.52,354700,18.451110999999987,18.024761761904795,17.24199998000003,17.096750009999976,18.814483642578125,20.059999,-3.6143256015464886,-0.7055163574218746,0.0
2013-08-13,19.59,20.309999,19.530001,20.059999,20.059999,283200,18.71555533333332,18.13619033333337,17.30619996000003,17.113850009999975,19.166696548461914,19.85,-4.453153021284234,0.0,0.8933024515380872
2013-08-14,20.030001,20.049999,19.709999,19.85,19.85,281600,18.952222111111098,18.23714271428575,17.36759994000003,17.129900014999976,19.48472023010254,19.290001,-1.8402003521282735,0.0,0.36527976989746236
2013-08-15,19.65,19.65,19.290001,19.290001,19.290001,132900,19.048888888888875,18.313809428571467,17.41839996000003,17.143150024999976,19.612831115722656,19.370001,1.6735619439452392,0.3228301157226561,0.0
2013-08-16,19.15,19.41,19.049999,19.370001,19.370001,135600,19.163333444444433,18.393809428571466,17.46980000000003,17.155950034999975,19.66227912902832,19.389999,1.5089216000986365,0.29227812902832184,0.0
2013-08-19,19.4,19.68,19.389999,19.389999,19.389999,115700,19.297777777777764,18.478571238095274,17.52039996000003,17.170400029999975,19.69685935974121,19.780001,1.5825702711032188,0.3068603597412114,0.0
2013-08-20,19.43,19.879999,19.43,19.780001,19.780001,180400,19.438888999999985,18.574285571428607,17.576199980000027,17.186650029999974,19.6671085357666,19.85,-0.5707404374418235,-0.11289246423339705,0.0
2013-08-21,19.66,20.0,19.6,19.85,19.85,194600,19.560000111111098,18.671904666666702,17.637399960000028,17.203650024999973,19.670303344726562,19.93,-0.9052728225362162,-0.17969665527343892,0.0
2013-08-22,19.959999,20.07,19.799999,19.93,19.93,171000,19.67111122222221,18.773333285714322,17.70099996000003,17.21965002499997,19.775100708007812,20.0,-0.7772167184756007,-0.15489929199218722,0.0
2013-08-23,19.91,20.09,19.84,20.0,20.0,134000,19.72444455555554,18.871428476190513,17.760999960000028,17.236250024999972,19.909400939941406,19.860001,-0.45299530029296875,0.0,0.09059906005859375
2013-08-26,19.98,20.15,19.790001,19.860001,19.860001,116500,19.70222255555554,18.977142857142894,17.82319998000003,17.255450029999974,19.9931583404541,19.290001,0.670480028949148,0.0,-0.1331573404541011
2013-08-27,19.639999,19.74,19.17,19.290001,19.290001,150200,19.64000044444443,19.061428619047657,17.878600000000027,17.271650039999972,19.933616638183594,19.370001,3.3365246491360656,0.6436156381835936,0.0
2013-08-28,19.24,19.5,19.049999,19.370001,19.370001,112400,19.64888933333332,19.147619190476227,17.933400040000027,17.28795003999997,19.817949295043945,19.469999,2.312587877739123,0.44794829504394684,0.0
2013-08-29,19.370001,19.73,19.32,19.469999,19.469999,240600,19.66000022222221,19.232857238095278,17.994000000000028,17.30435002999997,19.738784790039062,19.280001,1.3805126032058916,0.0,-0.2687857900390611
2013-08-30,19.4,19.57,19.27,19.280001,19.280001,160100,19.64777822222221,19.30714304761909,18.054400020000028,17.319950034999973,19.62934112548828,19.629999,1.8119300174739754,0.34934012548828264,0.0
2013-09-03,19.469999,19.83,19.379999,19.629999,19.629999,182700,19.631111333333322,19.364762047619088,18.11979998000003,17.338250029999973,19.575401306152344,19.799999,-0.2781339614314691,-0.05459769384765778,0.0
2013-09-04,19.610001,19.91,19.459999,19.799999,19.799999,230800,19.625555666666656,19.434285809523853,18.194999940000027,17.35695002999997,19.636083602905273,19.940001,-0.8278555826933438,-0.16391539709472625,0.0
2013-09-05,19.85,19.99,19.74,19.940001,19.940001,114300,19.626666888888877,19.518095380952424,18.273599960000027,17.377400034999972,19.750202178955078,19.870001,-0.9518496064514773,0.0,0.18979882104492063
2013-09-06,19.98,20.040001,19.610001,19.870001,19.870001,112200,19.612222555555544,19.582857333333376,18.35139998000003,17.39735003999997,19.82883644104004,20.27,-0.20716938544673152,-0.04116455895995941,0.0
2013-09-09,19.870001,20.370001,19.870001,20.27,20.27,194600,19.65777799999999,19.654762095238137,18.42859998000003,17.419250039999973,19.97647476196289,20.76,-1.4480771486783865,-0.29352523803710895,0.0
2013-09-10,20.309999,20.780001,20.209999,20.76,20.76,167600,19.82111122222221,19.741904952380995,18.51859998000003,17.443000039999973,20.177249908447266,20.629999,-2.807081365860963,0.0,0.5827500915527359
2013-09-11,20.74,20.799999,20.42,20.629999,20.629999,101800,19.96111099999999,19.79476204761909,18.59519998000003,17.46610003499997,20.371477127075195,19.01,-1.2531356541743226,0.0,0.2585218729248062
2013-09-12,20.58,20.58,18.959999,19.01,19.01,507000,19.909999999999986,19.744762095238137,18.64339998000003,17.479700029999975,20.33354377746582,18.559999,6.962355483776006,0.0,-1.3235437774658187
2013-09-13,19.0,19.0,18.52,18.559999,18.559999,398200,19.829999777777765,19.68333347619052,18.68439996000003,17.488250024999974,20.055322647094727,18.6,8.056701118867114,1.4953236470947253,0.0
2013-09-16,18.719999,18.76,18.5,18.6,18.6,332700,19.715555444444433,19.650476285714326,18.71939996000003,17.496800029999974,19.73320198059082,18.68,6.092483766617305,1.133201980590819,0.0
2013-09-17,18.57,18.700001,18.360001,18.68,18.68,288800,19.591111111111097,19.617619095238137,18.753799980000025,17.505000024999973,19.34649658203125,18.73,3.5679688545570145,0.6664965820312503,0.0
2013-09-18,18.74,18.950001,18.629999,18.73,18.73,429900,19.456666555555543,19.586190571428613,18.787999980000027,17.513100019999975,19.009023666381836,18.75,1.4897152503034463,0.2790236663818355,0.0
2013-09-19,18.74,18.85,18.700001,18.75,18.75,270000,19.332221999999987,19.537142904761946,18.820999980000025,17.522050024999974,18.83835792541504,18.66,0.4712422688802083,0.0,-0.08835792541503906
2013-09-20,18.75,18.76,18.15,18.66,18.66,725500,19.153333111111095,19.48047623809528,18.848799980000027,17.53030002499997,18.82471466064453,18.48,0.8827152231754078,0.0,-0.1647146606445311
2013-09-23,18.65,18.75,18.469999,18.48,18.48,322500,18.89999977777776,19.411428619047662,18.873599980000026,17.53750001999997,18.798410415649414,18.59,1.723000084682974,0.31841041564941364,0.0
2013-09-24,18.530001,18.73,18.290001,18.59,18.59,331000,18.673333222222208,19.344285761904803,18.891000000000027,17.543550024999973,18.77345085144043,18.84,0.9868254515353945,0.18345085144042983,0.0
2013-09-25,18.58,18.99,18.52,18.84,18.84,182800,18.65444433333332,19.295714285714325,18.913200000000028,17.55215001999997,18.76467514038086,18.76,-0.39981347993174354,0.0,0.07532485961914048
2013-09-26,18.85,18.98,18.67,18.76,18.76,128900,18.67666666666665,19.27047614285718,18.934800000000028,17.559800019999972,18.768184661865234,18.450001,0.04362826154175272,0.0,-0.008184661865232812
2013-09-27,18.57,18.690001,18.450001,18.450001,18.450001,250300,18.660000111111096,19.226666619047656,18.950000000000028,17.563800024999974,18.76833724975586,18.799999,1.7253996341564375,0.31833624975585906,0.0
2013-09-30,18.33,18.82,18.27,18.799999,18.799999,262200,18.673333333333314,19.194761857142897,18.973799960000026,17.571400014999973,18.763830184936523,19.16,-0.19238732440079517,-0.036168815063476245,0.0
2013-10-01,18.84,19.18,18.799999,19.16,19.16,190400,18.721111111111092,19.189047523809563,19.001599960000025,17.58075000999997,18.869733810424805,18.959999,-1.5149592357786819,0.0,0.29026618957519545
2013-10-02,19.02,19.190001,18.870001,18.959999,18.959999,210900,18.744444333333316,19.1571427619048,19.024799960000028,17.589650004999974,18.932504653930664,18.370001,-0.14501238143174883,0.0,0.027494346069335762
2013-10-03,18.9,18.959999,18.32,18.370001,18.370001,238100,18.712222222222206,19.08904761904766,19.03620000000003,17.59420001499997,18.88505744934082,18.5,2.8037910794932555,0.5150564493408218,0.0
2013-10-04,18.32,18.59,18.290001,18.5,18.5,358900,18.71444444444443,19.02047614285718,19.047399980000026,17.596400019999972,18.852088928222656,18.16,1.9031833957981419,0.0,-0.35208892822265625
2013-10-07,18.360001,18.49,18.15,18.16,18.16,291300,18.66666666666665,18.939047523809563,19.05780000000003,17.59705001499997,18.78156089782715,17.66,3.4226921686516976,0.0,-0.6215608978271483
2013-10-08,18.200001,18.26,17.610001,17.66,17.66,312300,18.53555555555554,18.81476180952385,19.060600000000026,17.59555001999997,18.556697845458984,18.0,5.077564243822108,0.8966978454589842,0.0
2013-10-09,17.74,18.139999,17.639999,18.0,18.0,325500,18.451111111111096,18.68333323809528,19.069400020000028,17.59415001499997,18.336095809936523,18.379999,1.8671989440917969,0.33609580993652344,0.0
2013-10-10,18.23,18.5,18.139999,18.379999,18.379999,159400,18.443333111111095,18.576190380952422,19.08340000000003,17.59585000499997,18.284061431884766,18.49,-0.5219672107448748,-0.0959375681152359,0.0
2013-10-11,18.299999,18.6,18.120001,18.49,18.49,286700,18.40888877777776,18.55142847619052,19.098800020000027,17.59750000499997,18.295740127563477,18.700001,-1.0506212679097993,-0.19425987243652187,0.0
2013-10-14,18.379999,18.82,18.35,18.700001,18.700001,306600,18.35777777777776,18.55809523809528,19.10440004000003,17.59990001499997,18.370603561401367,18.57,-1.7614835346727153,0.0,0.32939743859863313
2013-10-15,18.700001,18.790001,18.43,18.57,18.57,315200,18.314444555555536,18.556666666666707,19.10900004000003,17.602650014999973,18.513662338256836,18.469999,-0.3033799770768139,0.0,0.05633766174316435
2013-10-16,18.73,18.860001,18.379999,18.469999,18.469999,198300,18.325555444444422,18.54666661904766,19.114800020000033,17.60385000999997,18.64288902282715,18.9,0.9360586474701328,0.17289002282714705,0.0
2013-10-17,18.440001,18.9,18.219999,18.9,18.9,318900,18.36999988888887,18.554761857142896,19.122600020000032,17.60385000999997,18.698829650878906,18.93,-1.0643933815930813,-0.20117034912109233,0.0
2013-10-18,19.059999,19.09,18.780001,18.93,18.93,348500,18.455555444444425,18.563333285714325,19.12600002000003,17.60545000499997,18.825960159301758,18.92,-0.5496029619558473,0.0,0.1040398406982419
2013-10-21,18.91,19.15,18.68,18.92,18.92,302500,18.595555444444425,18.575714238095276,19.12580002000003,17.60710000499997,18.896764755249023,18.9,-0.12280784752102678,0.0,0.023235244750978268
2013-10-22,18.959999,19.040001,18.809999,18.9,18.9,129000,18.695555444444423,18.595714238095276,19.113400020000032,17.609250009999972,18.947772979736328,18.92,0.2527670885520082,0.047772979736329546,0.0
2013-10-23,18.799999,19.0,18.639999,18.92,18.92,143700,18.75555555555554,18.611428523809565,19.09060004000003,17.61125000999997,18.978389739990234,18.9,0.3086138477285024,0.0,-0.05838973999023267
2013-10-24,18.950001,19.0,18.77,18.9,18.9,142100,18.801111111111094,18.614285666666706,19.071600040000032,17.613150009999973,19.026010513305664,18.84,0.6667222926225688,0.0,-0.12601051330566548
2013-10-25,18.969999,18.969999,18.620001,18.84,18.84,229200,18.81666655555554,18.61809519047623,19.062600020000033,17.61415001499997,19.011402130126953,19.0,0.9097777607587753,0.17140213012695327,0.0
2013-10-28,18.790001,19.0,18.559999,19.0,19.0,301800,18.864444333333317,18.644285619047658,19.05520000000003,17.615200009999974,19.007476806640625,18.18,0.03935161389802632,0.0,-0.007476806640625
2013-10-29,19.1,19.15,18.030001,18.18,18.18,349600,18.832222222222207,18.614761857142895,19.031000020000032,17.61200000999997,18.94007110595703,16.870001000000002,4.180809163680042,0.0,-0.7600711059570315
2013-10-30,18.25,18.25,16.870001000000002,16.870001000000002,16.870001000000002,529800,18.60666677777776,18.505714285714323,18.972800020000033,17.601750014999972,18.64923858642578,17.059998999999998,10.546754481080226,1.7792375864257792,0.0
2013-10-31,16.83,17.200001,16.83,17.059998999999998,17.059998999999998,279500,18.398888888888873,18.415238095238134,18.91700000000003,17.59255000999997,18.220243453979492,16.219998999999998,6.800964372738208,0.0,-1.1602444539794945
2013-11-01,17.01,17.09,16.190001000000002,16.219998999999998,16.219998999999998,532400,18.098888777777763,18.312857047619087,18.84279998000003,17.576200004999972,17.7678165435791,16.57,9.542648822475908,1.5478175435791037,0.0
2013-11-04,16.280001000000002,16.620001000000002,16.26,16.57,16.57,438500,17.839999888888872,18.220952285714322,18.774199980000034,17.560700004999973,17.296754837036133,16.43,4.385967634496877,0.0,-0.7267548370361325
2013-11-05,16.52,16.6,16.280001000000002,16.43,16.43,337600,17.56333322222221,18.13857133333337,18.705599960000033,17.553850009999973,16.893268585205078,15.8,2.8196505490266492,0.0,-0.4632685852050784
2013-11-06,16.48,16.49,15.78,15.8,15.8,835200,17.218888777777764,18.04999990476194,18.63579994000003,17.546950009999975,16.65213394165039,15.440000000000001,5.393252795255632,0.0,-0.8521339416503899
2013-11-07,15.86,15.97,15.4,15.44,15.44,671000,16.841110999999987,17.928095142857178,18.55719992000003,17.536700009999976,16.375524520874023,15.39,6.05909663778513,0.0,-0.9355245208740239
2013-11-08,15.43,15.57,15.33,15.39,15.39,471400,16.439999888888874,17.785714238095274,18.47559994000003,17.525650009999975,16.120697021484375,15.39,4.7478688855384945,0.0,0.0
2013-11-11,15.4,15.45,15.25,15.39,15.39,386900,16.12999988888887,17.638095190476225,18.397799920000033,17.514450014999976,15.893195152282715,15.349999999999998,3.2696241213951547,0.0,-0.5031951522827143
2013-11-12,15.37,15.44,15.28,15.35,15.35,292900,15.961110888888872,17.47857133333337,18.31219994000003,17.503650014999973,15.665194511413574,15.25,2.0533844391763814,0.0,-0.3151945114135746
2013-11-13,15.3,15.37,15.18,15.25,15.25,597100,15.75999988888887,17.32047609523813,18.221199960000032,17.494500014999975,15.528240203857422,15.349999999999998,1.824525926933914,0.2782402038574219,0.0
2013-11-14,15.2,15.45,15.13,15.35,15.35,339200,15.663333333333314,17.171904714285752,18.12939994000003,17.486150014999975,15.458332061767578,15.770000000000001,0.7057463307334103,0.10833206176757848,0.0
2013-11-15,15.33,15.97,15.23,15.77,15.77,839000,15.574444444444428,17.022857095238134,18.047399920000032,17.479450009999972,15.529541015625,16.02,-1.5247874722574484,-0.24045898437499957,0.0
2013-11-18,15.78,16.5,15.77,16.02,16.02,616300,15.528888888888872,16.884285666666706,17.96239992000003,17.474200009999972,15.681612968444824,15.790000000000001,-2.112278598971132,0.0,0.33838703155517535
2013-11-19,15.99,16.08,15.56,15.79,15.79,1039600,15.527777777777759,16.735238047619085,17.862999920000032,17.46775000999997,15.799603462219238,15.730000000000002,0.06081990005851257,0.0,-0.009603462219239134
2013-11-20,15.86,15.87,15.69,15.73,15.73,471800,15.559999999999981,16.584285666666705,17.76499994000003,17.461000009999974,15.871508598327637,16.139999,0.8996096524325257,0.1415085983276363,0.0
2013-11-21,15.77,16.219998999999998,15.71,16.139999,16.139999,428900,15.6433332222222,16.451904666666707,17.707599920000032,17.456300004999974,15.970409393310547,16.18,-1.0507411226571495,-0.16958960668945267,0.0
2013-11-22,16.17,16.23,15.9,16.18,16.18,284300,15.731110999999979,16.322380857142896,17.65999994000003,17.450799999999973,16.06378746032715,16.16,-0.7182480820324554,0.0,0.11621253967285128
2013-11-25,16.18,16.290001,15.92,16.16,16.16,314300,15.82111099999998,16.19476180952385,17.61119994000003,17.445249999999973,16.08158302307129,16.200001,-0.48525357010341014,-0.07841697692871108,0.0
2013-11-26,16.139999,16.360001,16.139999,16.200001,16.200001,1002700,15.926666666666645,16.061428523809564,17.561599960000034,17.438450009999972,16.21342658996582,16.26,0.08287400701901187,0.013425589965819995,0.0
2013-11-27,16.23,16.27,16.07,16.26,16.26,522700,16.027777777777757,15.969999952380993,17.512199960000032,17.430200009999975,16.288843154907227,16.35,0.17738717655119923,0.028843154907225,0.0
2013-11-29,16.360001,16.540001,16.26,16.35,16.35,129800,16.092222222222198,15.945238000000042,17.464199960000034,17.423500004999973,16.343765258789062,16.33,-0.038132973767210525,0.0,0.006234741210938921
2013-12-02,16.32,16.43,16.059998999999998,16.33,16.33,476600,16.126666666666644,15.910476142857183,17.417599960000032,17.416450004999973,16.37131690979004,16.24,0.2530123073486881,0.0,-0.04131690979004077
2013-12-03,16.27,16.32,16.139999,16.24,16.24,295200,16.176666666666645,15.911428571428614,17.372799960000034,17.40815000499997,16.367551803588867,15.970000000000002,0.7854175097836747,0.0,-0.12755180358886875
2013-12-04,16.139999,16.42,15.9,15.97,15.97,234500,16.203333333333312,15.882857142857187,17.320399960000035,17.399949999999972,16.34918785095215,16.0,2.374376023494977,0.3791878509521478,0.0
2013-12-05,15.94,16.049999,15.75,16.0,16.0,255300,16.18777788888887,15.862380952380997,17.263599960000032,17.39184999499997,16.290294647216797,16.25,1.8143415451049805,0.2902946472167969,0.0
2013-12-06,16.15,16.34,16.01,16.25,16.25,211100,16.195555666666646,15.883809523809568,17.213399960000032,17.38384999499997,16.25091552734375,16.200001,0.005634014423076923,0.0,-0.00091552734375
2013-12-09,16.23,16.34,16.049999,16.200001,16.200001,214300,16.2000002222222,15.92000004761909,17.168399960000034,17.378350004999973,16.247344970703125,15.970000000000002,0.29224671469541685,0.0,-0.04734397070312468
2013-12-10,16.120001000000002,16.34,15.97,15.97,15.97,416100,16.174444555555535,15.94761909523814,17.111799980000036,17.371900004999972,16.23387908935547,16.299999,1.6523424505664877,0.2638790893554681,0.0
2013-12-11,15.95,16.360001,15.94,16.299999,16.299999,451300,16.17888888888887,15.990952380952427,17.054599960000033,17.36704999999997,16.250198364257812,16.209999,-0.3055253913953442,0.0,0.04980063574218718
2013-12-12,16.24,16.469998999999998,16.190001000000002,16.209999,16.209999,974200,16.163333222222207,16.03190471428576,16.999599960000033,17.361449994999973,16.355819702148438,16.129998999999998,0.8995725548683728,0.0,-0.14582070214843768
2013-12-13,16.25,16.379998999999998,16.1,16.129998999999998,16.129998999999998,305100,16.141110888888875,16.073809428571472,16.954799920000035,17.354999989999968,16.33670425415039,16.610001,1.2814957654392456,0.20670525415039265,0.0
2013-12-16,16.16,16.639999,16.15,16.610001,16.610001,301400,16.1822221111111,16.13380947619052,16.916999940000036,17.35224999499997,16.3593807220459,16.57,-1.5088516728813082,0.0,0.250620277954102
2013-12-17,16.65,16.74,16.42,16.57,16.57,420500,16.248888777777765,16.17190471428576,16.885199940000035,17.34824998999997,16.46009635925293,16.66,-0.6632688035429728,-0.1099036407470706,0.0
2013-12-18,16.549999,16.709999,16.35,16.66,16.66,517700,16.322222111111095,16.202380904761952,16.865199940000036,17.344349984999972,16.543712615966797,16.379998999999998,-0.6980035056014602,0.0,0.11628738403320327
2013-12-19,16.59,16.59,16.280001000000002,16.379998999999998,16.379998999999998,485500,16.33666644444443,16.23047609523814,16.832799920000035,17.338999974999968,16.59463882446289,16.92,1.310377518722026,0.21463982446289265,0.0
2013-12-20,16.299999,17.059998999999998,16.209999,16.92,16.92,674000,16.41666633333332,16.287142761904807,16.803599940000037,17.33544997999997,16.685977935791016,17.17,-1.3831091265306505,-0.23402206420898608,0.0
2013-12-23,16.969998999999998,17.309998999999998,16.690001000000002,17.17,17.17,427900,16.549999666666658,16.336190428571474,16.777199940000035,17.333599974999974,16.812854766845703,17.309998999999998,-2.080053774923113,-0.3571452331542986,0.0
2013-12-24,17.139999,17.450001,17.1,17.309998999999998,17.309998999999998,138500,16.66222188888888,16.38999990476195,16.749399900000032,17.33289996499997,16.93423080444336,17.26,-2.1708158131992867,0.0,0.3757681955566383
2013-12-26,17.34,17.450001,17.200001,17.26,17.26,196900,16.778888666666656,16.4423808571429,16.723199900000033,17.332099964999973,17.077787399291992,17.35,-1.0556929357358595,-0.18221260070800938,0.0
2013-12-27,17.34,17.389999,17.129998999999998,17.35,17.35,281300,16.91444433333332,16.49714271428576,16.70079992000003,17.331549969999973,17.237960815429688,17.440001000000002,-0.64575898887789,-0.11203918457031392,0.0
2013-12-30,17.280001000000002,17.459999,17.190001000000002,17.440001000000002,17.440001000000002,263700,17.006666555555544,16.553333238095284,16.671599940000032,17.33049997499997,17.37917709350586,17.58,-0.3487609117347122,-0.06082390649414293,0.0
2013-12-31,17.42,17.74,17.42,17.58,17.58,295100,17.118888777777766,16.61190466666671,16.644599940000035,17.33094997499997,17.491621017456055,17.370001000000002,-0.5027245878495086,0.0,0.08837898254394361
2014-01-02,17.559998999999998,17.620001000000006,17.290001,17.370001000000002,17.370001000000002,322000,17.197777777777766,16.66142852380957,16.613599960000034,17.330999974999973,17.53083610534668,17.33,0.9259360741929585,0.0,-0.16083510534667766
2014-01-03,17.370001000000002,17.51,17.299999,17.33,17.33,157400,17.303333444444434,16.71333328571433,16.582199960000036,17.33084996999997,17.528060913085938,17.1,1.1428788983608726,0.0,-0.1980609130859392
2014-01-06,17.4,17.450001,17.049999,17.1,17.1,194800,17.323333444444433,16.767142809523854,16.54579996000004,17.331999964999973,17.504695892333984,17.469998999999998,2.3666426452279703,0.40469589233398295,0.0
2014-01-07,17.209999,17.51,17.02,17.469998999999998,17.469998999999998,275000,17.35666666666666,16.837142761904804,16.51719994000004,17.335899954999974,17.496421813964844,16.99,0.1512467972370572,0.0,-0.026422813964845915
2014-01-08,17.4,17.530001000000002,16.92,16.99,16.99,443200,17.321111222222214,16.8723808571429,16.480199940000038,17.33794995499997,17.442733764648438,16.75,2.6647072669125316,0.0,-0.45273376464843906
2014-01-09,17.0,17.200001,16.67,16.75,16.75,304000,17.26444455555555,16.89857128571433,16.43519994000004,17.33664995499997,17.325517654418945,16.700001,3.4359262950384792,0.0,-0.5755176544189453
2014-01-10,16.68,16.790001,16.549999,16.700001,16.700001,250000,17.192222444444436,16.93333323809528,16.40559996000004,17.33479995999997,17.16893196105957,16.74,2.807969658562116,0.46893096105957,0.0
2014-01-13,16.66,16.9,16.639999,16.74,16.74,208000,17.11444455555555,16.95428566666671,16.40299994000004,17.33329995499997,17.058624267578125,16.959999,1.903370774062883,0.31862426757812656,0.0
2014-01-14,16.860001,17.09,16.719998999999998,16.959999,16.959999,123000,17.045555555555552,16.989999952380995,16.40099994000004,17.334399949999973,16.982696533203125,17.440001000000002,0.13382980272065567,0.022697533203125175,0.0
2014-01-15,16.959999,17.450001,16.84,17.440001000000002,17.440001000000002,213300,17.053333333333327,17.052381000000043,16.425399980000044,17.337549959999972,17.006986618041992,17.35,-2.4828804881261766,0.0,0.4330143819580101
2014-01-16,17.4,17.620001000000006,17.26,17.35,17.35,295700,17.05555555555555,17.08761904761909,16.440999980000043,17.34019995999997,17.13332748413086,16.99,-1.2488329444907322,0.0,0.21667251586914205
2014-01-17,17.379998999999998,17.469998999999998,16.959999,16.99,16.99,223500,17.04333333333333,17.10761904761909,16.452199980000042,17.34004995999997,17.22835350036621,16.969998999999998,1.4029046519494557,0.0,-0.2383535003662125
2014-01-21,17.0,17.209999,16.889999,16.969998999999998,16.969998999999998,264800,16.987777777777772,17.122380904761947,16.475599960000046,17.34044995999997,17.268898010253906,16.98,1.7613378188997446,0.2988990102539084,0.0
2014-01-22,17.030001000000002,17.09,16.9,16.98,16.98,194600,16.98666666666666,17.150952380952422,16.506399960000046,17.34039995999997,17.267898559570312,16.709999,1.6955156629582573,0.0,-0.2878985595703121
2014-01-23,16.940001000000002,17.040001,16.65,16.709999,16.709999,225600,16.982222111111106,17.140952333333374,16.532799940000046,17.33944995499997,17.18794822692871,16.370001000000002,2.8602588601514043,0.0,-0.4779492269287111
2014-01-24,16.549999,16.799999,16.059998999999998,16.370001000000002,16.370001000000002,247800,16.945555444444437,17.102857142857182,16.552399960000045,17.33359995499997,16.989425659179688,16.09,3.7839011688495647,0.0,-0.6194246591796855
2014-01-27,16.5,16.5,15.92,16.09,16.09,529800,16.873333222222215,17.04476195238099,16.567199960000046,17.32704995499997,16.810026168823242,15.87,4.474991726682675,0.0,-0.7200261688232423
2014-01-28,15.79,16.52,15.38,15.87,15.87,757900,16.752222222222215,16.978571476190513,16.579599960000046,17.31884995499997,16.598125457763672,15.14,4.588062115713123,0.0,-0.7281254577636727
2014-01-29,15.54,15.8,14.96,15.14,15.14,866300,16.496666555555546,16.873333380952417,16.575399960000045,17.30954995499997,16.27247428894043,14.999999999999998,7.4800151184968895,0.0,-1.1324742889404291
2014-01-30,15.23,15.5,14.96,15.0,15.0,1461100,16.235555444444437,16.757142857142895,16.559999960000045,17.29849995999997,15.979947090148926,15.27,6.532980600992838,0.9799470901489258,0.0
2014-01-31,14.82,15.28,14.82,15.27,15.27,823300,16.044444333333324,16.647142857142892,16.544999960000045,17.290049964999966,15.680045127868652,14.720000000000002,2.6852988072603323,0.0,-0.41004512786865277
2014-02-03,15.27,15.42,14.62,14.72,14.72,552500,15.794444444444435,16.520952333333373,16.52359996000005,17.279449964999966,15.407084465026855,14.9,4.667693376541133,0.6870844650268548,0.0
2014-02-04,14.77,14.99,14.5,14.9,14.9,519400,15.563333333333325,16.405238047619086,16.506999960000044,17.268749959999965,15.167695045471191,15.17,1.7966110434308125,0.26769504547119105,0.0
2014-02-05,14.8,15.23,14.54,15.17,15.17,510700,15.392222333333324,16.31333328571432,16.487599980000045,17.260199964999966,15.076693534851074,15.369999999999997,-0.6150722817991148,-0.09330646514892571,0.0
2014-02-06,15.26,15.44,15.2,15.37,15.37,362700,15.281111111111102,16.213333333333374,16.471399980000047,17.262799964999964,15.137203216552734,15.380000000000003,-1.5146179794877348,-0.23279678344726484,0.0
2014-02-07,15.65,15.68,15.31,15.38,15.38,310900,15.202222222222211,16.136666666666706,16.455799980000048,17.265249964999967,15.241242408752441,15.5,-0.9021950016096187,-0.13875759124755938,0.0
2014-02-10,15.34,15.66,15.3,15.5,15.5,301500,15.1611111111111,16.077142857142896,16.441799960000047,17.265199964999965,15.332164764404297,15.53,-1.0828079715851815,-0.16783523559570312,0.0
2014-02-11,15.5,15.74,15.38,15.53,15.53,344900,15.204444444444436,16.02142852380956,16.427199960000046,17.265499964999968,15.477660179138184,15.569999999999999,-0.3370239591874808,-0.05233982086181577,0.0
2014-02-12,15.53,15.76,15.4,15.57,15.57,255100,15.267777777777768,15.965714238095275,16.411599960000046,17.265799964999967,15.593688011169434,15.84,0.15213880006058644,0.02368801116943331,0.0
2014-02-13,15.42,15.87,15.36,15.84,15.84,300100,15.3311111111111,15.912380952380989,16.401799960000048,17.26764996499997,15.656249046325684,15.81,-1.1600438994590674,0.0,0.18375095367431626
2014-02-14,15.83,15.84,15.68,15.81,15.81,205100,15.452222222222211,15.834761857142894,16.393199960000047,17.272649964999967,15.716021537780762,16.01,-0.5944241759597646,-0.09397846221923878,0.0
2014-02-18,15.81,16.059998999999998,15.6,16.01,16.01,225700,15.575555555555544,15.77095233333337,16.393999960000045,17.27739996499997,15.799981117248535,15.82,-1.311798143357067,0.0,0.2100188827514664
2014-02-19,15.87,16.190001000000002,15.82,15.82,15.82,298600,15.647777777777767,15.715238047619081,16.390399960000046,17.280299964999973,15.884653091430664,16.42,0.40867946542771033,0.06465309143066378,0.0
2014-02-20,15.88,17.1,15.88,16.42,16.42,506300,15.76444444444443,15.689047619047656,16.393799960000045,17.28579996499997,16.06266212463379,16.219998999999998,-2.176235538162074,0.0,0.35733787536621264
2014-02-21,16.51,16.51,16.110001,16.219998999999998,16.219998999999998,276000,15.857777666666655,15.65285709523813,16.394199920000045,17.28894995999997,16.200624465942383,16.620001000000002,-0.11944842942108089,-0.019374534057615023,0.0
2014-02-24,16.24,16.879998999999998,16.24,16.620001000000002,16.620001000000002,320100,15.98222222222221,15.648571476190511,16.407199940000044,17.29334996499997,16.341718673706055,16.440001000000002,-1.674382127257076,0.0,0.27828232629394734
2014-02-25,16.57,16.67,16.33,16.440001000000002,16.440001000000002,372300,16.08333344444443,15.651904809523845,16.409999980000045,17.29654996999997,16.461271286010742,16.35,0.12938129389858236,0.0,-0.02127028601073988
2014-02-26,16.48,16.66,16.24,16.35,16.35,309100,16.170000111111097,15.664285761904798,16.412800000000047,17.29809996499997,16.544267654418945,16.34,1.1881813725929289,0.0,-0.1942676544189439
2014-02-27,16.27,16.459999,16.27,16.34,16.34,241500,16.225555666666654,15.68666671428575,16.417000020000046,17.300799964999968,16.537172317504883,16.389999,1.2066849296504465,0.19717231750488295,0.0
2014-02-28,16.389999,16.59,16.34,16.389999,16.389999,306900,16.289999999999985,15.746190476190511,16.412599980000046,17.30259995499997,16.554841995239258,16.370001000000002,1.005753540553958,0.0,-0.16484299523925827
2014-03-03,16.24,16.43,16.17,16.370001000000002,16.370001000000002,168400,16.330000111111097,15.811428619047655,16.408600000000046,17.30374996499997,16.50483512878418,16.91,0.8236659776879528,0.13483412878417766,0.0
2014-03-04,16.58,17.02,16.18,16.91,16.91,558900,16.45111122222221,15.889523857142896,16.413600000000045,17.30764996999997,16.57611083984375,16.6,-1.974507156453283,0.0,0.33388916015625014
2014-03-05,16.889999,16.99,16.549999,16.6,16.6,281200,16.47111122222221,15.979047666666705,16.418000020000044,17.30854996999997,16.645618438720703,16.889999,0.274809871811456,0.045618438720701704,0.0
2014-03-06,16.6,17.01,16.6,16.889999,16.889999,528200,16.545555666666655,16.07380952380956,16.417400000000047,17.30994995999997,16.743776321411133,16.83,-0.8657352708479541,0.0,0.14622267858886673
2014-03-07,17.0,17.0,16.780001000000002,16.83,16.83,253600,16.56888888888888,16.15285714285718,16.41060000000005,17.31089996499997,16.829132080078125,16.76,-0.005156981116300028,0.0,0.0008679199218732947
2014-03-10,16.82,16.879998999999998,16.66,16.76,16.76,195500,16.60444433333332,16.219047619047654,16.399600020000047,17.311949969999972,16.893205642700195,16.4,0.7947830710035426,0.0,-0.13320564270019375
2014-03-11,16.77,16.799999,16.24,16.4,16.4,160100,16.60999988888888,16.267619047619082,16.38240002000005,17.31144996999997,16.852550506591797,16.48,2.7594543084865752,0.4525505065917983,0.0
2014-03-12,16.33,16.709999,16.25,16.48,16.48,253700,16.62555544444443,16.314285714285752,16.365000020000046,17.31124996999997,16.781097412109375,16.09,1.827047403576302,0.0,-0.3010974121093746
2014-03-13,16.559998999999998,16.639999,15.99,16.09,16.09,284400,16.59222222222221,16.340952380952416,16.338000000000047,17.307649974999972,16.693126678466797,16.209999,3.7484566716395094,0.603126678466797,0.0
2014-03-14,16.01,16.34,16.01,16.209999,16.209999,177500,16.574444222222212,16.37142852380956,16.31059998000005,17.305549974999973,16.539043426513672,15.5,2.0298855448027604,0.0,-0.32904442651367205
2014-03-17,15.49,15.97,15.45,15.5,15.5,501000,16.417777555555546,16.355238047619086,16.273199960000046,17.29904997999997,16.30828285217285,15.039999999999997,5.2147280785345265,0.0,-0.8082828521728516
2014-03-18,15.44,15.45,14.85,15.04,15.04,811200,16.244444222222214,16.31857138095242,16.227399960000046,17.29124997999997,16.046499252319336,14.75,6.692149284038145,0.0,-1.0064992523193368
2014-03-19,14.98,15.2,14.6,14.75,14.75,894400,16.006666555555547,16.258571380952418,16.180399960000045,17.280749979999975,15.742267608642578,14.99,6.727238024695445,0.9922676086425781,0.0
2014-03-20,14.68,15.12,14.68,14.99,14.99,357800,15.802222111111101,16.21904757142861,16.130799980000045,17.271799974999972,15.436971664428711,15.239999999999998,2.9817989621661822,0.4469716644287107,0.0
2014-03-21,15.07,15.35,14.91,15.24,15.24,451400,15.633333222222214,16.162857095238135,16.095799980000045,17.26424997499997,15.242712020874023,15.14,0.01779541255920751,0.0,-0.0027120208740232243
2014-03-24,15.31,15.37,14.97,15.14,15.14,209100,15.493333222222212,16.11142857142861,16.063599980000046,17.255949979999972,15.153326988220215,15.349999999999998,0.08802502126957909,0.013326988220214275,0.0
2014-03-25,15.25,15.49,15.2,15.35,15.35,215700,15.367777666666658,16.050952333333374,16.036599960000043,17.24839997499997,15.188310623168945,15.090000000000002,-1.0533509891273898,0.0,0.16168937683105433
2014-03-26,15.45,15.6,15.09,15.09,15.09,283400,15.256666555555547,15.98666657142861,16.003599960000045,17.23889997499997,15.286247253417969,15.019999999999998,1.3005119510799794,0.0,-0.1962472534179689
2014-03-27,15.07,15.31,14.96,15.02,15.02,266000,15.124444444444435,15.923333238095276,15.964799980000043,17.23004996999997,15.314173698425293,15.08,1.9585465940432318,0.2941736984252934,0.0
2014-03-28,15.02,15.5,15.02,15.08,15.08,171700,15.07777777777777,15.863333238095276,15.917599960000043,17.22169996999997,15.314022064208984,15.43,1.5518704523142195,0.2340220642089843,0.0
2014-03-31,15.15,15.64,15.15,15.43,15.43,460100,15.121111111111105,15.81761900000004,15.879199960000042,17.21384996999997,15.364816665649414,15.62,-0.42244545917424275,-0.06518333435058565,0.0
2014-04-01,15.44,15.79,15.3,15.62,15.62,310700,15.217777777777773,15.781904666666705,15.851799960000042,17.20819996999997,15.418866157531738,15.58,-1.2876686457635143,0.0,0.20113384246826094
2014-04-02,15.66,15.78,15.5,15.58,15.58,281100,15.283333333333328,15.71857133333337,15.823999980000043,17.20349996999997,15.492005348205566,15.41,-0.5647923735201134,0.0,0.08799465179443366
2014-04-03,15.56,15.56,15.3,15.41,15.41,168700,15.302222222222216,15.661904666666704,15.792599980000041,17.19739997499997,15.545942306518555,14.94,0.8821694128394194,0.0,-0.13594230651855455
2014-04-04,15.51,15.7,14.84,14.94,14.94,215400,15.279999999999992,15.569047571428609,15.757200000000042,17.18989996999997,15.534934997558594,14.91,3.982161964916963,0.0,-0.5949349975585942
2014-04-07,14.86,14.99,14.55,14.91,14.91,323300,15.231111111111103,15.47761900000004,15.72799998000004,17.18314996999997,15.418111801147461,14.88,3.4078591626254915,0.0,-0.5081118011474608
2014-04-08,14.93,15.24,14.83,14.88,14.88,522200,15.20777777777777,15.38809519047623,15.70379998000004,17.17574996499997,15.321709632873535,14.740000000000002,2.968478715547946,0.0,-0.4417096328735344
2014-04-09,14.88,15.02,14.61,14.74,14.74,363800,15.176666666666657,15.309047571428612,15.68119998000004,17.16924995999997,15.164342880249023,14.25,2.878852647551039,0.0,-0.4243428802490232
2014-04-10,14.69,14.8,14.19,14.25,14.25,244700,15.084444444444435,15.202857095238135,15.66339998000004,17.16044995999997,14.95336627960205,14.24,4.935903716505619,0.0,-0.7033662796020508
2014-04-11,14.1,14.4,14.02,14.24,14.24,320200,14.952222222222211,15.114761857142899,15.64819998000004,17.151749959999968,14.732294082641602,14.119999999999997,3.4571213668651777,0.0,-0.49229408264160135
2014-04-14,14.42,14.42,13.96,14.12,14.12,261000,14.785555555555545,15.015238095238137,15.62519998000004,17.140299959999968,14.602010726928711,14.24,3.4136737034611313,0.4820107269287117,0.0
2014-04-15,14.2,14.39,13.91,14.24,14.24,264100,14.636666666666656,14.955238095238139,15.61559998000004,17.130199959999967,14.457419395446777,14.430000000000001,1.5268215972386034,0.21741939544677713,0.0
2014-04-16,14.36,14.45,14.0,14.43,14.43,152300,14.527777777777768,14.926190476190518,15.60619998000004,17.118349964999965,14.368102073669434,14.689999999999998,-0.42895305842388165,-0.06189792633056612,0.0
2014-04-17,14.39,14.76,14.39,14.69,14.69,158700,14.499999999999991,14.923333333333376,15.596599980000041,17.108799964999967,14.39773178100586,14.480000000000002,-1.9895726275979588,0.0,0.2922682189941401
2014-04-21,14.78,14.87,14.37,14.48,14.48,133600,14.452222222222211,14.899047619047662,15.578799980000042,17.098649964999964,14.48739242553711,14.84,0.05105266254909495,0.007392425537108949,0.0
2014-04-22,14.47,14.92,14.4,14.84,14.84,167700,14.447777777777768,14.880000000000042,15.567999980000042,17.08859996499997,14.578453063964844,14.7,-1.7624456606142596,0.0,0.2615469360351561
2014-04-23,14.75,14.93,14.63,14.7,14.7,171200,14.443333333333321,14.859047619047661,15.551999980000044,17.077299969999967,14.693726539611816,14.59,-0.04267660128015567,0.0,0.006273460388182883
2014-04-24,14.8,14.88,14.47,14.59,14.59,147600,14.4811111111111,14.822857142857183,15.533199980000045,17.065149969999965,14.75948429107666,14.49,1.16164695734517,0.0,-0.1694842910766603
2014-04-25,14.47,14.67,14.12,14.49,14.49,261500,14.508888888888878,14.794285714285754,15.511599980000044,17.052099969999965,14.728435516357422,14.62,1.6455177112313435,0.23843551635742166,0.0
2014-04-28,14.58,14.79,14.43,14.62,14.62,308900,14.564444444444433,14.775238095238137,15.487199980000044,17.038849969999966,14.73166561126709,14.319999999999999,0.7637866707735338,0.0,-0.11166561126709063
2014-04-29,14.65,14.67,14.21,14.32,14.32,240100,14.57333333333332,14.739047619047662,15.457399980000046,17.024249969999968,14.685072898864746,14.4,2.549391751848783,0.3650728988647458,0.0
2014-04-30,14.32,14.48,14.13,14.4,14.4,202200,14.569999999999986,14.69000000000004,15.425199980000045,17.007649974999968,14.594985961914062,14.56,1.3540691799587647,0.19498596191406214,0.0
2014-05-01,14.45,15.26,14.43,14.56,14.56,327900,14.555555555555543,14.639523809523851,15.399999980000043,16.991799974999967,14.610703468322754,14.410000000000002,0.34823810661231736,0.0,-0.05070346832275341
2014-05-02,14.54,14.74,14.4,14.41,14.41,187100,14.547777777777766,14.583809523809567,15.359799980000043,16.975449974999968,14.620932579040527,14.44,1.4637930537163582,0.2109325790405272,0.0
2014-05-05,14.35,14.55,14.28,14.44,14.44,211200,14.503333333333321,14.537619047619089,15.324200000000044,16.95919996999997,14.580131530761719,14.05,0.9704399637238176,0.0,-0.14013153076171925
2014-05-06,14.43,14.48,14.04,14.05,14.05,188900,14.4311111111111,14.495238095238138,15.272799980000043,16.94139996499997,14.527515411376953,14.130000000000003,3.3986862019711914,0.4775154113769524,0.0
2014-05-07,14.06,14.26,13.82,14.13,14.13,185100,14.379999999999988,14.458095238095279,15.226599960000042,16.92319996499997,14.457077026367188,13.989999999999998,2.314770179527153,0.0,-0.3270770263671867
2014-05-08,14.05,14.44,13.96,13.99,13.99,157000,14.324444444444433,14.415714285714326,15.179399960000042,16.90414996999997,14.348339080810547,14.170000000000002,2.5613944303827494,0.35833908081054666,0.0
2014-05-09,13.89,14.25,13.82,14.17,14.17,240500,14.274444444444432,14.38857142857147,15.13599996000004,16.88599997499997,14.259011268615723,14.7,0.6281670332796241,0.08901126861572273,0.0
2014-05-12,14.26,14.81,14.26,14.7,14.7,228600,14.316666666666654,14.410000000000041,15.10219998000004,16.86979996999997,14.305096626281738,14.460000000000003,-2.68641750828749,0.0,0.394903373718261
2014-05-13,14.71,14.75,14.45,14.46,14.46,290500,14.32333333333332,14.420476190476231,15.063999960000041,16.85389997499997,14.393450736999512,13.800000000000002,-0.4602300345815292,0.0,0.06654926300048913
2014-05-14,14.44,14.55,13.76,13.8,13.8,240400,14.238888888888876,14.405238095238136,15.001799960000042,16.83529997499997,14.387406349182129,13.58,4.256567747696581,0.0,-0.5874063491821282
2014-05-15,13.78,14.01,13.57,13.58,13.58,684600,14.146666666666656,14.373809523809562,14.941399960000043,16.81539997999997,14.309107780456543,13.470000000000002,5.368982183037871,0.0,-0.7291077804565429
2014-05-16,13.55,13.74,13.23,13.47,13.47,737900,14.038888888888879,14.328095238095278,14.872999980000042,16.79434997999997,14.192790031433105,13.379999999999999,5.365924509525648,0.0,-0.7227900314331048
2014-05-19,13.47,13.58,13.35,13.38,13.38,526900,13.964444444444434,14.265714285714326,14.803999980000041,16.772649984999973,13.971328735351562,13.049999999999999,4.419497274675349,0.0,-0.5913287353515617
2014-05-20,13.3,13.56,13.02,13.05,13.05,690700,13.844444444444434,14.197619047619087,14.729799980000042,16.745799984999973,13.710826873779297,12.79,5.063807461910315,0.0,-0.6608268737792962
2014-05-21,13.05,13.21,12.63,12.79,12.79,886300,13.711111111111101,14.100000000000042,14.657599980000041,16.718049984999972,13.470109939575195,12.850000000000001,5.3175132101266325,0.6801099395751962,0.0
2014-05-22,12.85,12.98,12.79,12.85,12.85,601600,13.564444444444435,14.011904761904805,14.584999980000042,16.691399984999972,13.288908958435059,13.419999999999998,3.4156339177825603,0.43890895843505895,0.0
2014-05-23,12.88,13.48,12.88,13.42,13.42,275100,13.422222222222212,13.956190476190521,14.53159998000004,16.66594998499997,13.216758728027344,13.72,-1.514465513954219,-0.20324127197265618,0.0
2014-05-27,13.46,13.93,13.37,13.72,13.72,414100,13.339999999999991,13.919523809523856,14.481800000000039,16.640749984999967,13.271767616271973,13.74,-3.266999881399621,-0.448232383728028,0.0
2014-05-28,13.63,13.88,13.47,13.74,13.74,313000,13.333333333333325,13.877619047619094,14.44660000000004,16.61479998499997,13.370040893554688,13.85,-2.6925699159047505,-0.3699591064453127,0.0
2014-05-29,13.75,13.99,13.75,13.85,13.85,247700,13.363333333333326,13.855238095238143,14.422800000000041,16.586449984999966,13.561397552490234,13.46,-2.0837721841860306,0.0,0.28860244750976527
2014-05-30,13.88,13.95,13.42,13.46,13.46,513800,13.362222222222215,13.810476190476239,14.397000000000041,16.55344998999997,13.726130485534668,13.13,1.977195286290246,0.0,-0.2661304855346671
2014-06-02,13.45,13.53,13.02,13.13,13.13,273600,13.334444444444436,13.742380952381,14.35980000000004,16.51984998999997,13.707533836364746,13.109999999999998,4.39858215053119,0.0,-0.5775338363647453
2014-06-03,13.1,13.25,12.98,13.11,13.11,201200,13.341111111111106,13.680476190476238,14.31720000000004,16.48894998499997,13.582849502563477,13.200000000000001,3.606784916578773,0.47284950256347713,0.0
2014-06-04,13.07,13.27,13.05,13.2,13.2,131800,13.386666666666663,13.621428571428618,14.278400000000042,16.45809997999997,13.465653419494629,13.820000000000002,2.0125259052623456,0.2656534194946296,0.0
2014-06-05,13.22,13.95,13.2,13.82,13.82,235900,13.49444444444444,13.610476190476236,14.247800000000042,16.43024998499997,13.431886672973633,14.009999999999998,-2.8083453475135127,-0.38811332702636747,0.0
2014-06-06,13.94,14.13,13.89,14.01,14.01,211500,13.559999999999995,13.60476190476195,14.226200000000041,16.401399979999972,13.539368629455566,14.2,-3.3592531801886754,-0.4706313705444334,0.0
2014-06-09,13.95,14.37,13.95,14.2,14.2,130700,13.613333333333328,13.614761904761949,14.209800000000044,16.373149979999972,13.719991683959961,14.21,-3.3803402538030873,-0.48000831604003835,0.0
2014-06-10,14.2,14.27,14.1,14.21,14.21,105900,13.665555555555551,13.61666666666671,14.192400000000044,16.34454997999997,13.930383682250977,14.119999999999997,-1.9677432635399315,0.0,0.2796163177490243
2014-06-11,14.06,14.29,13.98,14.12,14.12,146700,13.69555555555555,13.589047619047662,14.166200000000044,16.315149979999973,14.103368759155273,14.05,-0.11778499181817126,0.0,0.01663124084472578
2014-06-12,14.09,14.22,13.88,14.05,14.05,148900,13.761111111111108,13.569523809523854,14.134800000000043,16.28609997499997,14.189597129821777,14.44,0.993573877735065,0.13959712982177663,0.0
2014-06-13,14.1,14.44,13.95,14.44,14.44,224700,13.906666666666663,13.600000000000044,14.112000000000045,16.26184996999997,14.247049331665039,14.170000000000002,-1.3362234649235487,0.0,0.19295066833496044
2014-06-16,14.37,14.38,14.02,14.17,14.17,167200,14.02444444444444,13.628095238095284,14.087200000000044,16.235849964999975,14.269685745239258,14.26,0.7034985549700626,0.09968574523925788,0.0
2014-06-17,14.15,14.45,14.13,14.26,14.26,134500,14.142222222222218,13.66571428571433,14.073600000000042,16.209799969999978,14.278969764709473,14.23,0.13302780301173123,0.0,-0.01896976470947287
2014-06-18,14.21,14.31,14.03,14.23,14.23,210600,14.187777777777775,13.706190476190521,14.060000000000043,16.184549964999977,14.294519424438477,14.26,0.45340424763510984,0.06451942443847614,0.0
2014-06-19,14.24,14.3,14.13,14.26,14.26,205700,14.21555555555555,13.763809523809568,14.047600000000044,16.157699969999975,14.326286315917969,14.23,0.46484092509094643,0.0,-0.06628631591796896
2014-06-20,14.35,14.43,14.21,14.23,14.23,471400,14.218888888888884,13.832380952380996,14.037400000000043,16.129849974999978,14.36100959777832,14.27,0.9206577496719598,0.1310095977783199,0.0
2014-06-23,14.22,14.28,14.03,14.27,14.27,163300,14.22555555555555,13.900000000000043,14.037800000000043,16.101499969999978,14.342832565307617,14.05,0.5103893854773484,0.0,-0.07283256530761761
2014-06-24,14.25,14.43,14.05,14.05,14.05,187500,14.217777777777773,13.930000000000042,14.034000000000042,16.072399964999978,14.321610450744629,14.170000000000002,1.9331704679332966,0.2716104507446282,0.0
2014-06-25,13.98,14.21,13.66,14.17,14.17,193500,14.231111111111103,13.951428571428613,14.035000000000041,16.04189996499998,14.271169662475586,14.390000000000002,0.7139708008157093,0.10116966247558601,0.0
2014-06-26,14.17,14.41,14.05,14.39,14.39,259500,14.225555555555546,13.982380952380993,14.038000000000041,16.01004996499998,14.28166675567627,14.410000000000002,-0.7528370001649134,-0.10833324432373104,0.0
2014-06-27,14.29,14.61,14.29,14.41,14.41,380100,14.252222222222214,14.00904761904766,14.03760000000004,15.978949969999976,14.332064628601074,14.460000000000003,-0.5408422720258566,-0.07793537139892592,0.0
2014-06-30,14.35,14.5,14.23,14.46,14.46,260900,14.274444444444438,14.056666666666707,14.03300000000004,15.956199969999975,14.370266914367676,14.64,-0.6205607581765219,-0.08973308563232507,0.0
2014-07-01,14.5,14.75,14.5,14.64,14.64,298100,14.319999999999997,14.128571428571469,14.03620000000004,15.936599974999973,14.458849906921387,14.66,-1.2373640237610235,-0.18115009307861385,0.0
2014-07-02,14.62,14.75,14.58,14.66,14.66,174400,14.364444444444441,14.202380952380993,14.032600000000038,15.916899974999973,14.574938774108887,14.71,-0.5802266431863126,-0.08506122589111342,0.0
2014-07-03,14.7,14.75,14.62,14.71,14.71,128100,14.417777777777777,14.274285714285755,14.032800000000039,15.897049974999975,14.651546478271484,14.319999999999999,-0.39737268340255927,0.0,0.05845352172851648
2014-07-07,14.56,14.7,14.3,14.32,14.32,257900,14.42333333333333,14.298095238095279,14.02740000000004,15.874999974999975,14.661661148071289,14.2,2.3859018720062064,0.0,-0.3416611480712888
2014-07-08,14.32,14.37,14.14,14.2,14.2,228200,14.439999999999994,14.307142857142898,14.02160000000004,15.852249974999975,14.62055778503418,14.27,2.961674542494228,0.4205577850341804,0.0
2014-07-09,14.28,14.37,14.21,14.27,14.27,184500,14.451111111111109,14.31047619047623,14.014600000000039,15.830299974999976,14.554819107055664,14.14,1.9959292715883987,0.0,-0.2848191070556645
2014-07-10,13.97,14.27,13.92,14.14,14.14,180600,14.423333333333334,14.307142857142898,14.011000000000038,15.808599974999975,14.434226989746094,14.27,2.080813223098254,0.2942269897460932,0.0
2014-07-11,14.08,14.36,14.08,14.27,14.27,131700,14.40777777777778,14.314285714285754,14.008400000000037,15.786999974999974,14.338467597961426,14.18,0.47980096679345624,0.0,-0.06846759796142621
2014-07-14,14.4,14.44,14.11,14.18,14.18,265000,14.376666666666669,14.32047619047623,14.000800000000037,15.763699974999973,14.31881046295166,14.02,0.9789172281499327,0.0,-0.13881046295166044
2014-07-15,14.19,14.41,14.01,14.02,14.02,118100,14.307777777777781,14.300476190476228,13.993000000000038,15.739999974999971,14.293708801269531,14.029999999999998,1.9522739034916667,0.2737088012695317,0.0
2014-07-16,14.14,14.17,13.98,14.03,14.03,123000,14.237777777777783,14.29380952380956,13.984800000000037,15.717899969999971,14.248321533203125,13.709999999999999,1.5561050121391706,0.0,-0.21832153320312564
2014-07-17,13.89,14.1,13.68,13.71,13.71,338800,14.126666666666672,14.267619047619084,13.978000000000039,15.692449974999972,14.199880599975586,14.080000000000002,3.5731626548182716,0.4898805999755851,0.0
2014-07-18,13.69,14.18,13.65,14.08,14.08,253600,14.100000000000007,14.260476190476224,13.97700000000004,15.667049974999973,14.138797760009766,13.89,0.41759772734208495,0.0,-0.058797760009765554
2014-07-21,13.94,14.05,13.79,13.89,13.89,186300,14.065555555555564,14.242857142857176,13.975000000000039,15.641699979999972,14.073084831237793,14.11,1.3181053364851865,0.1830848312377924,0.0
2014-07-22,13.97,14.15,13.86,14.11,14.11,152900,14.047777777777787,14.23714285714289,13.97380000000004,15.620399974999973,14.048951148986816,14.04,-0.43266372085884497,0.0,0.061048851013183025
2014-07-23,14.1,14.2,13.9,14.04,14.04,126600,14.036666666666676,14.226190476190512,13.960600000000039,15.598099974999974,14.043752670288086,13.93,0.02672842085531902,0.0,-0.00375267028808679
2014-07-24,14.09,14.18,13.83,13.93,13.93,132900,13.998888888888898,14.220476190476225,13.950000000000037,15.576949974999973,14.07489013671875,13.72,1.0401301989860035,0.0,-0.14489013671875028
2014-07-25,13.78,13.88,13.65,13.72,13.72,178300,13.947777777777787,14.199047619047654,13.948400000000039,15.557249974999973,14.037407875061035,13.58,2.313468477121243,0.0,-0.3174078750610345
2014-07-28,13.75,13.89,13.55,13.58,13.58,164200,13.8988888888889,14.160476190476226,13.948400000000039,15.535149974999973,13.985286712646484,13.58,2.9844382374557017,0.0,0.0
2014-07-29,13.66,13.72,13.52,13.58,13.58,262600,13.8488888888889,14.120952380952414,13.950600000000039,15.51114997999997,13.908108711242676,13.699999999999998,2.4161171667354617,0.3281087112426757,0.0
2014-07-30,13.65,13.76,13.53,13.7,13.7,190800,13.847777777777786,14.084761904761939,13.95700000000004,15.487199979999971,13.832184791564941,13.72,0.96485249317476,0.13218479156494212,0.0
2014-07-31,13.52,13.88,13.52,13.72,13.72,483500,13.807777777777787,14.040952380952417,13.97040000000004,15.462299974999969,13.787421226501465,13.57,0.4914083564246662,0.0,-0.0674212265014642
2014-08-01,13.77,13.81,13.53,13.57,13.57,189800,13.772222222222233,13.989047619047653,13.986000000000042,15.437299974999968,13.763029098510742,13.749999999999998,1.4224694068588202,0.1930290985107419,0.0
2014-08-04,13.6,13.93,13.53,13.75,13.75,275000,13.732222222222234,13.943333333333369,14.004000000000042,15.413699979999969,13.764965057373047,14.2,0.10883678089488637,0.014965057373046875,0.0
2014-08-05,13.82,14.53,13.5,14.2,14.2,535800,13.750000000000012,13.937619047619084,14.019600000000043,15.390199979999968,13.870243072509766,13.81,-2.32223188373404,0.0,0.32975692749023366
2014-08-06,13.8,14.21,13.65,13.81,13.81,380200,13.736666666666679,13.919047619047655,14.021400000000042,15.36459997999997,13.905609130859375,13.76,0.6923181090468826,0.0,-0.0956091308593745
2014-08-07,13.83,14.05,13.7,13.76,13.76,287500,13.741111111111122,13.89476190476194,14.021800000000042,15.338799979999969,13.934662818908691,13.72,1.2693518816038636,0.0,-0.17466281890869162
2014-08-08,13.7,13.86,13.65,13.72,13.72,288800,13.756666666666678,13.874761904761943,14.019200000000042,15.312899979999967,13.930752754211426,13.85,1.5360987916284632,0.21075275421142514,0.0
2014-08-11,13.8,13.91,13.73,13.85,13.85,326500,13.78666666666668,13.854761904761945,14.027000000000042,15.287549979999968,13.946531295776367,13.709999999999999,0.6969768648113179,0.0,-0.09653129577636754
2014-08-12,13.76,13.88,13.51,13.71,13.71,310400,13.787777777777789,13.83238095238099,14.038600000000041,15.261599979999966,13.891706466674805,13.72,1.325357160283033,0.18170646667480383,0.0
2014-08-13,13.71,13.81,13.62,13.72,13.72,240500,13.78777777777779,13.818095238095278,14.050800000000043,15.235999979999965,13.85922622680664,13.81,1.0147684169580173,0.13922622680663999,0.0
2014-08-14,13.67,13.82,13.54,13.81,13.81,149000,13.814444444444458,13.80761904761909,14.06300000000004,15.210049979999965,13.827149391174316,13.989999999999998,0.12418096433248305,0.01714939117431591,0.0
2014-08-15,13.95,14.24,13.7,13.99,13.99,332800,13.841111111111125,13.820952380952425,14.066400000000039,15.189099979999964,13.889244079589844,14.16,-0.7201995740540132,-0.10075592041015646,0.0
2014-08-18,14.06,14.24,13.88,14.16,14.16,251700,13.83666666666668,13.824761904761951,14.069400000000039,15.175549974999962,13.95311450958252,14.35,-1.4610557232872923,-0.2068854904174806,0.0
2014-08-19,14.21,14.45,13.8,14.35,14.35,154400,13.896666666666682,13.846666666666714,14.072400000000039,15.161999979999962,14.051679611206055,14.16,-2.078887726787073,0.0,0.29832038879394496
2014-08-20,14.29,14.4,14.08,14.16,14.16,115500,13.941111111111125,13.849047619047667,14.071400000000038,15.151699984999961,14.148069381713867,14.33,-0.08425577885687115,-0.011930618286132955,0.0
2014-08-21,14.19,14.36,14.07,14.33,14.33,216500,14.008888888888903,13.86285714285719,14.075600000000039,15.14049998499996,14.245407104492188,14.130000000000003,-0.5903202757000179,0.0,0.08459289550781257
2014-08-22,14.33,14.37,14.11,14.13,14.13,200100,14.040000000000013,13.872380952380999,14.077200000000039,15.128999984999961,14.29814624786377,14.130000000000003,1.1899946770259642,0.16814624786376875,0.0
2014-08-25,14.24,14.28,13.96,14.13,14.13,154400,14.08666666666668,13.891904761904806,14.071000000000037,15.120649984999961,14.305685043334961,14.080000000000002,1.2433477943026194,0.0,-0.17568504333496016
2014-08-26,14.13,14.2,14.02,14.08,14.08,204500,14.126666666666681,13.91571428571433,14.06920000000004,15.11384998499996,14.284339904785156,14.029999999999998,1.4512777328491206,0.0,-0.20433990478515618
2014-08-27,14.15,14.15,13.96,14.03,14.03,136000,14.151111111111126,13.9371428571429,14.06460000000004,15.107049984999962,14.244848251342773,13.820000000000002,1.5313489047952535,0.0,-0.21484825134277408
2014-08-28,13.95,13.97,13.79,13.82,13.82,139200,14.132222222222236,13.942857142857187,14.056400000000039,15.099199984999963,14.166475296020508,13.96,2.5070571347359443,0.34647529602050753,0.0
2014-08-29,13.85,14.0,13.79,13.96,13.96,84500,14.110000000000014,13.954285714285756,14.05040000000004,15.092249984999965,14.098194122314453,13.93,0.9899292429402025,0.0,-0.13819412231445227
2014-09-02,14.04,14.04,13.73,13.93,13.93,141000,14.063333333333349,13.971428571428614,14.044400000000039,15.085649984999964,14.059091567993164,13.820000000000002,0.9267162095704548,0.0,-0.12909156799316435
2014-09-03,14.0,14.08,13.73,13.82,13.82,169700,14.02555555555557,13.974761904761946,14.03540000000004,15.077999984999964,14.026365280151367,13.63,1.4932364699809473,0.0,-0.2063652801513669
2014-09-04,13.81,13.98,13.56,13.63,13.63,131000,13.947777777777793,13.94761904761909,14.027000000000042,15.067299984999966,13.95806884765625,13.58,2.4069614648294144,0.0,-0.3280688476562492
2014-09-05,13.57,13.65,13.44,13.58,13.58,143800,13.886666666666681,13.936666666666708,14.015200000000043,15.055099984999964,13.88555908203125,13.27,2.250066877991531,0.0,-0.30555908203124993
2014-09-08,13.47,13.59,13.2,13.27,13.27,215500,13.791111111111128,13.913333333333375,13.992800000000043,15.042499984999965,13.774958610534668,12.98,3.8052645857925276,0.0,-0.5049586105346684
2014-09-09,13.21,13.51,12.92,12.98,12.98,332400,13.668888888888905,13.878095238095279,13.964200000000044,15.028749984999966,13.621464729309082,12.98,4.94194706709616,0.0,0.0
2014-09-10,12.95,13.06,12.86,12.98,12.98,302100,13.552222222222237,13.836666666666707,13.934600000000044,15.012949989999965,13.434537887573242,12.9,3.5018327239849136,0.0,-0.45453788757324176
2014-09-11,12.95,13.08,12.76,12.9,12.9,421600,13.450000000000017,13.798095238095279,13.899800000000043,14.996549989999966,13.280759811401367,12.870000000000001,2.9516264449718355,0.0,-0.38075981140136683
2014-09-12,12.92,12.97,12.77,12.87,12.87,330000,13.328888888888905,13.757619047619087,13.864000000000043,14.980099989999967,13.146491050720215,12.759999999999998,2.148337612433688,0.0,-0.2764910507202156
2014-09-15,12.91,12.91,12.66,12.76,12.76,267600,13.198888888888904,13.707619047619087,13.825000000000044,14.962899984999968,13.028582572937012,12.73,2.1048790982524443,0.0,-0.26858257293701193
2014-09-16,12.7,12.86,12.64,12.73,12.73,236800,13.077777777777792,13.647619047619086,13.793200000000043,14.945249984999966,12.940896987915039,12.73,1.6566927565988894,0.0,0.0
2014-09-17,12.73,12.86,12.7,12.73,12.73,444200,12.977777777777792,13.579523809523849,13.763800000000042,14.927149984999966,12.909368515014648,13.06,1.4090221132336842,0.179368515014648,0.0
2014-09-18,12.79,13.16,12.78,13.06,13.06,225600,12.920000000000014,13.518095238095276,13.739600000000042,14.910799984999967,12.921072006225586,13.0,-1.0637671805085342,0.0,0.13892799377441456
2014-09-19,13.13,13.33,12.93,13.0,13.0,707900,12.890000000000017,13.46285714285718,13.716800000000042,14.894599984999967,13.00189208984375,12.53,0.014554537259615384,0.0,-0.00189208984375
2014-09-22,12.97,12.99,12.52,12.53,12.53,209000,12.840000000000014,13.377142857142893,13.682000000000041,14.87739998499997,12.962556838989258,12.26,3.4521695051018235,0.0,-0.43255683898925845
2014-09-23,12.52,12.6,12.24,12.26,12.26,188600,12.760000000000014,13.288095238095273,13.643600000000042,14.858699984999971,12.857915878295898,12.22,4.8769647495587165,0.0,-0.5979158782958987
2014-09-24,12.3,12.37,12.18,12.22,12.22,134600,12.684444444444459,13.197142857142895,13.607600000000042,14.83854998499997,12.737353324890137,11.95,4.2336605964822915,0.0,-0.5173533248901361
2014-09-25,12.22,12.23,11.85,11.95,11.95,220200,12.582222222222235,13.095714285714323,13.566000000000045,14.817299979999968,12.544743537902832,11.92,4.976933371571823,0.0,-0.5947435379028327
2014-09-26,11.97,12.19,11.86,11.92,11.92,230500,12.488888888888901,12.995238095238134,13.530200000000043,14.79704997999997,12.347552299499512,11.83,3.5868481501636893,0.0,-0.4275522994995118
2014-09-29,11.74,11.89,11.6,11.83,11.83,225200,12.388888888888902,12.90047619047623,13.485200000000043,14.77469998499997,12.156262397766113,11.77,2.7579239033483787,0.0,-0.3262623977661132
2014-09-30,11.85,12.01,11.76,11.77,11.77,346300,12.282222222222234,12.796190476190516,13.442800000000043,14.752499989999968,12.060341835021973,11.5,2.466795539693909,0.0,-0.2903418350219731
2014-10-01,11.78,11.91,11.46,11.5,11.5,200800,12.1088888888889,12.680476190476229,13.390600000000042,14.729349994999971,11.932583808898926,11.65,3.7615983382515283,0.4325838088989258,0.0
2014-10-02,11.54,11.77,11.53,11.65,11.65,119000,11.9588888888889,12.577142857142896,13.342800000000043,14.70454998999997,11.838278770446777,11.34,1.6161267849508756,0.0,-0.188278770446777
2014-10-03,11.77,11.91,11.32,11.34,11.34,221000,11.826666666666679,12.468095238095275,13.291000000000045,14.67839998999997,11.76016902923584,11.23,3.705194261338977,0.0,-0.42016902923584
2014-10-06,11.35,11.37,11.09,11.23,11.23,404800,11.712222222222234,12.356190476190514,13.241200000000044,14.651249989999972,11.658751487731934,11.04,3.8179117340332427,0.0,-0.42875148773193317
2014-10-07,11.19,11.33,10.98,11.04,11.04,272800,11.581111111111122,12.25000000000004,13.190400000000043,14.62454999499997,11.515572547912598,10.95,4.307722354280783,0.0,-0.4755725479125985
2014-10-08,11.01,11.09,10.78,10.95,10.95,351000,11.470000000000011,12.153333333333373,13.137800000000043,14.594699994999969,11.37380313873291,11.79,3.8703482989306934,0.42380313873291087,0.0
2014-10-09,11.27,11.87,10.85,11.79,11.79,1189800,11.455555555555566,12.096666666666707,13.099600000000041,14.567799994999968,11.407448768615723,11.66,-3.2447093416817347,0.0,0.3825512313842765
2014-10-10,11.68,11.95,11.57,11.66,11.66,399600,11.436666666666676,12.037619047619089,13.05840000000004,14.539549999999968,11.437796592712402,11.9,-1.9056895993790548,-0.2222034072875978,0.0
2014-10-13,11.68,12.15,11.58,11.9,11.9,341100,11.451111111111123,11.991428571428612,13.02500000000004,14.512749999999967,11.54753303527832,12.08,-2.9619072665687396,-0.35246696472168004,0.0
2014-10-14,11.87,12.36,11.69,12.08,12.08,546700,11.515555555555567,11.95904761904766,12.99160000000004,14.486399999999968,11.719146728515625,12.03,-2.9871959559964822,0.0,0.36085327148437507
2014-10-15,11.99,12.3,11.79,12.03,12.03,558500,11.557777777777789,11.925714285714324,12.948200000000037,14.459349994999968,11.911993980407715,12.41,-0.9809311686806694,-0.11800601959228452,0.0
2014-10-16,11.92,12.47,11.83,12.41,12.41,429800,11.676666666666677,11.91047619047623,12.920200000000039,14.433499994999968,12.068339347839355,12.2,-2.753107591947177,0.0,0.3416606521606447
2014-10-17,12.6,12.73,12.12,12.2,12.2,358100,11.784444444444453,11.86952380952385,12.88900000000004,14.407649989999967,12.203516960144043,12.22,0.028827542164292456,0.0035169601440436793,0.0
2014-10-20,12.12,12.27,11.99,12.22,12.22,201500,11.915555555555565,11.832380952380994,12.859000000000039,14.382099989999967,12.237303733825684,12.27,0.14160174980100618,0.017303733825682954,0.0
2014-10-21,12.26,12.37,12.1,12.27,12.27,339000,12.062222222222232,11.820000000000041,12.827400000000038,14.357949989999968,12.285531044006348,12.05,0.12657737576485806,0.0,-0.015531044006348083
2014-10-22,12.27,12.3,11.99,12.05,12.05,166600,12.09111111111112,11.81000000000004,12.794200000000037,14.33084999499997,12.298028945922852,12.3,2.0583315014344468,0.24802894592285085,0.0
2014-10-23,12.13,12.44,12.08,12.3,12.3,221500,12.162222222222232,11.813809523809564,12.765800000000036,14.30739999499997,12.313979148864746,12.37,0.11365161678654782,0.013979148864745383,0.0
2014-10-24,12.34,12.5,12.23,12.37,12.37,186200,12.214444444444453,11.833809523809563,12.737000000000037,14.28549999499997,12.316868782043457,12.39,-0.4295167175144882,-0.05313121795654219,0.0
2014-10-27,12.25,12.41,12.08,12.39,12.39,200800,12.248888888888898,11.856190476190516,12.705000000000036,14.263949989999968,12.33928394317627,13.43,-0.40933056354908015,-0.05071605682373104,0.0
2014-10-28,12.52,13.43,12.52,13.43,13.43,357300,12.404444444444453,11.93238095238099,12.690400000000036,14.24739998999997,12.52496337890625,12.94,-6.738917506282574,0.0,0.9050366210937497
2014-10-29,13.28,13.28,12.59,12.94,12.94,634500,12.463333333333342,11.988095238095278,12.662200000000036,14.227299994999969,12.728202819824219,12.9,-1.6367633707556475,0.0,0.21179718017578075
2014-10-30,12.84,13.04,12.7,12.9,12.9,302100,12.54111111111112,12.054761904761945,12.637000000000036,14.20459998999997,12.83671760559082,13.490000000000002,-0.49056119697038797,-0.06328239440918004,0.0
2014-10-31,13.18,13.56,13.09,13.49,13.49,394900,12.68222222222223,12.142380952380993,12.620200000000036,14.185299989999969,13.032821655273438,13.19,-3.3890166399300425,0.0,0.4571783447265627
2014-11-03,13.45,13.62,13.13,13.19,13.19,631900,12.784444444444453,12.230476190476233,12.601400000000037,14.16629998999997,13.243511199951172,13.19,0.40569522328409685,0.0,0.0
2014-11-04,13.18,13.3,13.07,13.19,13.19,328200,12.91111111111112,12.323809523809565,12.582600000000038,14.14739999499997,13.26077938079834,13.36,0.5366139560147107,0.07077938079834034,0.0
2014-11-05,13.32,13.42,13.1,13.36,13.36,394300,13.028888888888899,12.434285714285755,12.568200000000038,14.129299994999972,13.321996688842773,13.3,-0.28445592183552393,0.0,0.038003311157225994
2014-11-06,13.36,13.43,13.14,13.3,13.3,473800,13.132222222222232,12.546190476190517,12.553600000000039,14.112249999999971,13.399746894836426,13.34,0.7499766529054516,0.09974689483642507,0.0
2014-11-07,13.32,13.36,13.08,13.34,13.34,181300,13.237777777777787,12.62000000000004,12.544000000000038,14.097099994999972,13.368557929992676,13.22,0.21407743622695596,0.0,-0.028557929992675923
2014-11-10,13.3,13.45,13.17,13.22,13.22,209200,13.214444444444455,12.694285714285755,12.529200000000037,14.08274999499997,13.359525680541992,13.32,1.0554136198335216,0.13952568054199155,0.0
2014-11-11,13.19,13.33,13.14,13.32,13.32,182300,13.256666666666677,12.761904761904802,12.517000000000039,14.069999994999971,13.361668586730957,13.41,0.31282722770988547,0.04166858673095675,0.0
2014-11-12,13.23,13.44,13.2,13.41,13.41,164600,13.313333333333341,12.825238095238138,12.508800000000038,14.06134999499997,13.367321968078613,13.23,-0.31825527159870887,0.0,0.04267803192138686
2014-11-13,13.47,13.48,13.11,13.23,13.23,187200,13.284444444444453,12.882380952380997,12.500800000000037,14.052499994999971,13.380385398864746,13.21,1.1366999158333007,0.0,-0.15038539886474567
2014-11-14,13.24,13.27,13.09,13.21,13.21,114900,13.286666666666674,12.920476190476233,12.493400000000038,14.04219999499997,13.357229232788086,12.95,1.1145286357917112,0.0,-0.14722923278808508
2014-11-17,13.2,13.23,12.9,12.95,12.95,177300,13.260000000000007,12.95619047619052,12.48700000000004,14.033349994999972,13.3091402053833,13.04,2.7732834392532935,0.3591402053833015,0.0
2014-11-18,12.98,13.1,12.93,13.04,13.04,181600,13.224444444444451,12.995238095238138,12.488200000000038,14.02404999499997,13.258753776550293,13.02,1.6775596361218854,0.0,-0.21875377655029382
2014-11-19,13.07,13.17,12.86,13.02,13.02,298200,13.193333333333339,13.030952380952423,12.489000000000038,14.01329999499997,13.209609031677246,13.29,1.4562905658774696,0.18960903167724652,0.0
2014-11-20,12.96,13.34,12.93,13.29,13.29,168600,13.187777777777784,13.090000000000042,12.496800000000038,14.002899994999972,13.179645538330078,13.470000000000002,-0.8303571231747255,-0.11035446166992102,0.0
2014-11-21,13.52,13.54,13.21,13.47,13.47,231200,13.21555555555556,13.145714285714329,12.508800000000038,13.993349994999969,13.241172790527344,13.65,-1.6987914585943347,-0.2288272094726569,0.0
2014-11-24,13.53,13.69,13.33,13.65,13.65,227700,13.25222222222223,13.20666666666671,12.526600000000037,13.98409999499997,13.34679889678955,13.679999999999998,-2.2212535033732568,-0.3032011032104496,0.0
2014-11-25,13.67,13.75,13.52,13.68,13.68,225800,13.28222222222223,13.268095238095281,12.545600000000036,13.974849994999968,13.475595474243164,13.419999999999998,-1.4941851298014304,0.0,0.20440452575683565
2014-11-26,13.72,13.73,13.34,13.42,13.42,128000,13.30333333333334,13.26761904761909,12.559400000000034,13.964099994999968,13.566898345947266,13.27,1.0946225480422183,0.0,-0.1468983459472657
2014-11-28,13.38,13.69,13.2,13.27,13.27,110500,13.310000000000006,13.283333333333376,12.563600000000035,13.951249994999966,13.59337043762207,13.34,2.4368533355091992,0.32337043762207074,0.0
2014-12-01,13.17,13.51,13.17,13.34,13.34,279800,13.353333333333339,13.304285714285758,12.570400000000037,13.938899994999968,13.567069053649902,13.58,1.7021668189647863,0.22706905364990249,0.0
2014-12-02,13.31,13.6,13.31,13.58,13.58,159600,13.41333333333334,13.30857142857147,12.591400000000037,13.926749994999966,13.550832748413086,13.62,-0.21478093952072264,-0.029167251586914134,0.0
2014-12-03,13.62,13.86,13.47,13.62,13.62,192900,13.480000000000008,13.32904761904766,12.618600000000038,13.915749994999965,13.565964698791504,13.54,-0.3967349574779392,0.0,0.05403530120849531
2014-12-04,13.54,13.7,13.33,13.54,13.54,175400,13.507777777777786,13.345714285714328,12.645000000000037,13.901349994999965,13.563812255859375,13.88,0.17586599600720718,0.023812255859375853,0.0
2014-12-05,13.54,13.93,13.52,13.88,13.88,164200,13.553333333333342,13.370476190476232,12.683600000000036,13.889649999999966,13.630709648132324,13.89,-1.796039999046661,-0.24929035186767656,0.0
2014-12-08,13.76,14.08,13.7,13.89,13.89,261300,13.580000000000005,13.398571428571469,12.723000000000036,13.875999994999965,13.752638816833496,14.44,-0.9889214050864252,-0.13736118316650447,0.0
2014-12-09,13.71,14.45,13.71,14.44,14.44,304700,13.664444444444449,13.450952380952423,12.775200000000035,13.865999989999967,13.890837669372559,13.76,-3.803063231491973,0.0,0.5491623306274409
2014-12-10,14.39,14.4,13.75,13.76,13.76,192700,13.702222222222225,13.476666666666707,12.815000000000037,13.853049989999967,13.974081039428711,13.6,1.5558215074760986,0.0,-0.21408103942871115
2014-12-11,13.86,14.12,13.57,13.6,13.6,181500,13.738888888888894,13.490000000000041,12.857000000000037,13.839349989999967,14.003387451171875,13.32,2.966084199793201,0.0,-0.40338745117187536
2014-12-12,13.39,13.49,13.26,13.32,13.32,170600,13.736666666666672,13.485714285714327,12.890400000000039,13.823999994999967,13.900264739990234,13.27,4.356341891818574,0.0,-0.5802647399902341
2014-12-15,13.41,13.62,13.15,13.27,13.27,213900,13.702222222222229,13.487619047619086,12.929000000000038,13.808499989999968,13.791687965393066,13.329999999999998,3.9313335749289138,0.5216879653930668,0.0
2014-12-16,13.26,13.73,13.09,13.33,13.33,206200,13.670000000000007,13.493333333333371,12.971000000000037,13.790599989999968,13.653064727783203,13.85,2.423591356213076,0.32306472778320305,0.0
2014-12-17,13.35,13.97,13.17,13.85,13.85,268900,13.704444444444452,13.536190476190516,13.02720000000004,13.776849989999969,13.584891319274902,13.88,-1.9141420990981755,-0.2651086807250973,0.0
2014-12-18,14.0,14.21,13.75,13.88,13.88,287600,13.704444444444452,13.576190476190515,13.085800000000038,13.761799994999969,13.649511337280273,13.39,-1.6605811435138857,0.0,0.23048866271972734
2014-12-19,13.84,13.92,13.34,13.39,13.39,1061300,13.648888888888898,13.593809523809563,13.117800000000038,13.74459999499997,13.740788459777832,13.58,2.619779385943476,0.35078845977783146,0.0
2014-12-22,13.45,13.59,13.25,13.58,13.58,208700,13.553333333333342,13.607619047619085,13.15620000000004,13.728699994999968,13.720842361450195,13.72,1.037130791238551,0.14084236145019524,0.0
2014-12-23,13.5,13.86,13.5,13.72,13.72,150200,13.548888888888897,13.619523809523846,13.192600000000041,13.715299994999967,13.748615264892578,13.969999999999999,0.2085660706456085,0.028615264892577486,0.0
2014-12-24,13.79,14.05,13.65,13.97,13.97,102400,13.59000000000001,13.634761904761945,13.23040000000004,13.702749994999966,13.789116859436035,14.080000000000002,-1.294796997594599,-0.18088314056396548,0.0
2014-12-26,14.06,14.14,13.89,14.08,14.08,146000,13.674444444444456,13.653809523809562,13.271400000000042,13.692699994999964,13.810379028320312,13.98,-1.9149216738614174,0.0,0.26962097167968757
2014-12-29,14.09,14.14,13.86,13.98,13.98,144300,13.753333333333345,13.680476190476229,13.302800000000042,13.681549999999964,13.918267250061035,13.789999999999997,-0.44157904105125373,0.0,0.06173274993896527
2014-12-30,13.9,14.01,13.76,13.79,13.79,119100,13.804444444444457,13.705238095238135,13.33460000000004,13.672999999999963,13.984332084655762,13.65,1.4092246893093734,0.0,-0.19433208465576257
2014-12-31,13.79,13.9,13.61,13.65,13.65,207300,13.782222222222234,13.720000000000041,13.36320000000004,13.666049999999963,13.992420196533203,13.54,2.508572868375112,0.0,-0.34242019653320277
2015-01-02,13.76,13.81,13.26,13.54,13.54,177100,13.744444444444456,13.71809523809528,13.38860000000004,13.659999999999963,13.925142288208008,13.28,2.844477756336844,0.0,-0.38514228820800867
2015-01-05,13.43,13.65,13.27,13.28,13.28,176600,13.732222222222234,13.701904761904803,13.41320000000004,13.651449999999965,13.792585372924805,12.95,3.859829615397631,0.0,-0.5125853729248053
2015-01-06,13.35,13.7,12.85,12.95,12.95,200400,13.662222222222233,13.673809523809563,13.426200000000042,13.639999999999965,13.627925872802734,12.95,5.234948824731545,0.0,0.0
2015-01-07,13.06,13.25,12.77,12.95,12.95,153000,13.576666666666679,13.62952380952385,13.437800000000044,13.629049999999966,13.447678565979004,13.08,3.8430777295676033,0.4976785659790046,0.0
2015-01-08,13.05,13.29,12.99,13.08,13.08,171500,13.477777777777792,13.59095238095242,13.451600000000044,13.617699999999965,13.329642295837402,13.08,1.9085802434052161,0.0,0.0
2015-01-09,13.04,13.28,13.0,13.08,13.08,238000,13.366666666666681,13.526190476190514,13.444600000000046,13.607649999999964,13.246329307556152,12.98,1.2716307917137024,0.0,-0.16632930755615227
2015-01-12,13.1,13.22,12.78,12.98,12.98,167500,13.25555555555557,13.489047619047659,13.445400000000046,13.597449999999965,13.171274185180664,13.109999999999998,1.4736069736568846,0.19127418518066364,0.0
2015-01-13,13.09,13.49,12.92,13.11,13.11,161300,13.180000000000016,13.465714285714325,13.449600000000046,13.587599999999966,13.16661548614502,12.67,0.43184962734569105,0.0,-0.0566154861450201
2015-01-14,12.94,13.12,12.64,12.67,12.67,207900,13.071111111111126,13.434761904761945,13.433200000000046,13.573799999999967,13.123248100280762,13.0,3.57733307246063,0.4532481002807618,0.0
2015-01-15,12.75,13.15,12.55,13.0,13.0,546600,13.011111111111127,13.421904761904804,13.429400000000044,13.560699999999967,13.093498229980469,13.56,0.7192171536959135,0.09349822998046875,0.0
2015-01-16,12.96,13.57,12.96,13.56,13.56,317500,13.042222222222238,13.432857142857184,13.43680000000004,13.550599999999967,13.14278793334961,13.78,-3.0767851522890197,-0.4172120666503911,0.0
2015-01-20,13.61,13.84,13.45,13.78,13.78,193800,13.13444444444446,13.429523809523848,13.44520000000004,13.542449999999969,13.284468650817871,13.749999999999998,-3.5960184991446176,0.0,0.49553134918212827
2015-01-21,13.78,13.87,13.68,13.75,13.75,154400,13.22333333333335,13.423333333333373,13.454200000000041,13.536499999999968,13.409672737121582,13.89,-2.475107366388494,-0.34032726287841797,0.0
2015-01-22,13.81,13.93,13.62,13.89,13.89,132600,13.31333333333335,13.447142857142897,13.46520000000004,13.53139999999997,13.58821964263916,13.860000000000001,-2.172644761417138,0.0,0.3017803573608404
2015-01-23,13.81,13.97,13.68,13.86,13.86,205200,13.400000000000016,13.460476190476232,13.47800000000004,13.526299999999969,13.777149200439453,13.96,-0.5977691165984582,-0.0828507995605463,0.0
2015-01-26,13.88,14.0,13.74,13.96,13.96,183600,13.508888888888904,13.471904761904801,13.490800000000041,13.52239999999997,13.897064208984375,16.110001,-0.4508294485360018,-0.06293579101562585,0.0
2015-01-27,14.32,16.139999,14.19,16.110001,16.110001,1173400,13.842222333333348,13.57380957142861,13.544800020000041,13.531700004999971,14.310111045837402,16.73,-11.172500573790145,-1.7998899541625981,0.0
2015-01-28,16.129998999999998,17.209999,16.0,16.73,16.73,1242800,14.293333444444462,13.700000047619088,13.614800020000041,13.544150004999972,14.963265419006348,17.49,-10.56027842793576,-1.7667345809936528,0.0
2015-01-29,16.73,17.5,16.59,17.49,17.49,754600,14.792222333333351,13.867142904761945,13.70040002000004,13.561000004999972,15.633938789367676,17.190001000000002,-10.612128133975544,0.0,1.8560612106323227
2015-01-30,17.27,17.559998999999998,17.0,17.190001000000002,17.190001000000002,598900,15.195555777777795,14.029047714285753,13.78520004000004,13.575750009999972,16.27679443359375,17.5,-5.312428814903805,-0.9132065664062523,0.0
2015-02-02,17.200001,17.59,16.969998999999998,17.5,17.5,501100,15.608889111111129,14.212381047619086,13.874400040000042,13.591100009999973,16.870410919189453,17.469998999999998,-3.5976518903459818,0.0,0.6295890808105469
2015-02-03,17.549999,17.799999,17.309998999999998,17.469998999999998,17.469998999999998,381400,16.02222233333335,14.399523857142894,13.963400020000043,13.605000004999972,17.288314819335938,17.57,-1.0399781972744266,-0.18168418066406034,0.0
2015-02-04,17.42,17.84,17.299999,17.57,17.57,404800,16.431111222222242,14.60380957142861,14.049000020000044,13.620450004999974,17.487035751342773,17.0,-0.4721926502972501,0.0,0.08296424865722685
2015-02-05,16.91,17.299999,16.540001,17.0,17.0,617800,16.78000011111113,14.796666714285752,14.119600020000043,13.631250004999972,17.447345733642578,17.09,2.6314454920151653,0.4473457336425781,0.0
2015-02-06,16.99,17.200001,16.719998999999998,17.09,17.09,416200,17.127777888888904,14.99380957142861,14.188400020000044,13.643200004999974,17.38494110107422,17.059998999999998,1.7258110068707953,0.0,-0.2949411010742189
2015-02-09,17.030001000000002,17.389999,16.77,17.059998999999998,17.059998999999998,236500,17.23333322222224,15.183333333333373,14.256000000000045,13.655549999999973,17.321163177490234,17.059998999999998,1.5308569331700237,0.0,0.0
2015-02-10,17.23,17.23,16.790001,17.059998999999998,17.059998999999998,277200,17.269999777777794,15.372857095238135,14.328799980000044,13.668399994999975,17.23139762878418,17.120001000000002,1.0046813530539012,0.171398628784182,0.0
2015-02-11,17.08,17.280001000000002,16.91,17.120001000000002,17.120001000000002,157000,17.228888777777794,15.57000000000004,14.405800000000045,13.680899999999975,17.144441604614258,17.309998999999998,0.1427605326323041,0.02444060461425579,0.0
2015-02-12,17.24,17.48,17.040001,17.309998999999998,17.309998999999998,140100,17.242221888888906,15.76999995238099,14.485199980000043,13.695849994999973,17.216440200805664,17.4,-0.5404899168066598,-0.09355879919433363,0.0
2015-02-13,17.34,17.549999,17.219998999999998,17.4,17.4,190200,17.231110777777797,15.995238047619084,14.561599980000041,13.710849994999974,17.30266571044922,17.139999,-0.5593924686826427,0.0,0.09733428955077983
2015-02-17,17.35,17.4,17.08,17.139999,17.139999,163800,17.194444111111128,16.192380857142894,14.63199996000004,13.723749989999973,17.33319091796875,17.370001000000002,1.127140777363817,0.19319191796875046,0.0
2015-02-18,17.15,17.379998999999998,17.0,17.370001000000002,17.370001000000002,235500,17.17222200000002,16.373809476190512,14.708599980000042,13.738549994999977,17.36619758605957,17.280001000000002,-0.021896452052200286,0.0,0.00380341394043171
2015-02-19,17.280001000000002,17.379998999999998,17.17,17.280001000000002,17.280001000000002,102000,17.20333322222224,16.54047619047623,14.776600000000041,13.752749999999976,17.3927059173584,17.540001,0.652227493264591,0.11270491735839627,0.0
2015-02-20,17.299999,17.549999,17.17,17.540001,17.540001,353800,17.253333333333348,16.72095242857147,14.849600020000041,13.770200004999975,17.43233299255371,17.65,-0.613842652838442,-0.10766800744628924,0.0
2015-02-23,17.540001,17.68,17.280001000000002,17.65,17.65,293600,17.318889000000016,16.900000047619088,14.91380002000004,13.787800004999974,17.477420806884766,17.440001000000002,-0.9777857966868723,0.0,0.17257919311523295
2015-02-24,17.65,17.65,17.139999,17.440001000000002,17.440001000000002,187700,17.36111144444446,17.070476285714324,14.987400040000042,13.805050009999976,17.514854431152344,17.4,0.42920542924476573,0.0,-0.07485343115234144
2015-02-25,17.5,17.52,17.25,17.4,17.4,142900,17.39222244444446,17.234285809523847,15.06340004000004,13.821200009999975,17.540218353271484,17.700001,0.8058526050085391,0.1402183532714858,0.0
2015-02-26,17.370001000000002,17.790001,17.370001000000002,17.700001,17.700001,244400,17.435556000000012,17.31000009523813,15.15100006000004,13.836200014999976,17.593650817871094,17.49,-0.6008484526577517,0.0,0.10635018212890657
2015-02-27,17.66,17.75,17.379998999999998,17.49,17.49,212500,17.445556000000014,17.346190571428608,15.23540006000004,13.851350014999975,17.632177352905273,17.41,0.8129065346213552,0.0,-0.142177352905275
2015-03-02,17.450001,17.549999,17.25,17.41,17.41,208900,17.475556111111125,17.342381047619085,15.317000060000039,13.869400014999973,17.607624053955078,17.309998999999998,1.1351180583289946,0.0,-0.19762405395507798
2015-03-03,17.440001000000002,17.610001,17.24,17.309998999999998,17.309998999999998,225500,17.468889222222238,17.348095238095276,15.386200040000038,13.888050009999974,17.591995239257812,17.43,1.6290944861280168,0.2819962392578148,0.0
2015-03-04,17.209999,17.49,17.040001,17.43,17.43,218600,17.485555777777794,17.344761904761942,15.457200040000037,13.907850009999974,17.558837890625,17.469998999999998,0.7391732106999443,0.12883789062500028,0.0
2015-03-05,17.389999,17.52,17.209999,17.469998999999998,17.469998999999998,209300,17.477777777777796,17.344761904761942,15.538800020000037,13.928300004999974,17.530000686645508,17.58,0.34345558145429766,0.06000168664550998,0.0
2015-03-06,17.32,17.6,17.27,17.58,17.58,245800,17.470000000000017,17.345238095238134,15.618800020000037,13.950950004999973,17.515459060668945,17.51,-0.36712707241782133,0.0,0.06454093933105298
2015-03-09,17.6,17.690001000000006,17.440001000000002,17.51,17.51,255600,17.477777666666682,17.369523809523848,15.694600020000037,13.974550004999974,17.552343368530273,17.51,0.2418239207896737,0.0,0.0
2015-03-10,17.309998999999998,17.58,17.309998999999998,17.51,17.51,211000,17.489999888888903,17.389523809523848,15.765400020000037,13.997850004999975,17.55536651611328,17.620001000000006,0.25908918397075775,0.04536651611327969,0.0
2015-03-11,17.52,17.65,17.35,17.620001000000006,17.620001000000006,276300,17.481111000000016,17.416190571428608,15.836200040000035,14.018850009999976,17.604331970214844,17.719998999999994,-0.08892751927290936,-0.015669029785161825,0.0
2015-03-12,17.75,18.0,17.450001,17.719998999999994,17.719998999999994,212000,17.506666444444463,17.447619142857178,15.911000020000035,14.038850004999977,17.6727294921875,17.91,-0.2667579598198301,-0.04726950781249428,0.0
2015-03-13,17.75,17.969998999999994,17.6,17.91,17.91,235800,17.562222000000016,17.48523814285718,15.993400020000035,14.059700004999977,17.749231338500977,18.049999,-0.8976474678895788,-0.16076866149902358,0.0
2015-03-16,18.0,18.299999,17.74,18.049999,18.049999,262000,17.644444222222237,17.520476238095277,16.081400000000034,14.080699999999977,17.853700637817383,18.290001,-1.0875256125089918,-0.19629836218261687,0.0
2015-03-17,18.0,18.35,17.950001,18.290001,18.290001,216600,17.739999888888903,17.56285723809528,16.176400020000035,14.104850004999976,17.996559143066406,18.700001,-1.6043840398564984,-0.2934418569335939,0.0
2015-03-18,18.129999,18.700001,18.120001,18.700001,18.700001,264900,17.876666777777793,17.637143047619087,16.284800040000036,14.132700009999976,18.182159423828125,18.41,-2.769206141603283,0.0,0.5178415761718753
2015-03-19,18.610001,18.68,18.280001,18.41,18.41,108600,17.968889000000015,17.68666680952385,16.394000040000034,14.159200009999974,18.32693862915039,18.459999,-0.45117528978603755,-0.08306137084960952,0.0
2015-03-20,18.57,18.610001,18.4,18.459999,18.459999,310600,18.074444444444463,17.74285719047623,16.504200020000034,14.185500004999977,18.467838287353516,18.41,0.04246634766077615,0.0,-0.0078392873535158
2015-03-23,18.41,18.469999,18.309999,18.41,18.41,131000,18.17444444444446,17.784285714285755,16.610800020000035,14.208450004999975,18.52691650390625,18.299999,0.6350706350149368,0.0,-0.11691650390624986
2015-03-24,18.4,18.4,18.16,18.299999,18.299999,185500,18.2499997777778,17.81523804761909,16.71520000000003,14.229899999999972,18.546031951904297,17.68,1.3444424335995713,0.0,-0.2460329519042972
2015-03-25,18.34,18.34,17.66,17.68,17.68,179600,18.245555444444463,17.826666571428614,16.80920000000003,14.247299999999973,18.44729995727539,17.879998999999994,4.339931885041804,0.7672999572753909,0.0
2015-03-26,17.549999,17.950001,17.17,17.879998999999994,17.879998999999994,280300,18.24222200000002,17.84952366666671,16.90459998000003,14.265649994999972,18.263362884521484,17.74,2.14409343379432,0.0,-0.38336388452148995
2015-03-27,17.860001,17.9,17.59,17.74,17.74,165100,18.207777666666686,17.851428380952424,17.00599998000003,14.28374999499997,18.12116813659668,18.309999,2.148636621176332,0.38116813659668125,0.0
2015-03-30,17.780001000000006,18.450001,17.74,18.309999,18.309999,160400,18.20999966666669,17.890475952380996,17.11219996000003,14.30504998999997,18.072734832763672,18.459999,-1.2958174778509237,-0.23726416723632937,0.0
2015-03-31,18.17,18.51,18.030001,18.459999,18.459999,188100,18.183332777777803,17.940475904761946,17.21019994000003,14.325149984999971,18.094749450683594,18.5,-1.9786000493088114,-0.3652495493164061,0.0
2015-04-01,18.440001,18.58,18.25,18.5,18.5,160400,18.1933327777778,17.99714261904766,17.30459994000003,14.34679998499997,18.197298049926758,18.91,-1.6362267571526603,-0.3027019500732422,0.0
2015-04-02,18.43,18.969999,18.33,18.91,18.91,298200,18.24333288888891,18.06761880952385,17.407799940000032,14.37004998499997,18.414588928222656,18.57,-2.6198364451472442,0.0,0.4954110717773439
2015-04-06,18.74,18.870001,18.4,18.57,18.57,213500,18.26111066666669,18.119999809523854,17.501399940000034,14.391749984999969,18.580354690551758,18.309999,0.055760315302948456,0.0,-0.010354690551757528
2015-04-07,18.5,18.59,18.16,18.309999,18.309999,157600,18.2622217777778,18.15476166666671,17.59039992000003,14.411999979999969,18.618223190307617,18.6,1.683365413114528,0.30822419030761594,0.0
2015-04-08,18.26,18.67,18.190001,18.6,18.6,300100,18.36444400000002,18.206666428571474,17.683199920000032,14.433849979999968,18.642168045043945,18.559999,0.22670991959109618,0.0,-0.04216804504394389
2015-04-09,18.530001,18.709999,18.440001,18.559999,18.559999,128400,18.439999555555577,18.256666380952428,17.73219988000003,14.455299974999969,18.657751083374023,18.83,0.5266815120734769,0.09775208337402219,0.0
2015-04-10,18.66,18.85,18.450001,18.83,18.83,131400,18.56111066666669,18.314285380952427,17.77419988000003,14.479199974999966,18.6731014251709,18.66,-0.8332372534737115,0.0,0.15689857482909986
2015-04-13,18.790001,18.83,18.540001,18.66,18.66,77800,18.599999666666687,18.359047333333383,17.79759988000003,14.501649974999966,18.687999725341797,18.450001,0.15005211865914647,0.0,-0.027999725341796733
2015-04-14,18.73,18.780001,18.370001,18.450001,18.450001,205100,18.5988887777778,18.384761666666712,17.82279988000003,14.521949979999967,18.721925735473633,18.67,1.473846724851844,0.2719247354736325,0.0
2015-04-15,18.51,18.860001,18.450001,18.67,18.67,131600,18.617777666666687,18.41428552380957,17.84619988000003,14.543249979999969,18.757457733154297,18.620001,0.46843992048363775,0.0,-0.08745773315429517
2015-04-16,18.68,18.77,18.530001,18.620001,18.620001,97200,18.585555555555576,18.429999809523856,17.869199920000028,14.564049984999967,18.771224975585938,18.33,0.8121587941157418,0.0,-0.15122397558593903
2015-04-17,18.48,18.610001,18.280001,18.33,18.33,134600,18.558888888888912,18.41238071428576,17.88439992000003,14.582499984999968,18.71100616455078,18.719999,2.0785933690713745,0.38100616455078296,0.0
2015-04-20,18.469999,18.889999,18.43,18.719999,18.719999,135200,18.604444444444468,18.427142571428615,17.918799900000028,14.602799979999968,18.70114517211914,18.780001,-0.10071489790603493,-0.018853827880860763,0.0
2015-04-21,18.77,18.91,18.66,18.780001,18.780001,166800,18.624444555555577,18.442380761904808,17.952599920000026,14.623149984999968,18.75465202331543,18.75,-0.13497856940779143,0.0,0.025348976684568925
2015-04-22,18.809999,18.93,18.4,18.75,18.75,113800,18.6455557777778,18.45857123809528,17.986399940000027,14.645299984999967,18.773611068725586,18.799999,0.12592569986979169,0.023611068725585938,0.0
2015-04-23,18.629999,18.860001,18.459999,18.799999,18.799999,175800,18.642222333333354,18.482380761904807,18.021199940000027,14.668299979999967,18.782718658447266,18.74,-0.09191671527607026,0.0,0.017280341552734058
2015-04-24,18.83,18.84,18.549999,18.74,18.74,107500,18.651111222222244,18.532856952380996,18.05359992000003,14.690649979999966,18.837261199951172,18.700001,0.5190032014470302,0.0,-0.09726119995117344
2015-04-27,18.799999,18.940001,18.51,18.700001,18.700001,177900,18.678889000000026,18.57190466666671,18.08139996000003,14.713449984999968,18.857358932495117,19.200001,0.8414862250280996,0.15735793249511687,0.0
2015-04-28,19.0,19.59,18.52,19.200001,19.200001,499700,18.737778000000024,18.641428523809566,18.11739998000003,14.738099989999968,18.95223617553711,18.969999,-1.2904417268670505,0.0,0.24776482446289094
2015-04-29,19.200001,19.24,18.51,18.969999,18.969999,361400,18.77666666666669,18.672857095238136,18.153999980000034,14.762049984999969,19.00594139099121,17.790001,0.18946965148079103,0.0,-0.03594239099120955
2015-04-30,18.799999,18.879999,17.65,17.790001,17.790001,390700,18.716666777777803,18.64095242857147,18.162399980000032,14.780899989999968,18.89321517944336,17.879998999999994,6.201316005790889,1.1032141794433592,0.0
2015-05-01,17.83,18.0,17.559998999999998,17.879998999999994,17.879998999999994,198400,18.62333344444447,18.611428571428615,18.174399940000033,14.800149984999967,18.661575317382812,17.93,4.371232444603707,0.7815763173828181,0.0
2015-05-04,17.85,18.25,17.76,17.93,17.93,184800,18.528888888888915,18.564761904761944,18.18219992000003,14.821249984999966,18.484224319458008,17.68,3.0910447264808036,0.0,-0.5542243194580081
2015-05-05,17.92,17.92,17.5,17.68,17.68,171300,18.410000000000025,18.522380952380995,18.182799920000033,14.839249984999965,18.22856903076172,17.709999,3.1027660110956963,0.548569030761719,0.0
2015-05-06,17.799999,17.860001,17.200001,17.709999,17.709999,162900,18.288888888888916,18.493809523809563,18.18819988000003,14.858349979999966,17.9780216217041,18.07,1.5133971588824018,0.26802262170410174,0.0
2015-05-07,17.65,18.190001,17.5,18.07,18.07,174700,18.21444444444447,18.46857142857147,18.201599880000032,14.878149979999966,17.91895866394043,18.049999,-0.8358679361348678,0.0,0.1510413360595706
2015-05-08,18.219999,18.25,17.969998999999994,18.049999,18.049999,83300,18.14222200000003,18.444285714285755,18.20859984000003,14.898199974999965,17.98731231689453,18.08,-0.34729466248429397,-0.06268668310546843,0.0
2015-05-11,17.98,18.35,17.98,18.08,18.08,114000,18.017777444444473,18.40857142857147,18.22039984000003,14.918949974999967,18.025259017944336,17.92,-0.30277091844945997,0.0,0.05474098205566236
2015-05-12,18.02,18.120001,17.68,17.92,17.92,122100,17.90111088888892,18.373333333333374,18.230599840000032,14.939949974999967,18.056068420410156,18.120001,0.7593103817530945,0.13606842041015454,0.0
2015-05-13,18.02,18.219999,17.77,18.120001,18.120001,157200,17.937777555555588,18.35761904761909,18.246799880000033,14.962649979999966,18.13077163696289,18.74,0.05944059806007823,0.010770636962892155,0.0
2015-05-14,18.23,18.76,18.23,18.74,18.74,241100,18.033333222222254,18.36095238095242,18.272999880000032,14.988449979999967,18.27837371826172,18.42,-2.4633206069278537,0.0,0.4616262817382797
2015-05-15,18.65,18.75,18.34,18.42,18.42,174200,18.0877776666667,18.351428523809563,18.291999900000032,15.012049979999967,18.371261596679688,18.66,-0.2645950234544745,-0.048738403320314205,0.0
2015-05-18,18.4,18.799999,17.91,18.66,18.66,314600,18.196666555555588,18.367142809523852,18.313599900000032,15.036749979999968,18.44430923461914,18.700001,-1.1558990642061067,-0.21569076538085952,0.0
2015-05-19,18.700001,18.76,18.459999,18.700001,18.700001,166500,18.30666677777781,18.366190523809564,18.33739992000003,15.062399984999967,18.578857421875,18.879999,-0.6478265863461735,-0.12114357812500032,0.0
2015-05-20,18.76,18.969999,18.43,18.879999,18.879999,254700,18.3966666666667,18.370952333333374,18.364799900000033,15.088049979999969,18.719684600830078,19.26,-0.849122921934071,-0.1603143991699234,0.0
2015-05-21,18.85,19.35,18.790001,19.26,19.26,400700,18.531111222222258,18.395238047619088,18.397599880000033,15.11334997999997,18.855594635009766,18.959999,-2.0997163291289507,0.0,0.40440536499023594
2015-05-22,19.17,19.370001,18.950001,18.959999,18.959999,193600,18.628888888888923,18.402857095238137,18.422399880000032,15.139099974999972,18.966413497924805,18.360001,0.03383174189410486,0.0,-0.006414497924804863
2015-05-26,18.82,18.82,18.280001,18.360001,18.360001,152800,18.677777888888922,18.384761904761945,18.431399900000034,15.16209997999997,18.95954132080078,18.76,3.265469979009156,0.5995403208007808,0.0
2015-05-27,18.34,18.870001,18.24,18.76,18.76,193000,18.74888888888892,18.38761900000004,18.445599920000035,15.187299979999972,18.920368194580078,18.67,0.8548411224950776,0.0,-0.16036819458007656
2015-05-28,18.66,18.91,18.559999,18.67,18.67,293900,18.741111111111145,18.3623808571429,18.453199900000033,15.211399979999975,18.91233253479004,18.67,1.297978225977704,0.0,0.0
2015-05-29,18.620001,18.84,18.389999,18.67,18.67,230900,18.768888888888924,18.348095190476233,18.452599880000033,15.236199979999974,18.836990356445312,18.66,0.8944314753364262,0.0,-0.1669903564453108
2015-06-01,18.790001,18.790001,18.280001,18.66,18.66,194100,18.768888888888924,18.389523714285755,18.457599880000032,15.260899979999975,18.74935531616211,18.719999,0.4788602152310248,0.08935531616210923,0.0
2015-06-02,18.530001,18.799999,18.530001,18.719999,18.719999,152800,18.77111088888892,18.429523714285757,18.46279988000003,15.285449974999974,18.759838104248047,18.809999,0.21281573918911792,0.03983910424804549,0.0
2015-06-03,18.709999,18.85,18.68,18.809999,18.809999,181900,18.763333111111145,18.47142842857147,18.47079986000003,15.309549969999976,18.799806594848633,18.530001,-0.05418610150573869,0.0,0.010192405151368433
2015-06-04,18.75,18.82,18.389999,18.530001,18.530001,98500,18.682222111111145,18.51190466666671,18.47539990000003,15.331399974999977,18.779184341430664,18.68,1.344756222250962,0.24918334143066545,0.0
2015-06-05,18.540001,18.790001,18.25,18.68,18.68,117400,18.651111111111145,18.558095190476234,18.49539990000003,15.353049974999976,18.761669158935547,18.49,0.4372010649654559,0.0,-0.08166915893554716
2015-06-08,18.629999,18.74,18.48,18.49,18.49,95400,18.66555544444448,18.578095190476233,18.507599920000033,15.374699974999976,18.750913619995117,18.52,1.411106652218057,0.26091361999511875,0.0
2015-06-09,18.42,18.610001,18.25,18.52,18.52,103200,18.63888877777781,18.600476190476233,18.52319992000003,15.395649974999976,18.70598793029785,18.75,1.0042544832497409,0.185987930297852,0.0
2015-06-10,18.639999,18.84,18.48,18.75,18.75,236900,18.647777666666702,18.632380952380995,18.531999940000034,15.418749974999976,18.709516525268555,18.700001,-0.215911865234375,0.0,0.04048347473144531
2015-06-11,18.76,18.809999,18.639999,18.700001,18.700001,144000,18.651111111111145,18.6695238571429,18.536799980000033,15.441599979999976,18.7366886138916,18.74,0.19619043812672118,0.036687613891601245,0.0
2015-06-12,18.690001,18.790001,18.48,18.74,18.74,73300,18.660000000000036,18.69904761904766,18.541599980000033,15.464899979999975,18.75238037109375,18.48,0.06606387990262308,0.0,-0.012380371093751563
2015-06-15,18.549999,18.549999,18.16,18.48,18.48,135100,18.633333444444478,18.686666666666707,18.532999980000035,15.487149979999975,18.711824417114258,18.629999,1.2544611315706566,0.2318244171142574,0.0
2015-06-16,18.51,18.75,18.450001,18.629999,18.629999,233200,18.61333344444448,18.696666619047658,18.534199960000034,15.511199974999975,18.73890495300293,18.77,0.5845730480335943,0.10890595300292816,0.0
2015-06-17,18.93,19.25,18.530001,18.77,18.77,403600,18.640000000000033,18.701904714285753,18.543399980000032,15.535249974999974,18.805797576904297,19.08,0.1907169787122925,0.0357975769042973,0.0
2015-06-18,18.809999,19.49,18.719999,19.08,19.08,591500,18.68444444444448,18.71999990476194,18.552999980000035,15.560999974999975,18.900068283081055,19.040001,-0.94303834863178,0.0,0.1799317169189436
2015-06-19,19.0,19.26,18.889999,19.040001,19.040001,630000,18.7455556666667,18.727619047619086,18.562600020000033,15.587099979999973,18.988943099975586,19.129999,-0.2681612255399264,-0.05105790002441424,0.0
2015-06-22,19.049999,19.26,18.889999,19.129999,19.129999,318800,18.813333333333365,18.721428523809564,18.568600000000032,15.614599974999974,19.093477249145508,19.530001,-0.19091350111672098,-0.03652175085449372,0.0
2015-06-23,19.17,19.639999,18.969999,19.530001,19.530001,282000,18.90000011111114,18.748571476190516,18.586000020000032,15.644349979999975,19.224180221557617,19.219999,-1.5659025232122692,0.0,0.3058207784423814
2015-06-24,19.41,19.52,19.139999,19.219999,19.219999,267300,18.9577776666667,18.789523761904803,18.601399980000032,15.674099974999974,19.3028507232666,19.08,0.43107038281635796,0.0,-0.08285172326660017
2015-06-25,19.42,19.440001,18.959999,19.08,19.08,230200,18.995555444444474,18.804761857142896,18.609599980000034,15.704599974999974,19.331905364990234,19.23,1.320258726363921,0.2519053649902361,0.0
2015-06-26,19.15,19.379999,19.059999,19.23,19.23,580300,19.078888777777806,18.831428523809564,18.621799960000036,15.735849974999974,19.385665893554688,18.99,0.8094950262854241,0.0,-0.15566589355468707
2015-06-29,19.030001,19.32,18.950001,18.99,18.99,186200,19.118888888888918,18.84666661904766,18.634999960000034,15.766299974999972,19.36176872253418,18.98,1.9577078595796802,0.0,-0.37176872253418125
2015-06-30,19.120001,19.219999,18.639999,18.98,18.98,275300,19.14222222222225,18.861904714285753,18.640199980000034,15.796849974999972,19.285850524902344,18.610001,1.6114358530155075,0.0,-0.3058505249023433
2015-07-01,19.18,19.299999,18.6,18.610001,18.610001,250500,19.09000011111114,18.85666671428575,18.636799980000035,15.826099979999972,19.199220657348633,18.200001,3.1661452213174646,0.0,-0.5892196573486324
2015-07-02,18.620001,18.719999,18.049999,18.200001,18.200001,245500,18.996666777777808,18.827619190476227,18.625800000000037,15.853449984999973,19.009660720825195,18.42,4.448679540320876,0.809659720825195,0.0
2015-07-06,18.02,18.48,18.01,18.42,18.42,224300,18.91777800000003,18.822381047619086,18.618200020000035,15.881899984999972,18.81606674194336,18.370001,2.1501994676620937,0.0,-0.39606674194335767
2015-07-07,18.389999,18.450001,18.040001,18.370001,18.370001,213600,18.788889111111143,18.807619190476228,18.610800040000036,15.908449989999973,18.665803909301758,18.09,1.610249826887649,0.0,-0.29580290930175934
2015-07-08,18.200001,18.299999,18.040001,18.09,18.09,231300,18.6633336666667,18.788571571428605,18.598600020000035,15.933899989999972,18.50774574279785,18.059999,2.3092633653833703,0.0,-0.4177457427978517
2015-07-09,18.34,18.379999,18.01,18.059999,18.059999,199300,18.550000222222252,18.766666761904798,18.575799980000035,15.961549984999971,18.376535415649414,18.280001,1.75269342844046,0.3165364156494128,0.0
2015-07-10,18.27,18.450001,18.059999,18.280001,18.280001,367600,18.444444777777807,18.744285857142895,18.56200002000003,15.99164998999997,18.367687225341797,18.23,0.4796839198301919,0.0,-0.08768622534179826
2015-07-13,18.280001,18.309999,18.059999,18.23,18.23,240000,18.36000033333336,18.721904857142896,18.570800000000034,16.021699989999973,18.36015510559082,18.4,0.7139610838772347,0.1301551055908199,0.0
2015-07-14,18.15,18.5,18.15,18.4,18.4,212800,18.29555588888892,18.70571438095242,18.581200020000033,16.053949989999975,18.359790802001953,18.18,-0.2185282499893775,0.0,0.040209197998045454
2015-07-15,18.43,18.49,18.110001,18.18,18.18,181400,18.24777800000003,18.691428666666702,18.58620002000003,16.085249989999973,18.38343620300293,18.23,1.1190110176178765,0.20343620300292997,0.0
2015-07-16,18.25,18.540001,18.209999,18.23,18.23,194900,18.251111222222253,18.672381095238133,18.597200020000034,16.117249989999973,18.401737213134766,18.02,0.9420582179636049,0.0,-0.1717372131347652
2015-07-17,18.309999,18.33,17.99,18.02,18.02,153800,18.206666777777812,18.63666680952385,18.603400040000032,16.148499989999973,18.3764705657959,17.719998999999994,1.9781940388229682,0.0,-0.35647056579589886
2015-07-20,18.0,18.0,17.610001,17.719998999999994,17.719998999999994,265200,18.134444333333366,18.571904857142894,18.596400020000033,16.17959998499997,18.289329528808594,17.610001,3.2129264161278996,0.0,-0.5693305288085995
2015-07-21,17.700001,17.860001,17.540001,17.610001,17.610001,183800,18.081111111111145,18.503809619047654,18.587600060000035,16.209399989999973,18.152368545532227,17.5,3.0798836725348626,0.0,-0.5423675455322261
2015-07-22,17.469998999999998,17.66,17.299999,17.5,17.5,106500,18.018889000000033,18.426190619047656,18.576000060000034,16.240199989999972,17.97753143310547,17.450001,2.7287510463169644,0.0,-0.47753143310546875
2015-07-23,17.52,17.75,17.370001000000002,17.450001,17.450001,136600,17.92666677777781,18.32714300000004,18.566600080000036,16.27129999499997,17.82640838623047,17.18,2.157062261661008,0.0,-0.37640738623046843
2015-07-24,17.43,17.52,17.15,17.18,17.18,164500,17.810000111111144,18.23000019047623,18.547800060000032,16.30199999499997,17.662220001220703,16.889999,2.8068684587933843,0.0,-0.4822200012207034
2015-07-27,17.07,17.18,16.82,16.889999,16.889999,214100,17.642222222222255,18.125714428571467,18.510800040000035,16.331699989999972,17.493810653686523,17.07,3.574965597609117,0.6038116536865239,0.0
2015-07-28,17.059998999999998,17.190001000000002,16.719998999999998,17.07,17.07,124200,17.51888888888892,18.022857285714323,18.483800040000034,16.358099989999975,17.359052658081055,17.049999,1.6933371885240447,0.0,-0.2890526580810544
2015-07-29,16.99,17.18,16.799999,17.049999,17.049999,200500,17.387777666666697,17.930476285714324,18.451600020000036,16.385049984999974,17.26792335510254,17.459999,1.2781487852435613,0.21792435510253938,0.0
2015-07-30,16.940001000000002,17.530001000000002,16.889999,17.459999,17.459999,193900,17.325555333333362,17.858095285714324,18.426799980000034,16.412849979999972,17.222551345825195,17.0,-1.359952278203478,0.0,0.2374476541748045
2015-07-31,17.48,17.5,16.99,17.0,17.0,265200,17.245555444444474,17.78142857142861,18.389200000000034,16.437449979999975,17.222644805908203,16.9,1.309675328871783,0.0,-0.22264480590820312
2015-08-03,17.0,17.110001,16.83,16.9,16.9,374300,17.166666444444473,17.7195237619048,18.342000000000034,16.461799979999974,17.21784019470215,17.030001000000002,1.8807112112553248,0.31784019470214986,0.0
2015-08-04,17.49,17.49,16.76,17.030001000000002,17.030001000000002,679900,17.114444333333363,17.65333333333337,18.30340004000003,16.484899984999974,17.27389907836914,18.690001,1.4321671406193015,0.24389807836913846,0.0
2015-08-05,17.23,18.74,17.0,18.690001,18.690001,552300,17.25222211111114,17.668571428571465,18.310000040000034,16.517349989999975,17.485977172851562,18.129999,-6.442074706943228,0.0,1.2040238271484363
2015-08-06,18.700001,18.709999,18.01,18.129999,18.129999,252500,17.357777555555586,17.67047614285718,18.297400020000033,16.54689998499998,17.725692749023438,18.15,-2.230040117357778,-0.40430625097656403,0.0
2015-08-07,17.98,18.25,17.969998999999994,18.15,18.15,248500,17.497777666666696,17.67476190476194,18.287000020000036,16.576299984999977,17.87790298461914,17.99,-1.4991571095364076,0.0,0.27209701538085795
2015-08-10,18.110001,18.219999,17.83,17.99,17.99,170100,17.59999988888892,17.66095233333337,18.273400020000036,16.605999984999976,18.054569244384766,18.049999,0.35891742292811113,0.06456924438476719,0.0
2015-08-11,17.879998999999994,18.110001,17.76,18.049999,18.049999,192100,17.71111100000003,17.652380857142894,18.261200000000034,16.634749979999974,18.188236236572266,17.969998999999994,0.765857308758111,0.0,-0.13823723657226594
2015-08-12,17.91,18.200001,17.74,17.969998999999994,17.969998999999994,127700,17.767777666666696,17.631904619047656,18.246200000000034,16.662749974999976,18.186758041381836,17.719998999999994,1.2062273424825551,0.0,-0.21675904138184166
2015-08-13,18.0,18.110001,17.690001000000006,17.719998999999994,17.719998999999994,82100,17.847777555555584,17.609999809523845,18.22440000000004,16.689399969999975,18.08859634399414,17.84,2.080120568822529,0.36859734399414634,0.0
2015-08-14,17.620001000000006,17.92,17.530001000000002,17.84,17.84,129000,17.952222000000027,17.591428380952415,18.210599980000037,16.711449969999975,18.01520538330078,17.9,0.9820929557218688,0.1752053833007814,0.0
2015-08-17,17.700001,17.98,17.32,17.9,17.9,273800,18.048888555555585,17.585714095238128,18.194999980000038,16.736249969999974,17.96341323852539,17.719998999999994,0.3542639023764919,0.0,-0.06341323852539205
2015-08-18,17.870001000000006,17.92,17.5,17.719998999999994,17.719998999999994,225600,17.941110555555586,17.585714095238128,18.17959996000004,16.760349964999975,17.929590225219727,17.790001,1.1827947914654642,0.20959122521973228,0.0
2015-08-19,17.620001000000006,17.969998999999994,17.27,17.790001,17.790001,218300,17.90333300000003,17.594285523809557,18.16499998000004,16.781849969999975,17.87232780456543,17.82,0.4627700952092668,0.08232680456542951,0.0
2015-08-20,17.52,17.99,17.23,17.82,17.82,305800,17.86666633333336,17.609523619047653,18.14639998000004,16.804999969999976,17.829763412475586,17.629998999999994,0.05478907113123262,0.0,-0.009763412475585653
2015-08-21,17.34,18.040001,17.34,17.629998999999994,17.629998999999994,334500,17.826666222222247,17.618094952380986,18.124999940000038,16.827199964999974,17.80156707763672,16.690001000000002,0.9731598829740398,0.0,-0.17156807763672433
2015-08-24,16.52,17.35,16.25,16.690001000000002,16.690001000000002,333500,17.675555333333357,17.5947616666667,18.08399996000004,16.843849969999972,17.57118797302246,16.620001000000002,5.279729899491669,0.0,-0.8811869730224586
2015-08-25,17.280001000000002,17.290001,16.610001,16.620001000000002,16.620001000000002,244700,17.52555555555558,17.581904619047652,18.04679998000004,16.860449974999973,17.4031982421875,16.959999,4.7123778283015625,0.783197242187498,0.0
2015-08-26,17.02,17.08,16.75,16.959999,16.959999,216200,17.441111111111137,17.57666647619051,18.01339998000004,16.878549969999973,17.260404586791992,16.77,1.771259460522329,0.0,-0.30040558679199236
2015-08-27,17.1,17.1,15.82,16.77,16.77,1106500,17.322222222222248,17.56333319047622,17.97339998000004,16.896299969999976,17.123388290405273,16.889999,2.1072647012836843,0.35338829040527386,0.0
2015-08-28,16.690001000000002,17.15,16.690001000000002,16.889999,16.889999,262100,17.209999888888913,17.536190333333366,17.92959996000004,16.914149964999975,16.971866607666016,16.889999,0.4847105536596899,0.0,0.0
2015-08-31,16.860001,17.0,16.629998999999998,16.889999,16.889999,286200,17.11777766666669,17.53095219047622,17.88659992000004,16.931549959999973,16.982248306274414,16.459999,0.5461770973131173,0.0,-0.09224930627441452
2015-09-01,16.559998999999998,16.799999,16.370001000000002,16.459999,16.459999,255200,16.96999966666669,17.509999761904794,17.83319992000004,16.947699954999976,16.881431579589844,16.52,2.560343895463444,0.4214325795898439,0.0
2015-09-02,16.549999,16.57,16.18,16.52,16.52,261300,16.82555522222225,17.48571400000003,17.77299990000004,16.964249954999975,16.760419845581055,16.559998999999998,1.4553259417739413,0.2404198455810551,0.0
2015-09-03,16.59,16.870001000000002,16.33,16.559998999999998,16.559998999999998,190900,16.70666633333336,17.384285333333363,17.71979990000004,16.982299949999977,16.76081085205078,16.52,1.212632030054975,0.0,-0.20081185205078356
2015-09-04,16.280001000000002,16.799999,16.120001000000002,16.52,16.52,265300,16.68777733333336,17.307618714285745,17.66859990000004,16.999699949999975,16.67836570739746,16.860001,0.9586301900572722,0.15836570739746136,0.0
2015-09-08,16.68,17.07,16.639999,16.860001,16.860001,156800,16.71444400000003,17.24619019047622,17.621199920000038,17.018899954999977,16.68784523010254,16.629998999999998,-1.0210899151041652,0.0,0.1721557698974614
2015-09-09,16.85,17.049999,16.57,16.629998999999998,16.629998999999998,228100,16.677777333333363,17.18142823809527,17.573999900000036,17.035599949999977,16.740272521972656,16.6,0.6630999916034769,0.0,-0.11027352197265827
2015-09-10,16.59,16.9,16.49,16.6,16.6,132400,16.65888844444447,17.1123806666667,17.526399900000037,17.051249949999978,16.76911735534668,16.6,1.018779249076375,0.0,0.0
2015-09-11,16.41,16.68,16.299999,16.6,16.6,147000,16.62666633333336,17.04714261904765,17.486199880000036,17.065999949999977,16.7404727935791,16.48,0.8462216480668682,0.0,-0.14047279357910014
2015-09-14,16.639999,16.65,16.389999,16.48,16.48,113000,16.581110888888915,16.988095047619083,17.451799860000037,17.07999994999998,16.752023696899414,16.67,1.6506292287585778,0.27202369689941364,0.0
2015-09-15,16.530001000000002,16.76,16.35,16.67,16.67,192600,16.604444333333362,16.9323807619048,17.416799860000037,17.09624994999998,16.711889266967773,16.76,0.2512853447376828,0.04188926696777173,0.0
2015-09-16,16.74,16.84,16.559998999999998,16.76,16.76,142300,16.631111000000026,16.878095047619087,17.384599840000035,17.11369994999998,16.714941024780273,16.870001000000002,-0.26884830083370004,-0.045058975219728126,0.0
2015-09-17,16.76,17.07,16.65,16.870001000000002,16.870001000000002,164400,16.66555566666669,16.837618952380993,17.360199860000037,17.131349954999976,16.762392044067383,16.629998999999998,-0.6378716630343958,0.0,0.10760895593261921
2015-09-18,16.629998999999998,16.93,16.450001,16.629998999999998,16.629998999999998,333800,16.677777777777802,16.7823807619048,17.331599860000036,17.146599949999977,16.798641204833984,16.42,1.014084275254535,0.0,-0.1686422048339864
2015-09-21,16.77,16.77,16.34,16.42,16.42,230600,16.6288887777778,16.715714095238134,17.294399840000036,17.160599949999977,16.794095993041992,16.1,2.2782947201095642,0.0,-0.3740959930419905
2015-09-22,16.27,16.309998999999998,16.07,16.1,16.1,135200,16.57000000000002,16.642857000000042,17.251799840000036,17.17339994999998,16.6895809173584,15.62,3.661993275517993,0.0,-0.589580917358397
2015-09-23,15.96,16.0,15.41,15.62,15.62,243800,16.461111111111133,16.591904571428614,17.196199840000038,17.182099949999976,16.472253799438477,15.34,5.456170290899343,0.0,-0.8522537994384773
2015-09-24,15.5,15.5,15.04,15.34,15.34,469400,16.321111111111136,16.53095214285718,17.13939984000004,17.18934994999998,16.170635223388672,15.78,5.414831964724068,0.830635223388672,0.0
2015-09-25,15.44,15.84,15.19,15.78,15.78,364400,16.243333333333357,16.474761714285755,17.09039984000004,17.196049949999978,15.96822452545166,15.699999999999998,1.192804343800132,0.0,-0.1882245254516608
2015-09-28,15.68,15.91,15.5,15.7,15.7,244900,16.135555555555577,16.423809333333374,17.04399984000004,17.205749949999976,15.81291389465332,15.87,0.7191967812313441,0.11291389465332102,0.0
2015-09-29,15.71,16.0,15.71,15.87,15.87,200000,16.03666666666669,16.375237952380992,17.00699986000004,17.217099949999977,15.751041412353516,16.08,-0.7495815226621525,-0.1189585876464836,0.0
2015-09-30,16.01,16.200001,15.84,16.08,16.08,196200,15.9488887777778,16.336666571428612,16.97639984000004,17.230899949999976,15.816618919372559,15.970000000000002,-1.6379420437029835,0.0,0.2633810806274397
2015-10-01,16.049999,16.17,15.88,15.97,15.97,196400,15.875555555555577,16.31333328571433,16.945799840000042,17.244399949999973,15.950838088989258,16.27,-0.11998691929081294,-0.019161911010742827,0.0
2015-10-02,15.84,16.280001000000002,15.69,16.27,16.27,142600,15.85888888888891,16.301428523809566,16.92219982000004,17.259099949999975,16.03663444519043,16.719998999999998,-1.4343303921915789,-0.2333655548095699,0.0
2015-10-05,16.370001000000002,16.75,16.370001000000002,16.719998999999998,16.719998999999998,231300,15.927777666666689,16.309047571428614,16.91299980000004,17.273449944999975,16.226430892944336,16.559998999999998,-2.9519625393258813,0.0,0.4935681070556619
2015-10-06,16.68,16.959999,16.51,16.559998999999998,16.559998999999998,107700,16.032222000000022,16.31095228571433,16.90639980000004,17.286849939999975,16.398714065551758,16.809998999999998,-0.9739428996839908,-0.16128493444823988,0.0
2015-10-07,16.690001000000002,16.879998999999998,16.549999,16.809998999999998,16.809998999999998,225300,16.195555222222243,16.30857123809528,16.901199780000038,17.303949934999977,16.545684814453125,16.709999,-1.5723628867965591,0.0,0.2643141855468727
2015-10-08,16.76,16.870001000000002,16.530001000000002,16.709999,16.709999,159400,16.29888844444447,16.3123807619048,16.89439978000004,17.319599929999978,16.67711067199707,16.75,-0.1968182523705089,-0.03288832800292951,0.0
2015-10-09,16.790001,16.889999,16.68,16.75,16.75,102900,16.415555111111136,16.319523619047658,16.88019980000004,17.334749929999976,16.808195114135742,16.870001000000002,0.34743351722831156,0.05819511413574219,0.0
2015-10-12,16.780001000000002,16.93,16.57,16.870001000000002,16.870001000000002,95800,16.526666333333356,16.332380809523848,16.87759982000004,17.34924993499998,16.850488662719727,16.450001,-0.11566292900797966,0.0,0.01951233728027546
2015-10-13,16.82,16.93,16.43,16.450001,16.450001,89300,16.567777555555583,16.330952285714325,16.86859984000004,17.361099939999978,16.835439682006836,16.450001,2.343092149397654,0.0,0.0
2015-10-14,16.459999,16.780001000000002,16.32,16.450001,16.450001,91900,16.621111000000028,16.320476142857178,16.856999840000043,17.37344994499998,16.783222198486328,17.200001,2.0256606579314362,0.3332211984863278,0.0
2015-10-15,16.49,17.209999,16.34,17.200001,17.200001,285100,16.724444444444472,16.341428571428608,16.82719984000004,17.39049994999998,16.82489776611328,16.639999,-2.1808326283627486,0.0,0.37510323388671907
2015-10-16,17.139999,17.139999,16.459999,16.639999,16.639999,169400,16.715555555555582,16.33047609523813,16.79739984000004,17.40544994499998,16.844470977783203,16.860001,1.22879801725471,0.20447197778320358,0.0
2015-10-19,16.6,16.879998999999998,16.52,16.860001,16.860001,115900,16.748889111111136,16.341428571428608,16.77159986000004,17.42204994999998,16.826135635375977,17.18,-0.2008621744685774,-0.0338653646240239,0.0
2015-10-20,16.82,17.200001,16.690001000000002,17.18,17.18,179800,16.79000033333336,16.377619047619085,16.75539986000004,17.441549949999978,16.897062301635742,16.799999,-1.6469016202808935,0.0,0.28293769836425753
2015-10-21,17.25,17.25,16.73,16.799999,16.799999,140300,16.800000333333358,16.41095233333337,16.73039986000004,17.460799944999977,16.988689422607422,17.27,1.123157344279736,0.1886904226074222,0.0
2015-10-22,16.809998999999998,17.440001000000002,16.559998999999998,17.27,17.27,208200,16.857778111111138,16.489523761904795,16.71639988000004,17.48239994499998,17.036882400512695,17.65,-1.3498413404012986,-0.23311759948730426,0.0
2015-10-23,17.299999,17.719998999999994,16.940001000000002,17.65,17.65,172600,16.944444666666694,16.599523761904795,16.714999900000038,17.50524994499998,17.16484260559082,17.059998999999998,-2.7487671071341544,0.0,0.48515739440917827
2015-10-26,17.57,17.57,17.030001000000002,17.059998999999998,17.059998999999998,271900,17.01222222222225,16.66047609523813,16.699399880000037,17.52514993999998,17.28044891357422,17.77,1.292203555077706,0.22044991357422106,0.0
2015-10-27,17.51,18.360001,16.83,17.77,17.77,377400,17.158888777777804,16.75904752380956,16.696799880000036,17.54909993999998,17.424312591552734,18.49,-1.945342759973355,-0.3456874084472652,0.0
2015-10-28,18.110001,18.51,17.91,18.49,18.49,324100,17.30222200000003,16.883809428571464,16.712199900000037,17.575999939999978,17.69786262512207,18.040001,-4.284139399015296,0.0,0.7921373748779281
2015-10-29,18.32,18.35,17.879998999999994,18.040001,18.040001,182000,17.457777777777807,16.977142809523848,16.717199900000036,17.602849944999978,17.90839958190918,18.120001,-0.7294978425490137,-0.1316014180908205,0.0
2015-10-30,18.120001,18.27,17.92,18.120001,18.120001,215000,17.597777777777807,17.079523809523845,16.723199920000035,17.628449949999975,18.034082412719727,18.299999,-0.47416436279596186,-0.08591858728027191,0.0
2015-11-02,18.1,18.389999,17.969998999999994,18.299999,18.299999,179900,17.722222111111137,17.176190428571466,16.736599920000035,17.652149944999977,18.19511604309082,18.15,-0.5731309433906492,0.0,0.10488295690917937
2015-11-03,18.23,18.309999,18.049999,18.15,18.15,179800,17.87222222222225,17.244285714285752,16.765799900000033,17.673999944999977,18.297014236450195,18.110001,0.8099957931140317,0.0,-0.14701423645019673
2015-11-04,18.24,18.309999,17.98,18.110001,18.110001,122300,17.965555666666695,17.31809533333337,16.795599900000035,17.695799949999977,18.277742385864258,18.35,0.9262362043174783,0.16774138586425735,0.0
2015-11-05,18.15,18.360001,17.92,18.35,18.35,145400,18.04333344444447,17.39142871428575,16.823399920000032,17.718099949999974,18.288341522216797,18.73,-0.3360135029057468,-0.061658477783204546,0.0
2015-11-06,18.209999,18.75,18.209999,18.73,18.73,140900,18.228889111111137,17.487619238095277,16.862599920000033,17.742449949999976,18.372961044311523,18.49,-1.9062410874985423,0.0,0.357038955688477
2015-11-09,18.700001,18.719999,18.379999,18.49,18.49,122300,18.308889111111135,17.57047638095242,16.894599940000035,17.765099949999975,18.455284118652344,18.43,-0.1877549018261476,0.0,0.03471588134765469
2015-11-10,18.49,18.5,18.219999,18.43,18.43,119200,18.302222444444467,17.64476204761909,16.925399960000036,17.776699944999972,18.495771408081055,18.450001,0.35687144916470415,0.06577140808105497,0.0
2015-11-11,18.469999,18.77,18.370001,18.450001,18.450001,144600,18.347778000000027,17.740000142857184,16.965200000000035,17.785299949999974,18.564041137695312,18.51,0.6181036938443103,0.11404013769531218,0.0
2015-11-12,18.309999,18.639999,18.129999,18.51,18.51,219200,18.39111122222225,17.838095333333374,17.005000000000035,17.790399949999976,18.600200653076172,18.35,0.4873076881478677,0.0,-0.09020065307617031
2015-11-13,18.370001,18.48,18.030001,18.35,18.35,183700,18.396666888888912,17.892857190476235,17.040800020000034,17.796199944999977,18.560270309448242,18.379999,1.1458872449495408,0.21027030944824077,0.0
2015-11-16,18.33,18.48,18.18,18.379999,18.379999,182300,18.422222333333355,17.97571433333338,17.078000000000035,17.800599939999977,18.517702102661133,18.32,0.7492008169376465,0.0,-0.13770310266113128
2015-11-17,18.41,18.540001,17.48,18.32,18.32,206900,18.445555555555575,18.045238095238137,17.107199980000036,17.80484994499998,18.466243743896484,18.690001,0.7982737112253498,0.1462437438964841,0.0
2015-11-18,18.41,18.83,18.200001,18.690001,18.690001,247800,18.483333444444465,18.11714290476195,17.14840002000004,17.810449949999978,18.484867095947266,18.68,-1.0975596205304279,0.0,0.20513390405273313
2015-11-19,18.700001,18.879999,18.43,18.68,18.68,120000,18.477777888888912,18.206666761904803,17.190000020000035,17.818849949999976,18.545429229736328,18.780001,-0.720400269077471,-0.1345707702636716,0.0
2015-11-20,18.700001,18.889999,18.68,18.780001,18.780001,111100,18.510000222222246,18.278571571428614,17.233600040000034,17.827299954999976,18.638668060302734,18.639999,-0.7525715238101651,0.0,0.14133293969726424
2015-11-23,18.780001,18.780001,18.530001,18.639999,18.639999,176200,18.533333444444466,18.325714380952427,17.276800020000035,17.835199954999975,18.704742431640625,18.32,0.34733602528962293,0.0,-0.06474343164062546
2015-11-24,18.59,18.67,18.290001,18.32,18.32,304600,18.51888888888891,18.38571442857147,17.309800020000036,17.841499959999975,18.752033233642578,18.51,2.358260008966036,0.43203323364257784,0.0
2015-11-25,18.35,18.620001,18.25,18.51,18.51,219900,18.51888888888891,18.420952523809568,17.344800020000037,17.848449954999978,18.725954055786133,18.74,1.1666885779909846,0.21595405578613125,0.0
2015-11-27,18.51,18.799999,18.51,18.74,18.74,66500,18.562222222222246,18.43285728571433,17.382200000000037,17.855599959999978,18.7160587310791,18.620001,-0.12775490352666422,0.0,0.023941268920896874
2015-11-30,18.799999,18.82,18.51,18.620001,18.620001,319500,18.588889111111133,18.46047633333338,17.422000040000036,17.861699964999975,18.71657371520996,18.92,0.5186504297715262,0.09657271520996247,0.0
2015-12-01,18.620001,18.93,18.459999,18.92,18.92,180800,18.6555557777778,18.498571523809566,17.472000040000037,17.870599969999976,18.73036766052246,19.15,-1.0022850923760083,-0.18963233947754077,0.0
2015-12-02,18.879999,19.360001,18.73,19.15,19.15,353600,18.7066667777778,18.539047761904804,17.533000040000037,17.879499964999976,18.865703582763672,18.75,-1.4845765913124112,0.0,0.2842964172363267
2015-12-03,19.27,19.27,18.73,18.75,18.75,162800,18.714444555555577,18.567619190476233,17.595600040000036,17.886849959999978,18.969894409179688,19.120001,1.1727701822916667,0.2198944091796875,0.0
2015-12-04,18.790001,19.200001,18.76,19.120001,19.120001,197400,18.752222333333357,18.615714428571472,17.671200060000036,17.894749959999977,19.022336959838867,18.75,-0.5107951624120276,0.0,0.09766404016113128
2015-12-07,19.07,19.27,18.719999,18.75,18.75,140200,18.76444466666669,18.63476204761909,17.730600060000036,17.900249959999975,19.067167282104492,18.57,1.691558837890625,0.0,-0.3171672821044922
2015-12-08,18.66,18.74,18.370001,18.57,18.57,138100,18.79222244444447,18.62714300000004,17.788000060000037,17.905899954999978,19.011934280395508,17.879998999999994,2.3798291889903473,0.0,-0.44193428039550753
2015-12-09,18.51,18.6,17.84,17.879998999999994,17.879998999999994,240300,18.72222233333336,18.598095333333372,17.828200040000034,17.908299949999975,18.837080001831055,18.030001,5.352802323037381,0.9570810018310603,0.0
2015-12-10,17.84,18.18,17.780001000000006,18.030001,18.030001,150100,18.64333355555558,18.5790477619048,17.867200060000034,17.909949949999977,18.616174697875977,17.969998999999994,3.251101860038599,0.0,-0.586173697875978
2015-12-11,17.709999,18.48,17.68,17.969998999999994,17.969998999999994,187400,18.571111111111136,18.556190523809562,17.907200040000035,17.912349944999974,18.420373916625977,17.93,2.5062601095636254,0.0,-0.4503749166259823
2015-12-14,17.98,18.25,17.83,17.93,17.93,213800,18.461111111111133,18.528571476190514,17.940400040000032,17.914949944999975,18.24920654296875,18.190001,1.7802930450013958,0.3192065429687503,0.0
2015-12-15,18.030001,18.299999,17.84,18.190001,18.190001,205900,18.354444555555578,18.520952476190512,17.969800080000034,17.919349954999976,18.166906356811523,18.530001,-0.12696339702496617,-0.023094643188475317,0.0
2015-12-16,18.26,18.59,18.120001,18.530001,18.530001,180900,18.330000222222242,18.52809542857147,18.009200120000035,17.924849959999975,18.22160530090332,18.77,-1.6643048162635194,-0.3083956990966783,0.0
2015-12-17,18.620001,18.84,18.33,18.77,18.77,234100,18.291111222222245,18.549524000000037,18.048400140000034,17.931349964999978,18.370569229125977,18.67,-2.1280275486096056,0.0,0.399430770874023
2015-12-18,18.719999,18.85,18.16,18.67,18.67,1378600,18.282222333333355,18.54857157142861,18.087600160000033,17.936799964999977,18.56537628173828,18.639999,-0.5603841363777207,0.0,0.10462371826172046
2015-12-21,18.75,18.9,18.43,18.639999,18.639999,185500,18.29000000000002,18.5466667619048,18.125400140000032,17.942449959999976,18.661457061767578,18.860001,0.11511836329808056,0.021458061767578585,0.0
2015-12-22,18.639999,18.950001,18.459999,18.860001,18.860001,130900,18.39888911111113,18.550476285714325,18.165200140000035,17.949199964999977,18.751205444335938,18.790001,-0.576858695097964,0.0,0.10879555566406296
2015-12-23,18.940001,19.0,18.629999,18.790001,18.790001,167700,18.483333555555575,18.55761923809528,18.212000140000033,17.955049964999972,18.818119049072266,18.879999,0.14964368055257396,0.02811804907226545,0.0
2015-12-24,18.799999,19.01,18.790001,18.879999,18.879999,111300,18.584444666666688,18.5842858571429,18.26060010000003,17.960849964999976,18.84096336364746,18.709999,-0.2067565594285285,0.0,0.03903563635254059
2015-12-28,18.809999,18.99,18.549999,18.709999,18.709999,147600,18.671111222222244,18.59380961904766,18.29080006000003,17.964849959999977,18.903406143188477,19.049999,1.0337100669458974,0.19340714318847674,0.0
2015-12-29,18.809999,19.110001,18.77,19.049999,19.049999,221400,18.766666555555577,18.60857147619052,18.339000060000032,17.969849959999976,18.963882446289062,19.129999,-0.4520554237873566,-0.08611655371093718,0.0
2015-12-30,19.01,19.459999,18.950001,19.129999,19.129999,229900,18.833333000000025,18.632857095238137,18.38440002000003,17.97404994999998,19.055255889892578,18.559999,-0.3907115212469347,0.0,0.0747431101074234
2015-12-31,19.129999,19.18,18.530001,18.559999,18.559999,244600,18.809999555555578,18.615714190476233,18.41200000000003,17.973349939999977,19.052507400512695,17.68,2.653601438840024,0.0,-0.49250840051269407
2016-01-04,18.290001,18.33,17.67,17.68,17.68,323600,18.69999955555558,18.545714190476232,18.42960002000003,17.969699939999977,18.843158721923828,17.700001,6.578952047080477,1.1631587219238284,0.0
2016-01-05,17.76,17.879998999999994,17.59,17.700001,17.700001,252200,18.595555333333355,18.49571423809528,18.43820004000003,17.96589994999998,18.605619430541992,17.33,5.116488019079727,0.0,-0.9056184305419919
2016-01-06,17.51,17.870001000000006,17.33,17.33,17.33,513900,18.42555522222224,18.410476095238135,18.43180004000003,17.960499949999978,18.32457160949707,16.99,5.7390167887886445,0.0,-0.994571609497072
2016-01-07,17.09,17.34,16.870001000000002,16.99,16.99,431200,18.22555511111113,18.326666571428614,18.430400060000032,17.953949954999977,17.91490364074707,16.42,5.443811893743802,0.0,-0.9249036407470719
2016-01-08,16.98,17.49,16.41,16.42,16.42,461800,17.952221888888907,18.224285619047663,18.403400060000035,17.947649954999978,17.52106285095215,16.57,6.705620285944863,1.1010628509521467,0.0
2016-01-11,16.51,16.809998999999998,16.43,16.57,16.57,267000,17.71444422222224,18.161904714285757,18.365000060000035,17.94109995999998,17.228797912597656,16.74,3.9758473904505487,0.658797912597656,0.0
2016-01-12,16.719998999999998,16.9,16.450001,16.74,16.74,277200,17.457777666666686,18.10047609523814,18.339000040000034,17.936099959999982,17.024250030517578,16.66,1.698028856138469,0.0,-0.2842500305175797
2016-01-13,16.85,16.9,16.540001,16.66,16.66,410900,17.18333333333335,18.038095190476238,18.309800020000033,17.92784996499998,16.89549446105957,16.790001,1.4135321792291127,0.23549446105957017,0.0
2016-01-14,16.780001000000002,17.17,16.610001,16.790001,16.790001,269800,16.986666888888905,17.983809523809573,18.279600060000035,17.91949997499998,16.858327865600586,16.49,0.40694974110237253,0.0,-0.06832686560058576
2016-01-15,16.35,16.629998999999998,16.09,16.49,16.49,389800,16.854444666666684,17.902857095238144,18.246400060000035,17.909449974999976,16.772510528564453,16.57,1.7132233387777727,0.2825105285644547,0.0
2016-01-19,16.68,16.85,16.24,16.57,16.57,390300,16.72888900000002,17.809523714285763,18.215600040000037,17.89774997499998,16.77027702331543,16.889999,1.2086724400448363,0.2002770233154294,0.0
2016-01-20,16.5,17.049999,16.360001,16.889999,16.889999,353200,16.68000000000002,17.719999857142906,18.186400020000036,17.889349969999977,16.77335548400879,16.540001,-0.6906070035362967,0.0,0.11664351599121048
2016-01-21,16.9,16.91,16.41,16.540001,16.540001,320900,16.63000011111113,17.61857133333338,18.142600040000033,17.88049997999998,16.768505096435547,16.860001,1.3815240787201084,0.2285040964355467,0.0
2016-01-22,16.940001000000002,16.99,16.65,16.860001,16.860001,424500,16.678889111111133,17.533809523809573,18.110000060000033,17.871799984999978,16.786142349243164,17.0,-0.43807026320364034,-0.0738586507568364,0.0
2016-01-25,16.940001000000002,17.120001000000002,16.709999,17.0,17.0,396100,16.72666688888891,17.445238047619096,18.081400060000036,17.86399998999998,16.896728515625,19.530001,-0.6074793198529412,-0.103271484375,0.0
2016-01-26,17.780001000000006,19.76,17.299999,19.530001,19.530001,1122500,17.03666700000002,17.480476142857192,18.103000060000035,17.867499994999978,17.403779983520508,19.49,-10.88694781162321,0.0,2.126221016479491
2016-01-27,19.82,20.25,19.370001,19.49,19.49,845800,17.351111444444467,17.50952380952386,18.122600060000035,17.871649994999977,18.075515747070312,19.790001,-7.2574871879409235,-1.414484252929686,0.0
2016-01-28,19.530001,19.84,19.5,19.790001,19.790001,529200,17.6844447777778,17.560952476190526,18.151400080000034,17.878349994999976,18.653820037841797,20.799999,-5.741186987096177,-1.1361809621582033,0.0
2016-01-29,19.790001,20.799999,19.790001,20.799999,20.799999,930900,18.163333555555578,17.644285809523858,18.19980008000003,17.888999989999974,19.341808319091797,20.5,-7.010532456795805,0.0,1.4581906809082028
2016-02-01,20.799999,20.969999,20.360001,20.5,20.5,600400,18.600000222222246,17.709523952381,18.24340008000003,17.898399984999976,20.023061752319336,20.49,-2.326528037466654,0.0,0.47693824768066406
2016-02-02,20.440001,20.799999,20.25,20.49,20.49,372000,19.000000333333357,17.801428761904813,18.27940006000003,17.909199984999976,20.35686683654785,20.360001,-0.6497470153838306,0.0,0.13313316345214687
2016-02-03,20.75,20.790001,20.07,20.360001,20.360001,386300,19.424444777777804,17.92904785714291,18.31300008000003,17.917399994999975,20.49134635925293,20.35,0.6451146994193626,0.0,-0.13134535925292923
2016-02-04,20.280001,20.52,20.219999,20.35,20.35,381900,19.81222244444447,18.05523828571434,18.344400060000034,17.925249989999976,20.590105056762695,20.120001,1.1798774288093066,0.0,-0.2401050567626939
2016-02-05,20.16,20.58,20.040001,20.120001,20.120001,483200,20.158889222222246,18.18809547619053,18.374000100000032,17.932099994999973,20.576702117919922,19.969999,2.2698861591504067,0.0,-0.4567011179199234
2016-02-08,19.879999,20.120001,19.709999,19.969999,19.969999,328200,20.207777888888913,18.33000019047624,18.40700008000003,17.937949994999975,20.423904418945312,20.0,2.272936613293326,0.4539054189453111,0.0
2016-02-09,19.66,20.25,19.66,20.0,20.0,364000,20.26444455555558,18.50047638095243,18.436800080000033,17.944249994999975,20.300519943237305,19.76,1.5025997161865234,0.0,-0.3005199432373047
2016-02-10,20.18,20.370001,19.74,19.76,19.76,281200,20.261111111111134,18.652381142857195,18.45720008000003,17.949549989999976,20.209375381469727,19.57,2.2741669102718873,0.0,-0.449375381469725
2016-02-11,19.32,19.700001,19.02,19.57,19.57,459500,20.12444455555558,18.787143047619097,18.476200060000032,17.951399984999977,20.016395568847656,19.91,2.2810197692777514,0.44639556884765597,0.0
2016-02-12,19.709999,19.99,19.540001,19.91,19.91,265300,20.058889000000026,18.941904952381,18.496000060000032,17.956099989999974,19.938161849975586,20.15,0.1414457557789342,0.028161849975585795,0.0
2016-02-16,19.99,20.280001,19.82,20.15,20.15,295200,20.021111222222245,19.101904904761952,18.51600006000003,17.967899984999978,19.979204177856445,20.379999,-0.8476219461218525,-0.17079582214355327,0.0
2016-02-17,20.24,20.41,19.940001,20.379999,20.379999,337100,20.023333222222245,19.287142952381,18.548600040000032,17.980399984999977,20.064897537231445,20.469999,-1.5461309039738236,-0.3151014627685562,0.0
2016-02-18,20.360001,20.82,20.27,20.469999,20.469999,413000,20.036666444444467,19.47285719047624,18.575600000000033,17.99309997999998,20.181703567504883,21.139999,-1.4083802959400171,-0.2882954324951186,0.0
2016-02-19,20.43,21.15,20.32,21.139999,21.139999,459100,20.149999555555578,19.675238142857193,18.623399980000034,18.01039997499998,20.46479606628418,20.98,-3.1939591563642926,0.0,0.6752029337158199
2016-02-22,21.26,21.309999,20.77,20.98,20.98,562600,20.26222188888891,19.886666666666716,18.671599980000032,18.02674997999998,20.73432159423828,21.610001,-1.171012420217918,-0.24567840576171918,0.0
2016-02-23,20.959999,22.0,20.959999,21.610001,21.610001,767700,20.44111088888891,20.11285714285719,18.746200020000032,18.04444998499998,21.020998001098633,21.610001,-2.7256037558784363,0.0,0.0
2016-02-24,21.35,21.639999,21.01,21.610001,21.610001,288300,20.64666655555558,20.332381000000048,18.817800020000035,18.06224999499998,21.224071502685547,21.5,-1.785883755000537,0.0,0.3859294973144536
2016-02-25,21.58,21.629999,21.32,21.5,21.5,166800,20.861111000000026,20.426190476190527,18.888400040000032,18.07934999499998,21.397262573242188,21.610001,-0.47784849654796513,-0.1027374267578125,0.0
2016-02-26,21.52,21.610001,21.35,21.610001,21.610001,288500,21.050000000000026,20.527142904761956,18.962000060000033,18.097799999999978,21.53020477294922,21.950001,-0.3692560081361482,-0.07979622705078171,0.0
2016-02-29,21.52,22.1,21.5,21.950001,21.950001,597600,21.250000111111138,20.6300000476191,19.037200060000036,18.11694999999998,21.691173553466797,21.93,-1.1791682676151287,0.0,0.25882744653320344
2016-03-01,22.049999,22.18,21.74,21.93,21.93,301000,21.422222444444472,20.68380961904767,19.105200040000035,18.13289999999998,21.821895599365234,21.790001,-0.4929521232775437,0.0,0.10810440063476534
2016-03-02,21.959999,22.030001,21.639999,21.790001,21.790001,264200,21.56888933333336,20.74523823809529,19.165600060000035,18.14975000499998,21.899879455566406,21.629999,0.5042609018990227,0.0,-0.10987845556640607
2016-03-03,21.690001,21.98,21.43,21.629999,21.629999,218800,21.623333777777805,20.799523904761955,19.224800040000034,18.164599999999982,21.909406661987305,21.309999,1.2917599394586339,0.0,-0.27940766198730316
2016-03-04,21.5,21.74,21.219999,21.309999,21.309999,452100,21.660000333333365,20.844761904761953,19.278200040000034,18.17764998999998,21.87962532043457,21.280001,2.673047147653874,0.0,-0.5696263204345691
2016-03-07,21.290001,21.889999,21.049999,21.280001,21.280001,338900,21.623333666666696,20.889047666666713,19.32660004000003,18.189649999999983,21.800382614135742,21.24,2.445402207150947,0.0,-0.5203816141357436
2016-03-08,21.01,21.379999,21.01,21.24,21.24,233700,21.582222444444472,20.942380952381,19.375600020000032,18.199549999999977,21.6315860748291,21.030001,1.843625587707642,0.0,-0.3915860748291031
2016-03-09,21.370001,21.49,21.01,21.030001,21.030001,209300,21.530000333333362,20.992857238095283,19.41860006000003,18.209900009999977,21.506383895874023,20.889999,2.2652537956323675,0.0,-0.4763828958740248
2016-03-10,21.09,21.290001,20.860001,20.889999,20.889999,174900,21.450000111111137,21.035238142857185,19.462200060000033,18.222549999999977,21.367855072021484,21.219999,2.2874872900735173,0.47785607202148483,0.0
2016-03-11,21.129999,21.370001,20.969999,21.219999,21.219999,212100,21.3688887777778,21.10476190476195,19.505600060000035,18.234849994999976,21.32624626159668,21.030001,0.5006939990745443,0.0,-0.1062472615966783
2016-03-14,21.219999,21.360001,21.030001,21.030001,21.030001,112400,21.268888888888913,21.174285761904805,19.543600100000035,18.246649999999978,21.285646438598633,20.549999,1.2156225698640444,0.0,-0.2556454385986342
2016-03-15,21.0,21.0,20.48,20.549999,20.549999,241700,21.131110888888912,21.20476190476195,19.583400100000034,18.256049994999977,21.19487190246582,20.41,3.1380678046058335,0.0,-0.6448729024658206
2016-03-16,20.530001,20.66,20.01,20.41,20.41,200400,20.995555444444467,21.217142857142903,19.638000100000035,18.264799994999976,21.016265869140625,21.040001,2.9704354196012974,0.6062658691406249,0.0
2016-03-17,20.26,21.379999,20.0,21.040001,21.040001,361000,20.96555566666669,21.24857152380957,19.704800100000032,18.276400004999974,20.95836639404297,21.48,-0.38799715816093083,-0.08163460595703143,0.0
2016-03-18,21.15,21.610001,21.129999,21.48,21.48,605100,20.987777777777797,21.29666680952386,19.78780010000003,18.289750009999974,21.050315856933594,21.17,-2.0003917274972376,0.0,0.4296841430664067
2016-03-21,21.51,21.51,20.940001,21.17,21.17,208700,20.980000000000018,21.29809542857148,19.87140010000003,18.302950004999975,21.078187942504883,21.110001,-0.43368945439357054,0.0,0.09181205749511889
2016-03-22,21.030001,21.26,20.969999,21.110001,21.110001,189600,20.98888888888891,21.304285952381,19.96520012000003,18.315100009999977,21.131078720092773,20.84,0.09984708239839958,0.0,-0.021077720092772978
2016-03-23,20.98,21.09,20.84,20.84,20.84,248000,20.983333444444465,21.267619238095286,20.05060012000003,18.326850009999976,21.207143783569336,20.85,1.761726408682035,0.3671437835693361,0.0
2016-03-24,20.809999,20.9,20.52,20.85,20.85,161200,20.942222444444464,21.231428714285762,20.13280012000003,18.338500009999976,21.193315505981445,20.709999,1.6465971509901385,0.0,-0.3433155059814439
2016-03-28,20.879999,21.059999,20.540001,20.709999,20.709999,172400,20.906666666666688,21.193809619047666,20.213800100000032,18.348300004999977,21.095172882080078,21.389999,1.8598450056906246,0.3851738820800783,0.0
2016-03-29,20.73,21.5,20.5,21.389999,21.389999,235900,21.000000000000018,21.18333333333338,20.305800060000035,18.36174999499998,21.067054748535156,21.52,-1.5097908675210472,-0.3229442514648433,0.0
2016-03-30,21.379999,21.57,21.049999,21.52,21.52,270600,21.123333333333353,21.16285709523814,20.40640006000004,18.37564999499998,21.149272918701172,21.709999,-1.7227094855893479,-0.3707270812988277,0.0
2016-03-31,21.48,21.82,21.09,21.709999,21.709999,303800,21.19777755555558,21.1523808571429,20.50920004000004,18.391799989999978,21.286537170410156,21.41,-1.9505382270623022,0.0,0.4234618295898436
2016-04-01,21.48,21.57,21.08,21.41,21.41,201000,21.1899997777778,21.134285571428617,20.59960006000004,18.405699994999978,21.395610809326172,21.219999,-0.06720780324067382,0.0,0.014389190673828267
2016-04-04,21.49,21.49,20.889999,21.219999,21.219999,234200,21.195555222222247,21.11476176190481,20.693200020000035,18.417949989999975,21.469655990600586,21.030001,1.1765174475294957,0.0,-0.24965699060058455
2016-04-05,21.01,21.24,20.700001,21.030001,21.030001,482200,21.186666333333356,21.10142852380957,20.776600020000036,18.427699994999976,21.45195960998535,21.08,2.0064602468889707,0.42195860998535295,0.0
2016-04-06,21.040001,21.15,20.76,21.08,21.08,177500,21.213333000000024,21.091904666666714,20.858200020000037,18.437899989999977,21.362850189208984,20.98,1.3417940664562908,0.0,-0.2828501892089861
2016-04-07,20.93,21.200001,20.76,20.98,20.98,183700,21.22777744444447,21.079523714285763,20.887200000000036,18.447149994999975,21.25163459777832,21.120001,1.2947311619557669,0.2716345977783199,0.0
2016-04-08,21.15,21.280001,20.969999,21.120001,21.120001,108200,21.273333222222245,21.083809428571477,20.919800020000036,18.455099994999976,21.202919006347656,21.26,0.3926041781326516,0.08291800634765778,0.0
2016-04-11,21.16,21.75,21.16,21.26,21.26,137800,21.25888888888891,21.101428523809574,20.949200000000033,18.465299999999978,21.228025436401367,21.27,-0.15039775916573084,-0.031974563598634376,0.0
2016-04-12,21.23,21.43,21.15,21.27,21.27,118800,21.231111111111133,21.10380952380957,20.95860002000003,18.47624999999998,21.29191017150879,21.709999,0.10300973911043483,0.02191017150878949,0.0
2016-04-13,21.440001,21.75,21.09,21.709999,21.709999,215400,21.231111111111133,21.136190380952424,20.98280000000003,18.488649994999978,21.401369094848633,22.32,-1.421602576542574,-0.308629905151367,0.0
2016-04-14,21.58,22.51,21.58,22.32,22.32,371200,21.332222222222246,21.220476142857187,21.01940000000003,18.50529999499998,21.637666702270508,21.93,-3.0570488249529233,0.0,0.6823332977294925
2016-04-15,22.219999,22.360001,21.809999,21.93,21.93,189800,21.411111222222246,21.292857095238137,21.05079998000003,18.52004999499998,21.826961517333984,21.969999,-0.46985172214325277,-0.10303848266601534,0.0
2016-04-18,21.780001,22.030001,21.77,21.969999,21.969999,116300,21.51555544444447,21.337142714285758,21.08319996000003,18.53684998499998,21.919281005859375,22.040001,-0.23085114451132377,-0.05071799414062639,0.0
2016-04-19,21.93,22.209999,21.780001,22.040001,22.040001,175400,21.622222222222245,21.36380942857147,21.12159996000003,18.556049984999976,22.046735763549805,21.74,0.030557002015582993,0.0,-0.006734763549804512
2016-04-20,22.1,22.1,21.540001,21.74,21.74,201800,21.706666666666692,21.390952285714327,21.156999980000034,18.572649984999977,22.103702545166016,22.049999,1.6729647891721124,0.3637025451660172,0.0
2016-04-21,22.200001,22.719999,21.42,22.049999,22.049999,433300,21.8099997777778,21.435714095238136,21.197999960000033,18.591049974999976,22.145475387573242,21.9,0.43299950976524987,0.0,-0.0954763875732425
2016-04-22,22.0,22.4,21.610001,21.9,21.9,448900,21.881110888888912,21.48619028571433,21.240799960000036,18.610099974999976,22.1380672454834,21.610001,1.0870650478694057,0.0,-0.23806724548339986
2016-04-25,21.780001,21.92,21.450001,21.610001,21.610001,411100,21.918888777777802,21.522380809523852,21.28159998000004,18.627849984999976,22.083145141601562,23.139999,2.189468392905498,0.47314414160156204,0.0
2016-04-26,22.0,23.389999,21.66,23.139999,23.139999,1104900,22.077777666666687,21.63809509523814,21.346199960000035,18.652149974999976,22.261310577392578,20.77,-3.7972707890238953,0.0,0.8786884226074214
2016-04-27,23.08,23.129999,20.33,20.77,20.77,926700,21.905555444444467,21.608571333333376,21.358599960000035,18.664849974999974,22.234651565551758,21.26,7.051764879883285,1.4646515655517582,0.0
2016-04-28,20.75,21.610001,20.68,21.26,21.26,608800,21.83111100000002,21.596190380952425,21.376199980000035,18.679149974999977,21.981937408447266,20.870001,3.3957545082185514,0.0,-0.7219374084472641
2016-04-29,20.950001,21.040001,20.610001,20.870001,20.870001,431200,21.70888900000002,21.55619047619052,21.384200020000034,18.692599979999976,21.711668014526367,20.790001,4.0329035658712655,0.0,-0.8416670145263687
2016-05-02,20.879999,20.889999,20.5,20.790001,20.790001,333400,21.57000011111113,21.526666714285756,21.377200060000035,18.705399984999975,21.48284339904785,20.860001,3.332575111698414,0.6928423990478514,0.0
2016-05-03,20.700001,20.99,20.5,20.860001,20.860001,315400,21.472222444444466,21.509523952381,21.374800080000036,18.719599989999974,21.15167808532715,20.860001,1.398260169436943,0.0,0.0
2016-05-04,20.719999,20.950001,20.639999,20.860001,20.860001,396800,21.34000044444447,21.501428714285762,21.359800080000035,18.735299999999974,20.992088317871094,20.41,0.6332085883940911,0.0,-0.1320873178710933
2016-05-05,20.860001,20.870001,20.4,20.41,20.41,259600,21.174444888888914,21.469523952381003,21.33580006000004,18.749299994999973,20.900707244873047,20.6,2.4042491174573577,0.49070724487304673,0.0
2016-05-06,20.4,20.610001,20.08,20.6,20.6,305100,21.06222255555558,21.451428714285765,21.317800060000035,18.764799994999972,20.807321548461914,20.370001,1.0064152837956923,0.0,-0.20732154846191264
2016-05-09,20.5,20.690001,20.17,20.370001,20.370001,221900,20.754445000000022,21.415714428571476,21.293000060000036,18.77939999499997,20.733375549316406,20.51,1.783871043091298,0.3633745493164078,0.0
2016-05-10,20.5,20.610001,20.309999,20.51,20.51,160900,20.725556111111132,21.38000014285719,21.264200040000038,18.796049994999972,20.673664093017578,20.16,0.7979721746346979,0.0,-0.16366409301757656
2016-05-11,20.41,20.48,20.1,20.16,20.16,218600,20.603333888888912,21.327143000000053,21.22880004000004,18.812399999999972,20.576200485229492,19.559999,2.064486533876449,0.0,-0.41620048522949205
2016-05-12,20.18,20.34,19.52,19.559999,19.559999,585600,20.457778111111132,21.2247620476191,21.184200000000036,18.824849994999973,20.440349578857422,19.450001,4.500770060660129,0.0,-0.8803505788574206
2016-05-13,19.610001,19.950001,19.389999,19.450001,19.450001,276900,20.30888922222225,21.08809542857148,21.140600040000034,18.836850004999974,20.25532341003418,19.540001,4.140474902979077,0.8053224100341794,0.0
2016-05-16,19.5,19.709999,19.23,19.540001,19.540001,219500,20.162222555555577,20.974285952381006,21.105200080000035,18.84725001499997,20.055410385131836,19.200001,2.6377142208530886,0.0,-0.5154093851318358
2016-05-17,19.5,19.549999,18.950001,19.200001,19.200001,352500,19.97777811111113,20.842381285714335,21.063600080000032,18.85825001999997,19.819503784179688,19.559999,3.226576832884994,0.6195027841796872,0.0
2016-05-18,19.15,19.98,19.110001,19.559999,19.559999,287900,19.883333555555577,20.724285952381003,21.030000060000035,18.871550014999972,19.663118362426758,19.58,0.5271951313839871,0.10311936242675657,0.0
2016-05-19,19.48,19.719999,19.33,19.58,19.58,290300,19.770000222222244,20.62142880952386,21.00100004000003,18.884300009999972,19.615028381347656,19.639999,0.17889878114227764,0.035028381347657955,0.0
2016-05-20,19.610001,19.84,19.360001,19.639999,19.639999,215300,19.68888888888891,20.506666904761953,20.97600004000003,18.889049999999973,19.62254524230957,19.5,-0.08886842453723764,0.0,0.017453757690429228
2016-05-23,19.6,19.9,19.49,19.5,19.5,242400,19.57666666666669,20.39238119047624,20.94160006000003,18.895900004999973,19.64794158935547,19.940001,0.758674817207532,0.14794158935546875,0.0
2016-05-24,19.51,20.0,19.23,19.940001,19.940001,269800,19.552222333333354,20.31285738095243,20.91980006000003,18.904850009999972,19.725048065185547,19.870001,-1.0779986160203898,0.0,0.21495293481445188
2016-05-25,19.99,20.059999,19.57,19.870001,19.870001,151900,19.58666700000002,20.15714319047624,20.906200100000028,18.914250014999972,19.805227279663086,19.860001,-0.32598750416224204,0.0,0.06477372033691253
2016-05-26,19.969999,20.0,19.799999,19.860001,19.860001,155900,19.63222255555558,20.113809904761954,20.895200120000027,18.92330002499997,19.88069725036621,19.959999,0.10421072167222185,0.020696250366210478,0.0
2016-05-27,19.790001,20.07,19.790001,19.959999,19.959999,189300,19.678889000000026,20.051905095238144,20.873600080000024,18.93325002499997,19.93771743774414,20.379999,-0.11163107901888773,-0.0222815622558592,0.0
2016-05-31,19.950001,20.41,19.559999,20.379999,20.379999,290900,19.809999888888917,20.028571666666714,20.851600060000024,18.946550024999976,20.038373947143555,20.23,-1.6762761021550925,0.0,0.34162505285644684
2016-06-01,20.309999,20.309999,20.08,20.23,20.23,167500,19.88444444444447,20.001904952381,20.83280006000002,18.958500024999974,20.151350021362305,20.33,-0.38877893543102193,-0.07864997863769574,0.0
2016-06-02,20.24,20.35,20.129999,20.33,20.33,222700,19.96777777777781,19.976666809523856,20.81720004000002,18.970650024999973,20.2322998046875,20.32,-0.4805715460526232,0.0,0.0977001953124983
2016-06-03,20.309999,20.35,20.09,20.32,20.32,108700,20.043333444444475,19.950952476190523,20.80680004000002,18.983650029999975,20.293933868408203,20.629999,-0.12827820665254508,-0.02606613159179716,0.0
2016-06-06,20.290001,20.700001,20.290001,20.629999,20.629999,202400,20.16888888888892,19.961428619047666,20.80240002000002,18.997850019999976,20.410921096801758,20.559999,-1.0619385061445892,0.0,0.21907790319824372
2016-06-07,20.57,20.639999,20.389999,20.559999,20.559999,143500,20.237777555555585,19.959523809523855,20.799400020000025,19.011550014999976,20.504703521728516,20.790001,-0.26894689183343645,-0.05529547827148562,0.0
2016-06-08,20.51,20.85,20.51,20.790001,20.790001,161500,20.339999777777805,19.979523809523855,20.787400060000028,19.027350024999976,20.596172332763672,20.52,-0.932316776879079,0.0,0.1938286672363283
2016-06-09,20.719999,20.719999,20.42,20.52,20.52,151500,20.41333300000003,19.980000000000047,20.76740006000003,19.046500019999975,20.659509658813477,19.860001,0.6798716316446247,0.0,-0.139509658813477
2016-06-10,20.299999,20.299999,19.799999,19.860001,19.860001,226800,20.40222211111114,19.965714333333377,20.73040010000003,19.062700019999976,20.594022750854492,19.889999,3.6959804325009435,0.7340217508544917,0.0
2016-06-13,19.879999,20.139999,19.76,19.889999,19.889999,194900,20.347777666666694,19.981428619047662,20.700000080000027,19.077350019999972,20.46626091003418,20.1,2.897244540003145,0.5762619100341801,0.0
2016-06-14,19.83,20.15,19.83,20.1,20.1,175700,20.33333322222225,20.012380952380997,20.677600100000028,19.094000019999974,20.353300094604492,20.1,1.2601994756442325,0.0,0.0
2016-06-15,20.040001,20.27,20.040001,20.1,20.1,115900,20.307777666666695,20.03904757142862,20.659000080000023,19.110050024999975,20.253198623657227,20.23,0.7621822072498763,0.15319862365722514,0.0
2016-06-16,20.0,20.25,19.790001,20.23,20.23,107100,20.297777666666697,20.088095142857192,20.642000080000024,19.12675002999997,20.160024642944336,19.790001,-0.34589894738341315,0.0,0.06997535705566449
2016-06-17,20.299999,20.299999,19.65,19.790001,19.790001,404200,20.204444555555582,20.099047619047667,20.618200100000028,19.14340003999997,20.166536331176758,20.02,1.9026544322901129,0.37653533117675764,0.0
2016-06-20,19.940001,20.09,19.83,20.02,20.02,306900,20.144444666666697,20.120000000000047,20.596200080000028,19.160900039999973,20.175622940063477,19.74,0.7773373629544306,0.0,-0.155622940063477
2016-06-21,20.08,20.08,19.690001,19.74,19.74,138500,20.02777788888892,20.124761952381,20.565800080000027,19.176800044999972,20.142675399780273,19.459999,2.0398956422506336,0.0,-0.402675399780275
2016-06-22,19.74,19.809999,19.41,19.459999,19.459999,225500,19.910000000000032,20.122857142857193,20.529600060000025,19.191500039999973,20.027088165283203,19.799999,2.914127412253224,0.5670891652832033,0.0
2016-06-23,19.68,19.91,19.639999,19.799999,19.799999,182500,19.90333311111114,20.11619038095243,20.49140006000003,19.20620002999997,19.95904541015625,18.780001,0.8032647383277661,0.0,-0.15904641015625032
2016-06-24,19.0,19.120001,18.700001,18.780001,18.780001,1364000,19.780000000000033,20.06428561904767,20.42060008000003,19.21695003999997,19.790952682495117,18.02,5.383129013119428,0.0,-1.0109516824951186
2016-06-27,18.6,18.6,17.91,18.02,18.02,300900,19.548888888888925,19.976666523809573,20.342400080000033,19.22405003999997,19.400615692138672,18.129999,7.6615743181946305,1.3806156921386723,0.0
2016-06-28,18.190001,18.379999,18.040001,18.129999,18.129999,256000,19.329999888888924,19.889523666666715,20.265600080000034,19.23170003499997,19.027915954589844,18.309999,4.9526585996493555,0.8979169545898422,0.0
2016-06-29,18.280001,18.440001,18.17,18.309999,18.309999,200100,19.11666644444448,19.790952238095286,20.191000040000034,19.240850029999972,18.75737190246582,18.76,2.443325652097627,0.44737290246581907,0.0
2016-06-30,18.42,18.76,18.32,18.76,18.76,242900,19.002221888888926,19.720952238095286,20.131400040000035,19.25130002999997,18.534929275512695,18.549999,-1.1997373373523788,0.0,0.22507072448730625
2016-07-01,18.67,18.77,18.4,18.549999,18.549999,153700,18.838888444444482,19.636190285714335,20.061400040000038,19.26025002499997,18.521684646606445,18.120001,-0.15263803191339456,0.0,0.02831435339355437
2016-07-05,18.52,18.66,18.0,18.120001,18.120001,235900,18.658888555555592,19.53142842857148,19.985800060000038,19.266500024999967,18.526071548461914,18.309999,2.241007318166901,0.4060705484619156,0.0
2016-07-06,18.01,18.379999,17.76,18.309999,18.309999,185900,18.531110777777812,19.42095223809529,19.919800020000036,19.27490002499997,18.494516372680664,18.469999,1.0077410309015462,0.18451737268066282,0.0
2016-07-07,18.440001,18.559999,18.219999,18.469999,18.469999,209800,18.383333000000036,19.32142842857148,19.826400020000037,19.285150019999968,18.521203994750977,18.99,0.27723333797135113,0.051204994750975175,0.0
2016-07-08,18.57,19.01,18.52,18.99,18.99,250900,18.40666622222226,19.235714095238148,19.790800020000038,19.299600019999968,18.587858200073242,19.25,-2.117650341899717,-0.40214179992675625,0.0
2016-07-11,19.01,19.299999,18.860001,19.25,19.25,226600,18.543332888888926,19.175237904761957,19.75060002000004,19.31775001999997,18.714359283447266,19.59,-2.7825491768973216,-0.5356407165527344,0.0
2016-07-12,19.370001,19.690001,19.360001,19.59,19.59,198100,18.70555522222226,19.162380714285764,19.725000000000037,19.33900001999997,18.96953773498535,19.68,-3.1672397397378678,-0.6204622650146483,0.0
2016-07-13,19.719999,19.809999,19.59,19.68,19.68,182300,18.857777555555593,19.152380761904812,19.702799980000037,19.358500019999966,19.281171798706055,19.690001,-2.026566063485493,-0.39882820129394503,0.0
2016-07-14,19.99,19.99,19.459999,19.690001,19.690001,156000,18.961111000000038,19.13285700000005,19.67939998000004,19.378450024999967,19.539119720458984,19.969999,-0.7662837576342144,-0.15088127954101438,0.0
2016-07-15,19.719999,20.139999,19.719999,19.969999,19.969999,224800,19.118888777777816,19.126666476190525,19.66159994000004,19.39895001999997,19.755096435546875,19.74,-1.0761270666719933,0.0,0.2149025644531264
2016-07-18,20.040001,20.26,19.73,19.74,19.74,166100,19.298888666666706,19.10333314285719,19.64819994000004,19.41725001999997,19.910709381103516,19.67,0.8647891646581418,0.0,-0.1707093811035172
2016-07-19,19.74,19.889999,19.559999,19.67,19.67,148000,19.44999988888893,19.09761880952386,19.629599940000038,19.43575001999997,19.937044143676758,19.809999,1.3576214726830507,0.2670441436767561,0.0
2016-07-20,19.780001,19.879999,19.620001,19.809999,19.809999,107900,19.598888777777816,19.08761876190481,19.61839990000004,19.45345001499997,19.943805694580078,19.620001,0.675450284374456,0.0,-0.13380669458007688
2016-07-21,19.73,20.02,19.559999,19.620001,19.620001,125700,19.66888888888893,19.081904523809573,19.60059992000004,19.46795002499997,19.93035316467285,19.75,1.5818152337140714,0.3103521646728531,0.0
2016-07-22,19.59,19.93,19.370001,19.75,19.75,137000,19.724444444444483,19.095714095238144,19.592399920000037,19.48390002999997,19.885358810424805,19.85,0.685361065442049,0.1353588104248047,0.0
2016-07-25,19.66,19.98,19.6,19.85,19.85,99500,19.753333333333373,19.098095095238143,19.59819994000004,19.499100034999966,19.859920501708984,20.219999,0.04997733858429699,0.009920501708982954,0.0
2016-07-26,19.889999,20.34,19.809999,20.219999,20.219999,197900,19.81333322222226,19.166666428571478,19.61359990000004,19.516650034999966,19.94868278503418,20.42,-1.3418211097133175,-0.2713162149658217,0.0
2016-07-27,20.18,20.440001,19.940001,20.42,20.42,119300,19.894444222222262,19.280952142857195,19.63119988000004,19.535000034999968,20.053518295288086,20.280001,-1.7947194158272073,0.0,0.36648170471191577
2016-07-28,20.43,20.459999,20.18,20.280001,20.280001,102000,19.928888888888928,19.383333190476243,19.65279988000004,19.552050034999965,20.176349639892578,20.1,-0.5111013559980618,0.0,0.10365136010742049
2016-07-29,20.23,20.27,20.02,20.1,20.1,209700,19.968888888888927,19.468571333333387,19.66359990000004,19.570300029999963,20.266613006591797,20.370001,0.8289204308049525,0.16661300659179545,0.0
2016-08-01,20.049999,20.51,19.9,20.370001,20.370001,233500,20.046666777777816,19.5452380476191,19.67939992000004,19.589900029999963,20.345298767089844,21.33,-0.1212677059277254,-0.02470223291015472,0.0
2016-08-02,21.0,22.629999,20.76,21.33,21.33,861600,20.215555777777816,19.6776190476191,19.71319994000004,19.610550024999963,20.698244094848633,20.389999,-2.9618185895516436,0.0,0.6317559051513655
2016-08-03,21.26,21.309999,20.34,20.389999,20.389999,288900,20.301111111111148,19.78571419047624,19.73099992000004,19.62930002499996,20.7930908203125,20.23,1.9769094658243997,0.0,-0.40309182031250046
2016-08-04,20.32,20.43,20.07,20.23,20.23,205000,20.35444444444448,19.87714280952386,19.73679990000004,19.64615001999996,20.72976303100586,20.559999,2.470405491872758,0.49976303100585895,0.0
2016-08-05,20.41,20.700001,20.290001,20.559999,20.559999,278300,20.43333322222226,19.976666619047673,19.750599860000037,19.663050014999964,20.77063751220703,20.73,1.024506432159992,0.21063851220703,0.0
2016-08-08,20.620001,20.74,20.5,20.73,20.73,172700,20.490000000000034,20.059523761904817,19.767999840000037,19.682700019999963,20.831363677978516,20.780001,0.4889709502099141,0.1013636779785152,0.0
2016-08-09,20.620001,20.9,20.620001,20.780001,20.780001,185400,20.530000111111146,20.132380952381006,19.784399880000038,19.700250024999963,20.730636596679688,21.1,-0.23755727114888547,-0.04936440332031111,0.0
2016-08-10,20.870001,21.120001,20.780001,21.1,21.1,279800,20.621111111111148,20.20428571428577,19.798799900000038,19.717500024999964,20.789323806762695,21.32,-1.4723990200820194,-0.3106761932373061,0.0
2016-08-11,21.18,21.379999,21.07,21.32,21.32,192900,20.756666666666703,20.282380952381008,19.820599900000037,19.738800029999965,20.98674964904785,21.34,-1.563087950056983,-0.3332503509521487,0.0
2016-08-12,21.24,21.469999,21.219999,21.34,21.34,154200,20.864444333333367,20.360952333333387,19.84079990000004,19.756650029999964,21.151473999023438,21.629999,-0.883439554716787,-0.18852600097656236,0.0
2016-08-15,21.440001,21.700001,21.41,21.629999,21.629999,134200,20.897777555555592,20.439999952381008,19.866999880000037,19.772350024999966,21.329282760620117,21.65,-1.390273940280276,-0.30071623937988434,0.0
2016-08-16,21.59,21.889999,21.540001,21.65,21.65,159700,21.037777666666706,20.530952333333385,19.887399900000037,19.790400019999968,21.512348175048828,21.59,-0.6358051960793093,0.0,0.13765182495117045
2016-08-17,21.6,21.82,21.51,21.59,21.59,201500,21.18888877777782,20.622380904761958,19.907999920000037,19.807750014999968,21.642189025878906,21.719999,0.2417277715558425,0.05218902587890639,0.0
2016-08-18,21.540001,21.780001,21.540001,21.719999,21.719999,109000,21.317777666666707,20.713333285714338,19.92659988000004,19.82485001499997,21.7154541015625,21.67,-0.020924947729055548,0.0,0.004544898437501388
2016-08-19,21.66,21.93,21.459999,21.67,21.67,133000,21.422222111111154,20.81095228571434,19.94959988000004,19.84245001499997,21.781017303466797,21.66,0.5123087377332495,0.0,-0.11101730346679517
2016-08-22,21.549999,21.799999,21.219999,21.66,21.66,97800,21.51999977777782,20.90190466666672,19.98559986000004,19.860200009999968,21.77300453186035,21.790001,0.5217199070191663,0.11300453186035142,0.0
2016-08-23,21.549999,21.93,21.549999,21.790001,21.790001,136700,21.596666555555597,20.99428566666672,20.023599900000036,19.877400014999967,21.785799026489258,21.700001,-0.019283952812771156,0.0,0.004201973510742363
2016-08-24,21.9,22.0,21.639999,21.700001,21.700001,137100,21.638888888888932,21.06476195238101,20.055599920000038,19.89225001999997,21.829599380493164,21.6,0.5972275323543245,0.0,-0.12959838049316375
2016-08-25,21.67,21.809999,21.440001,21.6,21.6,133500,21.66777777777782,21.120952428571485,20.08559992000004,19.90780001999997,21.821008682250977,21.370001,1.0231883437545144,0.0,-0.22100868225097514
2016-08-26,21.68,21.77,21.35,21.370001,21.370001,161900,21.638889111111155,21.172857190476243,20.108399940000037,19.92250002499997,21.789226531982422,21.379999,1.9617478351190691,0.4192255319824234,0.0
2016-08-29,21.370001,21.59,21.35,21.379999,21.379999,102500,21.608889000000044,21.233809523809576,20.140199900000038,19.937150014999972,21.74846839904785,21.299999,1.7234303848557242,0.0,-0.36846939904785003
2016-08-30,21.34,21.58,21.209999,21.299999,21.299999,116000,21.576666666666707,21.278095142857197,20.165799880000037,19.95110000999997,21.673643112182617,21.190001,1.7541977921342509,0.0,-0.3736441121826175
2016-08-31,21.200001,21.469999,21.059999,21.190001,21.190001,254100,21.51777800000004,21.27142852380958,20.194799900000035,19.96530001499997,21.567764282226562,21.41,1.7827431071219098,0.37776328222656375,0.0
2016-09-01,21.24,21.42,21.049999,21.41,21.41,129200,21.488889111111153,21.320000000000057,20.233799920000035,19.980450019999967,21.49955177307129,21.83,0.41827077567159704,0.08955177307128892,0.0
2016-09-02,21.35,21.83,21.35,21.83,21.83,202400,21.50777800000004,21.39619047619053,20.274399940000038,19.998000019999964,21.531051635742188,21.75,-1.3694382238104021,0.0,0.2989483642578108
2016-09-06,21.76,21.9,21.5,21.75,21.75,182400,21.503333444444486,21.452857190476244,20.33379992000004,20.013300014999967,21.602514266967773,22.360001,-0.6780953242860991,-0.14748573303222656,0.0
2016-09-07,21.790001,22.4,21.790001,22.360001,22.360001,290800,21.57666677777782,21.53047628571434,20.420599940000038,20.031700019999967,21.768949508666992,22.559999,-2.6433428662771896,-0.5910514913330083,0.0
2016-09-08,22.209999,22.559999,22.01,22.559999,22.559999,235500,21.68333333333338,21.615238095238148,20.50919994000004,20.050600009999968,22.001205444335938,21.540001,-2.4769218990837,0.0,0.5587935556640637
2016-09-09,22.32,22.5,21.530001,21.540001,21.540001,208300,21.702222222222264,21.636190523809574,20.57379998000004,20.065100019999967,22.1124210357666,21.83,2.657474508782991,0.5724200357666014,0.0
2016-09-12,21.48,21.870001,21.440001,21.83,21.83,132400,21.752222333333375,21.66047623809529,20.63519998000004,20.082650019999964,22.09213638305664,21.26,1.2008079846845734,0.0,-0.26213638305664233
2016-09-13,21.709999,21.82,21.26,21.26,21.26,154300,21.74777800000004,21.656666714285766,20.689400000000038,20.096400019999965,22.02374267578125,21.27,3.592392642432965,0.7637426757812484,0.0
2016-09-14,21.32,21.66,21.02,21.27,21.27,171800,21.75666677777782,21.639523904761955,20.752399980000035,20.109050019999966,21.862159729003906,22.16,2.7840137705872436,0.5921597290039067,0.0
2016-09-15,21.25,22.16,21.23,22.16,22.16,157900,21.840000111111152,21.663809619047672,20.829400000000035,20.126750014999967,21.76277732849121,22.5,-1.7925210808158356,-0.3972226715087892,0.0
2016-09-16,22.209999,22.76,22.040001,22.5,22.5,534100,21.914444555555594,21.70714295238101,20.910000020000037,20.144650014999964,21.912412643432617,22.610001,-2.6114993625217013,-0.5875873565673828,0.0
2016-09-19,22.52,22.82,22.309999,22.610001,22.610001,410100,22.010000222222263,21.749524000000054,20.982400040000037,20.161950019999964,22.118467330932617,22.65,-2.1739657113123667,-0.49153366906738327,0.0
2016-09-20,22.66,22.9,22.6,22.65,22.65,126300,22.042222333333374,21.796190666666718,21.050400040000042,20.181450019999964,22.344934463500977,23.469999,-1.3468677108124594,-0.305065536499022,0.0
2016-09-21,22.639999,23.49,22.639999,23.469999,23.469999,296700,22.143333444444483,21.882381095238145,21.12800002000004,20.203200009999968,22.68761444091797,23.709999,-3.333551735907754,-0.7823845590820326,0.0
2016-09-22,23.5,23.809999,23.219999,23.709999,23.709999,390700,22.384444333333377,21.97380957142862,21.208600000000036,20.228000004999966,23.0577392578125,23.440001,-2.7509901716465692,0.0,0.6522597421874998
2016-09-23,23.629999,23.700001,23.389999,23.440001,23.440001,199400,22.563333333333375,22.05666671428576,21.28360000000004,20.252350009999965,23.28571128845215,23.299999,-0.6582325297164038,0.0,0.15428971154785032
2016-09-26,23.33,23.709999,23.030001,23.299999,23.299999,277900,22.789999888888936,22.137619047619097,21.35020000000004,20.279450009999966,23.4287166595459,23.459999,0.5524363307736568,0.12871765954589875,0.0
2016-09-27,23.209999,23.549999,23.190001,23.459999,23.459999,174400,23.03333311111116,22.23714276190481,21.42459998000004,20.306599999999968,23.530000686645508,23.51,0.2983874238251587,0.07000168664550799,0.0
2016-09-28,23.459999,23.530001,23.309999,23.51,23.51,111200,23.183333111111157,22.338571380952427,21.501399980000038,20.334300004999967,23.590343475341797,23.450001,0.3417417071109966,0.0,-0.08034347534179531
2016-09-29,23.5,23.719999,23.360001,23.450001,23.450001,257200,23.288888777777824,22.440952428571475,21.574200020000035,20.36190000999997,23.596376419067383,24.33,0.6242021868885315,0.1463754190673825,0.0
2016-09-30,23.459999,24.459999,23.389999,24.33,24.33,363400,23.47999977777782,22.590476190476235,21.668400000000034,20.392600004999974,23.701757431030273,24.32,-2.582172498848027,0.0,0.6282425689697249
2016-10-03,24.33,24.389999,23.84,24.32,24.32,469900,23.665555333333376,22.729047619047662,21.75980000000003,20.42154999999997,23.90623664855957,24.129999,-1.7013295700675575,0.0,0.41376335144042997
2016-10-04,24.32,24.459999,23.799999,24.129999,24.129999,211000,23.73888866666671,22.838571380952423,21.845399980000035,20.44834999499997,24.05616569519043,25.17,-0.30598138362778976,-0.07383330480957184,0.0
2016-10-05,24.299999,25.32,24.030001,25.17,25.17,581200,23.901111000000043,23.00142852380957,21.944400000000037,20.480849994999968,24.327442169189453,25.84,-3.347468537189307,-0.8425578308105486,0.0
2016-10-06,24.959999,25.870001,24.73,25.84,25.84,685100,24.1677775555556,23.167142761904806,22.052800000000033,20.516849999999966,24.72620391845703,25.700001000000004,-4.310356352720467,0.0,1.1137960815429686
2016-10-07,25.629999,25.82,25.299999,25.700001,25.700001,401100,24.434444444444484,23.316666666666713,22.16120000000003,20.551049999999968,25.061872482299805,25.799999000000003,-2.482990244631491,-0.6381285177001956,0.0
2016-10-10,25.75,25.9,25.290001,25.799999,25.799999,192100,24.694444444444485,23.51952371428576,22.275199980000036,20.586099989999965,25.335697174072266,25.549999,-1.7996195500927503,0.0,0.46430182592773406
2016-10-11,25.5,25.75,25.299999,25.549999,25.549999,301700,24.92111100000004,23.69666652380957,22.378799940000036,20.619449989999968,25.564395904541016,25.6,0.05634796518393578,0.014396904541015942,0.0
2016-10-12,25.65,25.799999,25.200001,25.6,25.6,330500,25.159999777777816,23.903333190476236,22.464199940000036,20.65389999499997,25.7130126953125,25.5,0.4414558410644476,0.0,-0.11301269531249858
2016-10-13,25.549999,25.65,25.049999,25.5,25.5,269500,25.28999977777782,24.104761761904808,22.566399960000034,20.68614999999997,25.72319793701172,25.950001,0.8752860274969363,0.22319793701171875,0.0
2016-10-14,25.549999,26.049999,25.5,25.950001,25.950001,446200,25.47111100000004,24.285238000000046,22.68079998000003,20.720250009999972,25.778701782226562,25.649999999999995,-0.6601125671380044,0.0,0.17129921777343782
2016-10-17,25.75,25.950001,25.5,25.65,25.65,196100,25.64000000000004,24.435238000000048,22.782600000000034,20.75570001499997,25.77761459350586,25.750000000000004,0.4975227816992624,0.1276145935058608,0.0
2016-10-18,25.85,26.049999,25.65,25.75,25.75,203300,25.70444444444448,24.584761761904808,22.883000000000035,20.79605001499997,25.83432388305664,26.0,0.3274713905112257,0.08432388305664062,0.0
2016-10-19,25.799999,26.0,25.65,26.0,26.0,232000,25.722222222222257,24.74428557142862,22.98739998000003,20.83755000999997,25.89630126953125,25.9,-0.3988412710336538,0.0,0.10369873046875
2016-10-20,25.85,26.0,25.4,25.9,25.9,230300,25.74444433333337,24.859999904761953,23.083399980000035,20.880400009999967,25.9552059173584,26.15,0.21315026007104193,0.05520591735839986,0.0
2016-10-21,25.6,26.25,25.549999,26.15,26.15,227000,25.783333333333367,24.97619042857147,23.179999980000037,20.926200009999967,25.988727569580078,27.25,-0.6167205752195811,-0.16127243041992045,0.0
2016-10-24,26.35,27.35,26.35,27.25,27.25,695800,25.972222333333363,25.157618952380993,23.29819998000004,20.980350009999967,26.273170471191406,25.950001,-3.584695518563647,0.0,0.9768295288085938
2016-10-25,27.5,28.25,25.75,25.950001,25.950001,1049200,26.011111333333364,25.28380952380957,23.38460002000004,21.027250014999968,26.524232864379883,26.65,2.212839469177217,0.5742318643798825,0.0
2016-10-26,26.4,27.65,25.66,26.65,26.65,937000,26.13888911111114,25.435714333333376,23.484600020000038,21.076800014999968,26.666038513183594,27.600000000000005,0.06018203821236462,0.01603851318359517,0.0
2016-10-27,27.0,27.85,26.99,27.6,27.6,615800,26.322222333333368,25.63047623809528,23.604800020000038,21.13150001499997,26.966175079345703,27.200001,-2.2964671038199214,0.0,0.6338249206542983
2016-10-28,27.35,27.530001,26.65,27.200001,27.200001,662200,26.4944446666667,25.80904766666671,23.714400060000038,21.18355001499997,27.18086051940918,27.799999,-0.07036941134972984,-0.01914048059082063,0.0
2016-10-31,27.299999,27.950001,27.15,27.799999,27.799999,601900,26.722222333333363,25.974285714285752,23.83700004000004,21.24010000999997,27.320581436157227,26.950001,-1.7245236729784528,0.0,0.4794175638427731
2016-11-01,27.950001,27.950001,26.5,26.950001,26.950001,350800,26.82777800000003,26.099523857142895,23.942800060000035,21.29200001499997,27.39883041381836,27.0,1.6654152028356475,0.44882941381835906,0.0
2016-11-02,27.15,27.299999,26.85,27.0,27.0,559400,26.95000022222225,26.23619057142861,24.047000040000036,21.342550019999972,27.475894927978516,26.950001,1.7625738073278359,0.0,-0.4758949279785156
2016-11-03,27.25,27.4,26.85,26.950001,26.950001,280800,27.038889222222252,26.320952523809567,24.152000040000033,21.39460001999997,27.405195236206055,27.0,1.689032353676181,0.45519423620605437,0.0
2016-11-04,27.0,27.08,26.709999,27.0,27.0,355000,27.01111144444447,26.376190619047662,24.260000040000037,21.445300014999972,27.35161781311035,27.600000000000005,1.3022881967050057,0.35161781311035156,0.0
2016-11-07,27.700001,27.790001,27.4,27.6,27.6,241100,27.194444666666698,26.466666761904804,24.384600020000036,21.498300014999973,27.391632080078125,28.0,-0.7549562316010016,-0.20836791992187642,0.0
2016-11-08,27.65,28.4,27.4,28.0,28.0,640200,27.344444666666696,26.57142871428576,24.517000040000035,21.540650009999972,27.54365348815918,28.599999999999998,-1.6298089708600725,-0.4563465118408203,0.0
2016-11-09,27.450001,28.6,26.75,28.6,28.6,492100,27.455555777777807,26.716666857142904,24.66300006000003,21.586200009999974,27.71380043029785,28.35,-3.0985998940634607,0.0,0.8861995697021499
2016-11-10,29.0,29.0,28.0,28.35,28.35,481100,27.583333444444477,26.847619238095284,24.806200040000032,21.629000004999977,28.022647857666016,28.85,-1.1546812780740239,-0.3273521423339858,0.0
2016-11-11,28.35,28.9,28.24,28.85,28.85,625600,27.700000222222254,27.007143047619095,24.955000040000026,21.669250009999978,28.348600387573242,28.799999,-1.7379535959333077,0.0,0.5013996124267592
2016-11-14,29.0,29.0,28.4,28.799999,28.799999,373600,27.90555555555559,27.14285723809528,25.09440002000003,21.710750004999976,28.56184959411621,28.65,-0.8269076880307834,0.0,0.23814940588378875
2016-11-15,28.75,28.85,28.299999,28.65,28.65,459200,28.08888888888892,27.285714380952424,25.232400020000032,21.751550004999977,28.70374298095703,29.049999,0.18758457576625714,0.05374298095703267,0.0
2016-11-16,28.299999,29.280001,28.299999,29.049999,29.049999,754600,28.322222000000036,27.442857190476232,25.366199980000033,21.794999994999976,28.87814712524414,29.6,-0.5915727389727589,-0.17185187475585906,0.0
2016-11-17,29.049999,29.9,28.799999,29.6,29.6,440600,28.611110888888927,27.614285761904803,25.50700000000003,21.841249994999977,29.042762756347656,30.700001000000004,-1.882558255582247,-0.5572372436523452,0.0
2016-11-18,29.75,30.75,28.299999,30.700001,30.700001,524600,28.955555444444478,27.842857238095284,25.690200000000026,21.894149994999974,29.327030181884766,30.5,-4.47221750290899,0.0,1.3729708181152347
2016-11-21,30.700001,30.950001,30.25,30.5,30.5,423800,29.233333222222257,28.05000009523814,25.86360000000003,21.946799999999975,29.70833969116211,31.099999999999998,-2.595607569960297,-0.7916603088378906,0.0
2016-11-22,30.35,31.15,30.35,31.1,31.1,239200,29.511111000000035,28.233333428571477,26.060400000000026,22.002299999999977,30.112499237060547,31.25,-3.1752436107377955,-0.9875007629394545,0.0
2016-11-23,30.9,31.450001,30.74,31.25,31.25,188600,29.833333222222254,28.48571433333338,26.260000000000026,22.059749999999976,30.566965103149414,31.399999999999995,-2.1857116699218753,-0.6830348968505859,0.0
2016-11-25,30.049999,31.42,30.049999,31.4,31.4,136700,30.116666555555582,28.711904809523855,26.44480000000003,22.118899999999975,30.808988571166992,31.200001,-1.8822020026528867,0.0,0.5910114288330064
2016-11-28,31.4,31.950001,30.9,31.200001,31.200001,271700,30.383333444444467,28.883333428571476,26.618800020000027,22.175350004999977,31.110382080078125,31.25,-0.2872401187483145,-0.08961891992187532,0.0
2016-11-29,31.299999,31.950001,31.200001,31.25,31.25,373900,30.67222233333336,29.07619052380957,26.791600000000027,22.23085000499998,31.295787811279297,30.200001,0.14652099609375,0.0,-0.045787811279296875
2016-11-30,31.299999,31.299999,30.0,30.200001,30.200001,548100,30.800000333333358,29.190476333333383,26.94260002000002,22.279950014999983,31.26746940612793,29.299998999999996,3.53466347940826,0.0,-1.0674684061279294
2016-12-01,30.200001,30.5,28.65,29.299999,29.299999,731600,30.76666688888891,29.302381000000043,27.059200020000027,22.32410001499998,30.947338104248047,28.900000000000002,5.6223179538267125,0.0,-1.6473391042480472
2016-12-02,29.4,29.549999,28.4,28.9,28.9,840200,30.566666777777797,29.392857190476235,27.16300004000003,22.36290001999998,30.566247940063477,29.950000999999997,5.765563806448021,1.666247940063478,0.0
2016-12-05,29.0,30.1,28.950001,29.950001,29.950001,591000,30.505555777777797,29.535714333333377,27.29320004000003,22.40775002499998,30.204448699951172,29.75,0.849574929734298,0.0,-0.25444769995117156
2016-12-06,29.950001,30.049999,29.4,29.75,29.75,304300,30.355555777777795,29.666666714285757,27.422200060000026,22.44845001999998,29.898771286010742,30.200001,0.5000715496159401,0.1487712860107422,0.0
2016-12-07,29.799999,30.299999,29.790001,30.200001,30.200001,243100,30.238889222222237,29.79047628571433,27.557000100000028,22.491400019999983,29.794662475585938,31.049999,-1.3421804999743636,-0.4053385244140628,0.0
2016-12-08,30.25,31.1,30.049999,31.049999,31.049999,469900,30.200000222222243,29.935714333333376,27.70780008000003,22.539150014999983,30.029281616210938,31.299999,-3.2873346752412527,-1.0207173837890622,0.0
2016-12-09,31.200001,31.799999,30.700001,31.299999,31.299999,640800,30.211111111111133,30.064285714285752,27.86480004000003,22.58760000499998,30.509845733642578,31.65,-2.524451410868804,-0.7901532663574216,0.0
2016-12-12,31.049999,31.85,30.85,31.65,31.65,498200,30.255555555555574,30.221428571428607,28.011200040000034,22.636099999999978,30.883609771728516,32.150002,-2.4214541177613995,-0.766390228271483,0.0
2016-12-13,31.75,32.450001,31.25,32.150002,32.150002,705600,30.472222333333352,30.37857152380956,28.16780008000004,22.68720000999998,31.32017707824707,30.750000000000004,-2.5811037951192985,0.0,0.8298249217529303
2016-12-14,31.950001,32.400002,30.450001,30.75,30.75,771800,30.633333555555573,30.47142871428575,28.300200100000037,22.73200000499998,31.55261993408203,31.0,2.6101461270960367,0.8026199340820312,0.0
2016-12-15,31.0,31.450001,30.65,31.0,31.0,409600,30.866666888888908,30.583333476190514,28.416800100000035,22.778850009999978,31.57155418395996,30.450001,1.8437231740643902,0.0,-0.5715541839599609
2016-12-16,31.200001,31.299999,30.450001,30.450001,30.450001,601900,30.922222444444465,30.65000023809528,28.50900012000004,22.82455001999998,31.471521377563477,30.649999999999995,3.354746614174089,1.0215203775634762,0.0
2016-12-19,30.65,30.950001,30.5,30.65,30.65,243500,31.022222444444463,30.700000238095278,28.60800010000004,22.871400014999978,31.300081253051758,30.049998999999996,2.120982881082412,0.0,-0.6500812530517592
2016-12-20,30.700001,30.75,29.5,30.049999,30.049999,572900,31.005555555555574,30.669047761904796,28.69300010000004,22.915450009999976,30.97919273376465,29.999999999999996,3.092158950702956,0.0,-0.9291937337646488
2016-12-21,29.950001,30.5,29.65,30.0,30.0,287700,30.88888900000002,30.645238238095274,28.78200012000004,22.960300004999976,30.70866584777832,29.650000000000002,2.3622194925944013,0.0,-0.7086658477783203
2016-12-22,30.0,30.049999,29.030001,29.65,29.65,599100,30.705555777777793,30.57619061904765,28.86300012000004,23.004100009999974,30.442537307739258,29.75,2.6729757427968273,0.7925373077392592,0.0
2016-12-23,29.5,29.92,29.200001,29.75,29.75,359100,30.494444666666684,30.50476204761908,28.948000120000042,23.046750014999976,30.199161529541016,29.999999999999996,1.5097866539193803,0.4491615295410156,0.0
2016-12-27,29.6,30.200001,29.58,30.0,30.0,376900,30.255555555555574,30.438095380952415,29.029000100000044,23.091600009999976,30.045820236206055,29.450001,0.15273412068684897,0.0,-0.04582023620605469
2016-12-28,30.1,30.25,29.4,29.450001,29.450001,184700,30.11111122222224,30.354762047619083,29.105000120000042,23.136100019999976,29.962726593017578,29.85,1.7410036523176273,0.5127255930175778,0.0
2016-12-29,29.5,29.85,29.48,29.85,29.85,181100,29.983333444444465,30.288095380952416,29.18700012000004,23.18330001999998,29.88340950012207,29.650000000000002,0.1119246235245189,0.0,-0.03340950012206889
2016-12-30,29.85,29.85,29.200001,29.65,29.65,283200,29.894444444444463,30.261904857142888,29.26000012000004,23.226350014999976,29.881858825683594,29.5,0.7819859213611979,0.0,-0.23185882568359517
2017-01-03,29.950001,30.200001,29.200001,29.5,29.5,236600,29.76666666666669,30.271428714285747,29.33200012000004,23.26645001499998,29.900896072387695,30.049998999999996,1.3589697369074418,0.4008960723876953,0.0
2017-01-04,29.5,30.129999,29.5,30.049999,30.049999,210200,29.76666666666669,30.326190571428604,29.410000100000037,23.310850009999978,29.9008731842041,29.6,-0.4962589709101093,0.0,0.14912581579589812
2017-01-05,30.1,30.1,29.42,29.6,29.6,138600,29.722222222222246,30.30952385714289,29.457000100000037,23.35330000499998,29.90105628967285,29.349999999999998,1.0170820597055747,0.0,-0.30105628967285014
2017-01-06,29.75,29.85,29.23,29.35,29.35,187600,29.68888888888892,30.290476238095273,29.525000080000037,23.39585000499998,29.86153793334961,29.549999,1.7428890403734514,0.511537933349608,0.0
2017-01-09,29.299999,29.75,29.1,29.549999,29.549999,237800,29.666666555555587,30.25952376190479,29.583000060000035,23.439349999999976,29.816314697265625,29.9,0.9012375846971274,0.2663156972656253,0.0
2017-01-10,29.549999,30.280001,29.4,29.9,29.9,189800,29.655555444444474,30.204761904761934,29.62900006000004,23.485300004999978,29.843894958496094,30.15,-0.18764227927727367,-0.05610504150390483,0.0
2017-01-11,29.9,30.25,29.700001,30.15,30.15,228800,29.73333311111114,30.15000004761908,29.68800004000004,23.529100009999976,29.903457641601562,29.9,-0.8177192650031048,0.0,0.24654235839843608
2017-01-12,30.049999,30.049999,29.1,29.9,29.9,157700,29.73888866666669,30.066666714285745,29.730000060000044,23.57100000999997,29.895172119140625,30.299999,-0.016146758727001935,-0.004827880859373579,0.0
2017-01-13,30.049999,30.700001,30.049999,30.299999,30.299999,241000,29.811110777777806,29.978571333333363,29.797000020000045,23.61395000999997,30.056236267089844,29.5,-0.8044974949014221,0.0,0.24376273291015593
2017-01-17,30.25,30.25,29.450001,29.5,29.5,340700,29.811110777777806,29.919047523809553,29.847000020000046,23.65440000999997,30.13003158569336,29.780001,2.1357002904859637,0.6300315856933594,0.0
2017-01-18,29.65,30.0,29.65,29.780001,29.780001,340000,29.781111000000028,29.860952333333362,29.90360002000005,23.697200019999972,30.117164611816406,30.200001,1.1321813314123383,0.33716361181640764,0.0
2017-01-19,29.799999,30.4,29.799999,30.200001,30.200001,533200,29.847777777777804,29.8490475714286,29.967600040000047,23.743050019999973,30.150245666503906,30.850000000000005,-0.16475275446545207,-0.04975533349609407,0.0
2017-01-20,30.450001,31.200001,30.0,30.85,30.85,690800,30.014444444444468,29.858571380952412,30.032600040000048,23.791900019999975,30.354175567626953,31.399999999999995,-1.6072104777084224,-0.4958244323730483,0.0
2017-01-23,30.950001,31.629999,30.950001,31.4,31.4,897000,30.220000111111133,29.922857142857175,30.10060004000005,23.844000019999974,30.601428985595703,36.049999,-2.5432197910964827,-0.7985710144042955,0.0
2017-01-24,33.349998,36.25,32.700001,36.049999,36.049999,2351300,30.903333333333357,30.210952333333363,30.249600020000052,23.918650009999975,31.765947341918945,36.5,-11.88363877092217,-4.284051658081054,0.0
2017-01-25,36.450001,37.549999,36.150002,36.5,36.5,1212500,31.608888888888917,30.53714280952384,30.412600020000056,23.994850009999972,33.213653564453125,36.25,-9.003688864511988,0.0,3.286346435546875
2017-01-26,36.450001,36.5,35.900002,36.25,36.25,442000,32.314444444444476,30.84666661904765,30.560600020000056,24.06975000999997,34.35736083984375,36.25,-5.221073545258621,0.0,0.0
2017-01-27,36.25,36.650002,36.150002,36.25,36.25,340200,32.97555566666669,31.144285666666697,30.709600040000055,24.142450014999973,35.35358810424805,36.099998,-2.472860402074353,0.0,0.8964118957519531
2017-01-30,36.25,36.349998,35.599998,36.099998,36.099998,429600,33.7088887777778,31.46095219047622,30.858600000000052,24.21135000499997,36.16123580932617,36.5,0.16963383024611942,0.06123780932617251,0.0
2017-01-31,35.849998,36.599998,35.849998,36.5,36.5,377400,34.455555333333365,31.777618857142887,31.00760002000005,24.28420000499997,36.46628189086914,36.349998,-0.09237838118043665,0.0,0.033718109130859375
2017-02-01,36.75,37.049999,36.099998,36.349998,36.349998,313900,35.13888833333337,32.09666638095241,31.14259998000005,24.35609999999997,36.48454666137695,36.150002,0.37014764451143506,0.0,-0.13454866137695376
2017-02-02,35.799999,36.450001,35.549999,36.150002,36.150002,542500,35.72777744444448,32.41333314285718,31.251600000000053,24.42665000499997,36.43062973022461,37.099998,0.7762869009650643,0.28062773022460874,0.0
2017-02-03,36.400002,37.200001,36.200001,37.099998,37.099998,433000,36.3611105555556,32.74904738095241,31.38359996000005,24.50344999499997,36.53054428100586,36.599998,-1.5349157673651086,0.0,0.56945371899414
2017-02-06,36.849998,36.950001,36.049999,36.599998,36.599998,283700,36.422221555555595,33.082380619047655,31.49359992000005,24.576199989999967,36.629730224609375,36.599998,0.08123559080351762,0.0,0.0
2017-02-07,36.599998,37.07,36.349998,36.599998,36.599998,371700,36.43333244444448,33.42761861904766,31.60059988000005,24.64969997999997,36.71377944946289,38.75,0.31087829420889934,0.11378144946289126,0.0
2017-02-08,36.549999,39.5,36.25,38.75,38.75,1296600,36.71111022222226,33.86571390476194,31.74759988000005,24.735399974999968,37.05259704589844,39.549999,-4.380394720262096,-1.6974029541015625,0.0
2017-02-09,38.75,41.099998,38.599998,39.549999,39.549999,1288200,37.077776777777814,34.3252376666667,31.91459984000005,24.817449974999967,37.8484001159668,39.650002,-4.30239930987913,-1.7015988840332028,0.0
2017-02-10,39.900002,40.099998,39.349998,39.650002,39.650002,397800,37.472221666666705,34.77761871428575,32.08259988000005,24.911849984999968,38.43812942504883,39.099998,-3.0564250033358698,0.0,1.2118725749511725
2017-02-13,39.75,40.150002,38.950001,39.099998,39.099998,370500,37.76111033333338,35.215713857142894,32.26059982000005,25.001049974999965,38.93901062011719,39.450001,-0.41173245042828865,-0.16098737988281187,0.0
2017-02-14,39.099998,39.650002,38.900002,39.450001,39.450001,338300,38.10555511111116,35.65142823809528,32.46359986000005,25.093949974999965,39.35919189453125,40.0,-0.23018784072717846,-0.09080910546875032,0.0
2017-02-15,39.25,40.25,38.849998,40.0,40.0,362100,38.533332666666716,36.15142823809528,32.685599860000046,25.189999969999963,39.68394088745117,39.349998,-0.7901477813720702,0.0,0.3160591125488281
2017-02-16,40.0,40.200001,38.700001,39.349998,39.349998,489400,38.783332666666716,36.607142380952425,32.87359980000005,25.28244995499996,39.722015380859375,39.0,0.9454063526493081,0.0,-0.37201738085937563
2017-02-17,39.200001,39.299999,38.799999,39.0,39.0,454700,39.0499995555556,37.026189952380996,33.058599800000046,25.37314994999996,39.58306884765625,39.349998,1.495048327323718,0.58306884765625,0.0
2017-02-21,39.049999,39.349998,38.599998,39.349998,39.349998,773400,39.35555511111116,37.43095176190481,33.24159974000005,25.46784993999996,39.5201301574707,38.25,0.43235620360312027,0.0,-0.17013215747070376
2017-02-22,39.299999,39.450001,37.700001,38.25,38.25,713600,39.2999995555556,37.757142238095284,33.38559976000005,25.556099939999957,39.37954330444336,37.400002,2.953054390701593,0.0,-1.1295433044433594
2017-02-23,38.450001,39.0,36.650002,37.400002,37.400002,645600,39.06111100000004,37.82142809523814,33.507599820000046,25.64124994499996,38.99824905395508,37.299999,4.2733876162762705,0.0,-1.5982470539550775
2017-02-24,36.799999,37.650002,36.049999,37.299999,37.299999,571000,38.7999995555556,37.85952328571433,33.62059980000004,25.725199939999957,38.44370651245117,36.650002,3.066240061966683,0.0,-1.1437075124511722
2017-02-27,37.25,37.25,36.200001,36.650002,36.650002,532400,38.527777777777814,37.87857100000004,33.71059980000005,25.80764994999996,37.97726058959961,35.599998,3.621442065950252,0.0,-1.3272585895996087
2017-02-28,36.5,36.5,35.25,35.599998,35.599998,599600,38.09999966666671,37.847618523809565,33.807599760000045,25.887849944999957,37.35088348388672,36.400002,4.918217927671567,1.7508854838867194,0.0
2017-03-01,36.099998,36.849998,36.049999,36.400002,36.400002,542200,37.69999988888893,37.86190442857147,33.915599800000045,25.972599949999957,36.93186950683594,35.549999,1.4611743890451898,0.0,-0.5318675068359369
2017-03-02,36.400002,36.549999,35.380001,35.549999,35.549999,422800,37.27777777777783,37.81666628571433,34.017599760000046,26.052649939999956,36.56816864013672,35.599998,2.8640497012017327,1.018169640136719,0.0
2017-03-03,35.5,35.779999,35.25,35.599998,35.599998,430600,36.89999977777783,37.780952000000035,34.116599720000046,26.13464992499995,36.27631378173828,35.5,1.899763538577395,0.0,-0.6763157817382819
2017-03-06,35.349998,35.75,35.299999,35.5,35.5,353000,36.47222222222227,37.749999523809564,34.22559974000004,26.214349929999955,36.011924743652344,35.549999,1.4420415314150528,0.5119247436523438,0.0
2017-03-07,35.400002,36.080002,35.299999,35.549999,35.549999,388200,36.17222211111116,37.67619004761908,34.336599720000045,26.29419992499995,35.94624710083008,35.450001,1.1146219746168726,0.0,-0.39624810083007844
2017-03-08,35.849998,35.900002,35.380001,35.450001,35.450001,436600,35.955555333333386,37.62142828571432,34.45259974000004,26.373249934999954,35.82936477661133,35.75,1.0701375625104435,0.3793637766113278,0.0
2017-03-09,35.5,35.950001,35.200001,35.75,35.75,375400,35.783333222222275,37.580952190476225,34.572599740000044,26.454499934999955,35.7685546875,35.419998,0.051901223776223776,0.0,-0.0185546875
2017-03-10,35.650002,36.25,35.150002,35.419998,35.419998,613700,35.646666111111166,37.4223806666667,34.680999700000044,26.531899919999955,35.798160552978516,34.599998,1.0676526660970336,0.0,-0.378162552978516
2017-03-13,35.400002,35.599998,34.200001,34.599998,34.599998,923500,35.53555500000006,37.18666633333337,34.78399964000004,26.605549904999954,35.68683624267578,33.0,3.1411511719618654,0.0,-1.0868382426757819
2017-03-14,34.450001,34.450001,32.599998,33.0,33.0,1663700,35.15777700000006,36.86999957142861,34.84699964000004,26.671249899999953,35.28852844238281,33.650002,6.9349346738873106,2.2885284423828125,0.0
2017-03-15,33.200001,34.0,33.0,33.650002,33.650002,1232900,34.94666622222228,36.61047595238099,34.926999680000044,26.739699914999957,34.83713912963867,33.599998,3.527896163687215,0.0,-1.1871371296386712
2017-03-16,33.849998,34.049999,33.5,33.599998,33.599998,843900,34.72444400000005,36.331904380952416,35.00899964000004,26.805799909999955,34.451900482177734,35.150002,2.5354242050185096,0.851902482177735,0.0
2017-03-17,33.349998,35.349998,33.099998,35.150002,35.150002,1494000,34.68555533333338,36.10095209523813,35.11099970000004,26.88039991999996,34.248870849609375,36.75,-2.5636731127088574,-0.9011311503906256,0.0
2017-03-20,35.0,36.799999,34.450001,36.75,36.75,1397300,34.81888877777782,35.9771426666667,35.253999700000044,26.96249991999996,34.50443649291992,35.150002,-6.110376890013818,0.0,2.245563507080078
2017-03-21,37.049999,37.200001,35.099998,35.150002,35.150002,999600,34.785555555555604,35.79380942857146,35.36999974000005,27.036649929999964,35.02884292602539,35.900002,-0.34469151374332785,-0.12115907397461001,0.0
2017-03-22,35.150002,35.950001,34.400002,35.900002,35.900002,781900,34.802222444444496,35.62952390476193,35.49699980000005,27.112999944999967,35.33942413330078,37.0,-1.5614981489394328,-0.5605778666992194,0.0
2017-03-23,35.900002,37.400002,35.700001,37.0,37.0,1085200,34.97777822222227,35.57000009523812,35.63899980000005,27.195199949999964,35.87462615966797,38.0,-3.041550919816301,-1.1253738403320312,0.0
2017-03-24,37.150002,38.150002,37.150002,38.0,38.0,931000,35.355556222222276,35.59857142857146,35.79599980000005,27.281249944999963,36.56306838989258,39.400002,-3.7813989739669,-1.4369316101074219,0.0
2017-03-27,37.450001,39.700001,37.0,39.400002,39.400002,1209500,36.066667555555604,35.6985715714286,35.98599984000005,27.37564995499996,37.15599822998047,39.599998,-5.695440751550042,-2.244003770019532,0.0
2017-03-28,39.450001,39.799999,38.799999,39.599998,39.599998,952200,36.72777822222228,35.8390475714286,36.17199982000004,27.47434993999996,37.85831069946289,38.599998,-4.398200476012925,0.0,1.7416873005371087
2017-03-29,39.5,39.599998,37.849998,38.599998,38.599998,1099200,37.283333777777834,35.98190471428575,36.35399978000004,27.56789993499996,38.499114990234375,37.349998,-0.26135496112104556,0.0,0.10088300976562437
2017-03-30,38.549999,38.950001,37.349998,37.349998,37.349998,838200,37.52777777777784,36.02714261904765,36.505399720000035,27.654149924999956,38.70551300048828,36.049999,3.6292237565535665,0.0,-1.3555150004882819
2017-03-31,37.349998,37.349998,35.049999,36.049999,36.049999,1677700,37.449999888888954,36.05095214285718,36.622399680000036,27.733899919999953,38.401554107666016,34.700001,6.523037927590555,0.0,-2.351555107666016
2017-04-03,36.049999,36.349998,34.580002,34.700001,34.700001,813500,37.39999977777784,36.00809514285718,36.69939970000004,27.806249924999957,37.703548431396484,34.0,8.65575603699978,0.0,-3.003547431396484
2017-04-04,34.599998,34.950001,33.849998,34.0,34.0,1224900,37.188888444444515,35.93666657142861,36.751399700000036,27.877299919999956,36.679893493652344,32.799999,7.882039687212776,0.0,-2.6798934936523438
2017-04-05,34.099998,34.349998,32.599998,32.799999,32.799999,1262700,36.72222166666674,35.80571419047622,36.68639970000004,27.941199914999952,35.61146545410156,33.299999,8.571544328710385,2.811466454101563,0.0
2017-04-06,32.900002,33.849998,32.75,33.299999,33.299999,560200,36.19999933333341,35.703333142857176,36.622399680000036,28.008999909999954,34.63776397705078,32.950001,4.017312364035751,0.0,-1.3377649770507816
2017-04-07,33.299999,33.5,32.799999,32.950001,32.950001,679100,35.48333255555562,35.56999985714289,36.556399700000036,28.076449919999956,34.03101348876953,32.450001,3.280766178943457,0.0,-1.081012488769531
2017-04-10,33.0,33.5,32.400002,32.450001,32.450001,429300,34.688888444444515,35.428571428571466,36.48039972000004,28.139699929999956,33.51972198486328,32.0,3.2965206529986886,0.0,-1.069720984863281
2017-04-11,32.349998,33.049999,31.67,32.0,32.0,1118200,33.9555553333334,35.30476200000004,36.39839976000004,28.205799924999955,33.14771270751953,31.299999,3.586602210998535,0.0,-1.1477127075195312
2017-04-12,32.0,32.0,31.1,31.299999,31.299999,694600,33.283333222222296,35.2238095714286,36.29439974000004,28.272199919999952,32.76999282836914,31.500000000000004,4.696466055379558,1.469993828369141,0.0
2017-04-13,32.049999,32.5,31.5,31.5,31.5,739300,32.77777777777785,35.12142852380956,36.19739978000004,28.339049924999955,32.507347106933594,31.9,3.19792732359871,1.0073471069335938,0.0
2017-04-17,31.6,31.950001,31.299999,31.9,31.9,650400,32.466666555555626,35.04047623809527,36.11239974000004,28.40699992999995,32.22946548461914,32.200001,1.0328071618154924,0.32946548461914205,0.0
2017-04-18,31.799999,32.450001,31.6,32.200001,32.200001,667900,32.26666666666674,34.900000000000034,36.01439980000004,28.47419993499995,32.08259201049805,31.799998999999996,-0.36462417967612315,0.0,0.11740898950195344
2017-04-19,32.349998,32.599998,31.65,31.799999,31.799999,1045100,32.15555555555562,34.6642856666667,35.91839982000005,28.540449934999952,32.102210998535156,32.75,0.950352226536726,0.30221199853515657,0.0
2017-04-20,32.0,33.0,31.65,32.75,32.75,771700,32.09444455555562,34.54999985714289,35.841399860000045,28.61359992999995,32.257347106933594,32.5,-1.5042836429508588,0.0,0.49265289306640625
2017-04-21,32.799999,33.549999,32.400002,32.5,32.5,723000,32.04444444444451,34.388095000000035,35.716399860000045,28.68454993499995,32.45637130737305,33.599998,-0.13424213115985575,-0.043628692626953125,0.0
2017-04-24,33.25,34.049999,33.150002,33.599998,33.599998,607000,32.172221888888956,34.226190142857185,35.597399840000044,28.76019992999995,32.826480865478516,34.049999,-2.302134465964801,-0.7735171345214837,0.0
2017-04-25,34.0,34.349998,33.75,34.049999,34.049999,514000,32.399999555555624,34.038094857142895,35.485399780000044,28.83549992499995,33.23080825805664,32.75,-2.405846596187445,0.0,0.8191907419433591
2017-04-26,33.950001,33.950001,32.700001,32.75,32.75,763800,32.56111077777784,33.72142809523813,35.358399820000045,28.90299992499995,33.46152114868164,33.400002,2.1725836600966124,0.7115211486816406,0.0
2017-04-27,32.849998,33.599998,32.700001,33.400002,33.400002,473500,32.772222111111176,33.42619019047623,35.23739984000005,28.97204993499995,33.567684173583984,33.150002,0.5020424058177714,0.0,-0.16768217358398374
2017-04-28,33.450001,34.0,32.799999,33.150002,33.150002,496500,32.91111122222229,33.16666657142861,35.10039988000005,29.03939994499995,33.655006408691406,34.099998,1.5233917895130311,0.5050044086914056,0.0
2017-05-01,33.299999,34.299999,32.700001,34.099998,34.099998,1005400,33.12222200000007,33.0119046666667,34.99539988000005,29.11144992999995,33.71165466308594,28.549999,-1.1388368319378257,0.0,0.38834333691406187
2017-05-02,33.099998,34.150002,28.5,28.549999,28.549999,3677400,32.761110888888965,32.65476180952384,34.78639986000005,29.15434992999995,33.21025848388672,27.73,16.32315112826,0.0,-4.660259483886719
2017-05-03,28.700001,29.0,27.25,27.73,27.73,1411200,32.203333111111185,32.322857000000035,34.55399990000005,29.194299929999946,32.00841522216797,29.950000999999997,15.428832391518096,4.278415222167968,0.0
2017-05-04,28.15,31.049999,28.0,29.950001,29.950001,1882100,31.919999888888963,32.12999990476194,34.387999920000055,29.245699934999948,31.221771240234375,30.4,4.246311177867322,1.2717702402343747,0.0
2017-05-05,30.200001,30.5,29.700001,30.4,30.4,1252500,31.564444555555625,32.01571423809527,34.24799988000005,29.298649939999947,30.6085262298584,30.450001,0.6859415455868416,0.20852622985839986,0.0
2017-05-08,30.299999,30.700001,30.200001,30.450001,30.450001,738200,31.16444477777784,31.880000047619085,34.11099992000005,29.352799939999944,29.99272346496582,31.299999,-1.5017324138484593,-0.45727753503418,0.0
2017-05-09,30.9,31.48,30.35,31.299999,31.299999,812000,31.00333355555562,31.80142852380956,34.00399986000005,29.410549934999946,30.111787796020508,32.549999,-3.7962020509313494,-1.1882112039794919,0.0
2017-05-10,31.299999,32.900002,31.25,32.549999,32.549999,981800,30.908888777777847,31.806190333333365,33.94299988000005,29.474049929999943,30.885324478149414,32.0,-5.114207597519697,0.0,1.6646745218505856
2017-05-11,32.400002,32.52,31.65,32.0,32.0,529800,30.78111077777785,31.806190333333365,33.85499984000005,29.53294993499994,31.435171127319336,31.950001,-1.7650902271270752,0.0,0.5648288726806641
2017-05-12,31.950001,32.349998,31.1,31.950001,31.950001,528800,30.542222222222296,31.837142809523844,33.78299988000005,29.590599939999944,31.7347412109375,32.650002,-0.6737395377937556,-0.21525978906250032,0.0
2017-05-15,32.0,33.0,32.0,32.650002,32.650002,513000,30.99777811111118,31.891904809523844,33.72399996000005,29.652449944999944,32.111873626708984,33.25,-1.6481725584305207,-0.5381283732910163,0.0
2017-05-16,32.400002,33.5,32.400002,33.25,33.25,574000,31.611111444444514,31.956190523809557,33.67899996000005,29.71819994499994,32.491363525390625,30.950001,-2.2816134574718046,0.0,0.758636474609375
2017-05-17,32.599998,32.75,30.950001,30.950001,30.950001,959900,31.722222555555625,31.89666671428575,33.587000000000046,29.771099944999943,32.4483642578125,30.799999000000003,4.841238156381642,0.0,-1.4983632578124997
2017-05-18,30.75,31.049999,30.200001,30.799999,30.799999,546800,31.766666888888963,31.8490476666667,33.49399996000005,29.81844993999994,32.09489440917969,30.4,4.20420601046022,0.0,-1.2948954091796878
2017-05-19,30.950001,31.15,30.299999,30.4,30.4,411200,31.761111222222294,31.73714290476194,33.386999960000054,29.86849994499994,31.816802978515625,31.9,4.660536113538245,1.4168029785156264,0.0
2017-05-22,30.549999,32.0,30.549999,31.9,31.9,554900,31.827778000000066,31.708571476190507,33.31660000000005,29.92684994499994,31.609275817871094,31.700001,-0.9113610725044038,0.0,0.29072418212890483
2017-05-23,32.150002,32.5,31.35,31.700001,31.700001,591900,31.733333777777844,31.61809542857146,33.258600060000056,29.98254995499994,31.483936309814453,32.0,-0.6815920611029229,-0.2160646901855472,0.0
2017-05-24,31.85,32.099998,31.25,32.0,32.0,318300,31.733333777777844,31.520476428571463,33.23860006000005,30.03889995499994,31.516761779785156,31.200001,-1.5101194381713867,0.0,0.48323822021484375
2017-05-25,32.150002,32.5,31.049999,31.200001,31.200001,444700,31.650000444444508,31.44666695238099,33.18960004000005,30.090999954999944,31.703569412231445,31.399999999999995,1.6140012695238213,0.503568412231445,0.0
2017-05-26,31.15,31.6,31.0,31.4,31.4,306200,31.5111113333334,31.3514287619048,33.14560008000005,30.142499954999938,31.773595809936523,31.099999999999998,1.1897955730462575,0.0,-0.37359580993652486
2017-05-30,31.450001,31.700001,31.0,31.1,31.1,311700,31.272222444444512,31.253809619047658,33.06460004000005,30.19139995499994,31.75823974609375,29.999999999999996,2.1165265147708956,0.0,-0.6582397460937486
2017-05-31,31.1,31.35,29.9,30.0,30.0,539500,31.16666677777785,31.058571619047658,32.929600040000054,30.234699954999943,31.489791870117188,31.0,4.965972900390625,1.4897918701171875,0.0
2017-06-01,30.4,31.35,30.15,31.0,31.0,621100,31.18888911111118,31.175238333333375,32.84660000000005,30.281549959999943,31.290496826171875,31.299999,0.9370865360383065,0.290496826171875,0.0
2017-06-02,31.200001,31.700001,31.15,31.299999,31.299999,478800,31.288889000000072,31.345238285714323,32.75459994000005,30.329799954999945,31.25445556640625,31.15,-0.1455061822645735,0.0,0.04554343359374968
2017-06-05,31.200001,31.5,30.73,31.15,31.15,483200,31.20555566666674,31.40238109523813,32.63759994000005,30.37759995499994,31.231779098510742,32.75,0.2625332215433182,0.08177909851074361,0.0
2017-06-06,30.9,32.950001,30.799999,32.75,32.75,840000,31.322222222222294,31.51428585714289,32.53259994000005,30.432749959999942,31.39419937133789,32.549999,-4.139849247823235,0.0,1.3558006286621094
2017-06-07,32.849998,32.849998,32.099998,32.549999,32.549999,405400,31.383333222222298,31.614285761904792,32.39559988000005,30.48714995499994,31.805185317993164,32.950001,-2.2882141471243536,-0.7448136820068356,0.0
2017-06-08,32.650002,33.150002,32.150002,32.950001,32.950001,536200,31.57777766666674,31.69285728571432,32.26259994000005,30.54359995999994,32.20295333862305,32.299999,-2.2672158989523354,0.0,0.7470476613769534
2017-06-09,33.400002,35.150002,31.459999,32.299999,32.299999,1129800,31.677777555555636,31.68095252380956,32.136599960000055,30.59614994999994,32.57927703857422,32.75,0.8646379170916355,0.27927803857421907,0.0
2017-06-12,32.25,33.650002,31.65,32.75,32.75,587700,31.861110888888966,31.716666809523844,32.04460000000005,30.651399944999937,32.806968688964844,33.549999,0.1739501953125,0.05696868896484375,0.0
2017-06-13,33.299999,33.799999,32.799999,33.549999,33.549999,615000,32.2555552222223,31.792857190476223,31.994600000000055,30.711149939999938,33.10175704956055,32.599998,-1.3360416208639911,0.0,0.4482419504394528
2017-06-14,33.599998,33.950001,32.150002,32.599998,32.599998,486400,32.43333277777785,31.79047604761908,31.952599940000056,30.767299924999932,33.17118453979492,32.299999,1.7521060577823426,0.0,-0.5711865397949225
2017-06-15,31.9,32.450001,31.450001,32.299999,32.299999,322000,32.544443888888964,31.745237904761936,31.918599920000055,30.821899924999933,32.96399688720703,33.400002,2.0557210766694807,0.6639978872070316,0.0
2017-06-16,32.299999,33.599998,32.150002,33.400002,33.400002,745000,32.79444411111118,31.861904619047646,31.930599980000057,30.882399939999935,32.97703552246094,34.049999,-1.2663666233884152,-0.42296647753906313,0.0
2017-06-19,33.599998,34.200001,33.450001,34.049999,34.049999,465600,32.93888844444452,32.016666523809555,31.945599980000058,30.946699929999937,33.25612258911133,33.25,-2.331502009408786,0.0,0.7938764108886716
2017-06-20,34.0,34.299999,33.169998,33.25,33.25,339300,33.016666333333404,32.15238080952384,31.951599960000056,31.005899929999938,33.337928771972656,34.599998,0.2644474345042293,0.08792877197265625,0.0
2017-06-21,33.599998,34.950001,33.450001,34.599998,34.599998,514800,33.19999933333341,32.280952142857174,31.994599900000058,31.069749919999936,33.58650207519531,34.099998,-2.9291791427406637,0.0,1.0134959248046869
2017-06-22,34.400002,34.700001,33.419998,34.099998,34.099998,484100,33.3999992222223,32.39523771428575,32.03659986000005,31.131499909999935,33.97385025024414,35.299999,-0.3699347717142351,-0.12614774975585874,0.0
2017-06-23,34.150002,35.299999,33.75,35.299999,35.299999,618900,33.68333244444452,32.55238052380955,32.11659986000006,31.196199899999932,34.33423614501953,34.799999,-2.7358721879297176,0.0,0.9657628549804684
2017-06-26,35.400002,35.599998,34.299999,34.799999,34.799999,387900,33.82222133333341,32.723809000000024,32.18259984000006,31.257399899999932,34.577491760253906,33.549999,-0.6393886383332753,0.0,0.22250723974609343
2017-06-27,34.599998,34.700001,33.549999,33.549999,33.549999,575200,33.92777700000008,32.82618990476193,32.21559982000006,31.31744988999993,34.62118148803711,34.549999,3.1927943963190866,1.0711824880371097,0.0
2017-06-28,33.950001,34.700001,33.25,34.549999,34.549999,405800,34.17777700000008,32.99047557142859,32.26259978000006,31.38104988499993,34.58075714111328,33.950001,0.08902501303482402,0.0,-0.030758141113281567
2017-06-29,34.349998,34.349998,33.099998,33.950001,33.950001,462300,34.238888000000074,33.17857085714288,32.305599820000054,31.44449988999993,34.515750885009766,34.299999,1.666420819869093,0.5657498850097653,0.0
2017-06-30,33.950001,34.450001,33.650002,34.299999,34.299999,372500,34.26666577777785,33.335713666666685,32.33659980000006,31.509649884999927,34.41225051879883,34.299999,0.32726391274480343,0.0,0.0
2017-07-03,34.599998,35.099998,34.07,34.299999,34.299999,235200,34.38333233333341,33.47857080952383,32.37259978000006,31.570349879999927,34.33840560913086,34.700001,0.11197262463727678,0.03840660913085969,0.0
2017-07-05,34.299999,34.830002,34.0,34.700001,34.700001,285900,34.39444377777785,33.6476184761905,32.39459984000006,31.631349884999928,34.42399597167969,34.700001,-0.7954035169056992,0.0,0.0
2017-07-06,34.200001,34.98,34.150002,34.700001,34.700001,304700,34.461110777777854,33.74047566666669,32.407599880000056,31.691799884999927,34.5054931640625,35.450001,-0.5605412977869952,-0.19450783593750032,0.0
2017-07-07,34.799999,35.849998,34.450001,35.450001,35.450001,364300,34.47777766666674,33.87857100000003,32.46159990000005,31.75579988999993,34.77128219604492,35.900002,-1.914580493115017,-0.6787188039550784,0.0
2017-07-10,35.150002,36.200001,35.0,35.900002,35.900002,368300,34.60000022222229,34.01904723809527,32.51159990000006,31.81794990499993,35.08693313598633,36.450001,-2.2648156510232855,-0.8130688640136725,0.0
2017-07-11,35.900002,36.5,35.700001,36.450001,36.450001,337000,34.92222266666673,34.21666638095241,32.57759988000005,31.881649914999933,35.43415451049805,36.75,-2.786958742475627,-1.0158464895019534,0.0
2017-07-12,36.599998,37.400002,36.599998,36.75,36.75,534600,35.16666722222229,34.4071425714286,32.63059992000005,31.948199909999936,35.93723678588867,37.650002,-2.211600582615859,-0.8127632141113281,0.0
2017-07-13,36.799999,37.799999,36.73,37.650002,37.650002,454800,35.577778444444505,34.602380809523844,32.81259998000005,32.019949924999935,36.482330322265625,38.25,-3.101385433483843,-1.1676716777343756,0.0
2017-07-14,37.75,38.450001,37.5,38.25,38.25,390000,36.0166674444445,34.871428523809556,33.02299998000005,32.093899929999935,37.05358123779297,37.299999,-3.1278921887765523,0.0,1.1964187622070312
2017-07-17,38.200001,38.98,37.099998,37.299999,37.299999,476100,36.350000777777836,35.10952376190479,33.169999940000054,32.16284992499994,37.49248504638672,37.150002,0.5160483955689089,0.0,-0.19248604638671907
2017-07-18,37.150002,37.299999,36.75,37.150002,37.150002,263500,36.62222311111117,35.28809519047622,33.304999980000055,32.231349929999936,37.60845947265625,37.900002,1.2340711923952234,0.45845747265624937,0.0
2017-07-19,37.450001,38.0,37.25,37.900002,37.900002,230300,36.97777877777784,35.4714286666667,33.45400000000006,32.29919993999994,37.75208282470703,37.849998,-0.3902880408633471,0.0,0.14791917529296938
2017-07-20,38.049999,38.450001,37.599998,37.849998,37.849998,176500,37.24444511111117,35.690476190476225,33.584999980000056,32.36684992999994,37.89636993408203,38.200001,0.12251502386349368,0.046371934082031885,0.0
2017-07-21,38.150002,38.450001,37.599998,38.200001,38.200001,232800,37.500000555555616,35.861904904761936,33.69800002000005,32.43719993999994,37.93812561035156,40.450001,-0.6855376512907364,-0.2618753896484378,0.0
2017-07-24,39.200001,40.5,38.950001,40.450001,40.450001,842900,37.94444500000006,36.16428600000003,33.86700004000005,32.51359994499994,38.42948532104492,39.75,-4.995094262062141,0.0,2.0205156789550784
2017-07-25,40.5,40.900002,39.650002,39.75,39.75,583500,38.277778333333394,36.37619080952385,34.023000020000055,32.58314994499994,39.07075119018555,38.450001,-1.7088020372690644,0.0,0.6792488098144531
2017-07-26,38.549999,39.0,37.849998,38.450001,38.450001,549900,38.36666711111117,36.550000428571465,34.13900000000005,32.646899944999944,39.15660095214844,37.049999,1.8377111411477913,0.0,-0.7065999521484372
2017-07-27,38.650002,38.900002,36.25,37.049999,37.049999,652000,38.233333666666724,36.71666709523814,34.21499998000005,32.70314994499994,39.01021957397461,37.799999,5.2907439322052605,1.9602205739746097,0.0
2017-07-28,36.849998,37.849998,36.799999,37.799999,37.799999,288300,38.28888922222228,36.87142900000004,34.351999940000056,32.764399944999944,38.76301956176758,38.099998,2.5476735112283424,0.9630205617675784,0.0
2017-07-31,37.799999,38.200001,37.400002,38.099998,38.099998,301700,38.39444433333339,37.069047904761945,34.497999920000055,32.826899934999936,38.412696838378906,38.599998,0.8207319023452623,0.3126988383789069,0.0
2017-08-01,38.450001,38.700001,37.849998,38.599998,38.599998,335900,38.472221666666734,37.27380976190481,34.661999880000046,32.892399924999935,38.137577056884766,36.200001,-1.197981779986708,0.0,0.46242094311523374
2017-08-02,37.950001,38.049999,36.0,36.200001,36.200001,547900,38.288888666666736,37.364286047619096,34.747999900000046,32.94364992499994,37.847171783447266,35.950001,4.550195408688705,0.0,-1.6471707834472653
2017-08-03,36.400002,36.84,35.200001,35.950001,35.950001,604900,38.038888666666736,37.423809857142906,34.83299990000005,32.99514992999994,37.49741744995117,35.349998,4.304357181940472,0.0,-1.5474164499511716
2017-08-04,36.150002,36.349998,34.599998,35.349998,35.349998,900600,37.47222166666674,37.45476209523814,34.899999860000044,33.043149919999934,37.122474670410156,38.150002,5.014078559241098,1.7724766704101569,0.0
2017-08-07,40.25,40.25,36.700001,38.150002,38.150002,1670700,37.29444411111118,37.58333357142861,35.03899988000005,33.10389992999994,37.467838287353516,37.75,-1.7881092447819138,0.0,0.682163712646485
2017-08-08,38.450001,38.849998,37.0,37.75,37.75,794400,37.2166662222223,37.67142871428576,35.165999880000044,33.16314992999994,37.417598724365234,37.0,-0.8805331804894454,0.0,0.3324012756347656
2017-08-09,37.349998,38.299999,36.700001,37.0,37.0,710800,37.211110777777854,37.697619142857185,35.283999880000046,33.21739992999994,37.43545913696289,35.75,1.1769165863861908,0.0,-0.4354591369628906
2017-08-10,36.650002,36.860001,35.650002,35.75,35.75,550600,36.983333111111186,37.650000095238134,35.39899988000005,33.25989992999994,37.345436096191406,35.700001,4.4627583110249125,0.0,-1.5954360961914062
2017-08-11,35.950001,36.150002,35.200001,35.700001,35.700001,396500,36.716666777777846,37.55714290476195,35.492999900000044,33.308649929999945,37.25845718383789,36.599998,4.365423361858983,1.5584561838378903,0.0
2017-08-14,36.200001,36.650002,35.849998,36.599998,36.599998,349500,36.494444555555624,37.47857138095243,35.598999880000044,33.35839991999994,36.83598709106445,36.400002,0.6447789725683968,0.0,-0.23598909106445376
2017-08-15,36.700001,37.400002,36.34,36.400002,36.400002,385400,36.516666888888956,37.435714380952426,35.703999920000044,33.402399929999945,36.639034271240234,36.0,0.6566820277653659,0.0,-0.23903227124023374
2017-08-16,36.450001,36.700001,35.900002,36.0,36.0,301800,36.5222223333334,37.38095238095243,35.76899992000004,33.446399924999945,36.44700241088867,35.049999,1.241673363579644,0.0,-0.4470024108886719
2017-08-17,35.75,36.25,35.0,35.049999,35.049999,352100,36.488889111111185,37.245237952381004,35.81899992000004,33.48264992499994,36.28083038330078,35.25,3.5116445603915185,1.2308313833007816,0.0
2017-08-18,34.75,35.400002,34.5,35.25,35.25,295800,36.16666666666674,37.12142852380957,35.86499990000004,33.52414991999994,36.082244873046875,34.5,2.360978363253546,0.0,-0.832244873046875
2017-08-21,35.049999,35.549999,34.200001,34.5,34.5,403100,35.80555555555563,36.945238000000046,35.90899992000004,33.561649919999944,35.773834228515625,35.5,3.6922731261322466,1.273834228515625,0.0
2017-08-22,34.75,35.650002,34.75,35.5,35.5,339000,35.638888888888964,36.70952366666671,35.96399992000004,33.60439991499994,35.5039176940918,35.25,0.01103575800506162,0.0,-0.003917694091796875
2017-08-23,34.599998,35.419998,34.049999,35.25,35.25,1552700,35.58333333333341,36.495237952381,35.99799994000004,33.64564991499994,35.31419372558594,35.349998,0.18210985981826242,0.0641937255859375,0.0
2017-08-24,35.5,36.25,35.200001,35.349998,35.349998,4857400,35.54444411111119,36.347618761904805,36.05299994000004,33.684399904999935,35.60169982910156,34.799999,0.7120278453808205,0.0,-0.25170182910156313
2017-08-25,35.5,35.849998,34.650002,34.799999,34.799999,830200,35.3444442222223,36.240475904761944,36.10299994000004,33.71839989999994,35.51251220703125,35.099998,2.0474518031774953,0.7125132070312503,0.0
2017-08-28,35.049999,35.349998,34.549999,35.099998,35.099998,588800,35.199999333333416,36.11190442857147,36.13699986000004,33.750899889999936,35.41643142700195,35.0,0.9015197864169501,0.0,-0.31643342700195376
2017-08-29,34.599998,35.150002,34.549999,35.0,35.0,506000,35.08888822222231,35.96428547619052,36.15599988000004,33.78414988999993,35.22048568725586,36.0,0.6299591064453125,0.22048568725585938,0.0
2017-08-30,35.099998,36.099998,35.0,36.0,36.0,776000,35.19444388888897,35.84047604761909,36.21099988000004,33.81989988999993,35.327396392822266,35.849998,-1.8683433532714844,0.0,0.6726036071777344
2017-08-31,36.200001,36.200001,35.25,35.849998,35.849998,523200,35.26111033333341,35.82380923809528,36.23599988000004,33.855149884999925,35.528045654296875,36.900002,-0.8980540130103336,-0.32195234570312437,0.0
2017-09-01,36.0,37.049999,35.849998,36.900002,36.900002,771700,35.5277772222223,35.869047380952416,36.29199996000004,33.89639989499993,35.82766342163086,35.950001,-2.9060664505360765,0.0,1.0723385783691413
2017-09-05,36.849998,37.349998,35.549999,35.950001,35.950001,919000,35.57777733333341,35.897618952380995,36.305000000000035,33.93089990499993,36.1177978515625,36.450001,0.466750617232249,0.16779685156249968,0.0
2017-09-06,36.099998,36.799999,35.880001,36.450001,36.450001,418900,35.711110777777854,35.816666523809566,36.33800004000003,33.96514990999993,36.355167388916016,36.5,-0.26017450886759835,-0.09483361108398469,0.0
2017-09-07,36.700001,37.049999,36.099998,36.5,36.5,511900,35.838888777777846,35.757142714285756,36.39700006000003,33.99414990499993,36.54472351074219,36.650002,0.12253016641695207,0.0447235107421875,0.0
2017-09-08,36.450001,37.0,36.200001,36.650002,36.650002,604700,36.044444666666735,35.74047614285718,36.43900012000003,34.024899914999935,36.67408752441406,37.849998,0.06571766193644919,0.024085524414061865,0.0
2017-09-11,37.099998,38.0,36.849998,37.849998,37.849998,498400,36.350000222222285,35.84047604761909,36.51700006000003,34.05864990499993,36.90056228637695,38.150002,-2.508416813187272,-0.9494357136230462,0.0
2017-09-12,38.0,38.549999,37.900002,38.150002,38.150002,669700,36.7000004444445,35.9571427619048,36.59400012000003,34.093149914999934,37.30465316772461,38.450001,-2.215855276430631,-0.8453488322753913,0.0
2017-09-13,38.0,38.5,37.849998,38.450001,38.450001,390500,36.97222277777783,36.04523814285718,36.67700016000003,34.128399919999936,37.667076110839844,38.599998,-2.036215523531863,-0.7829248891601566,0.0
2017-09-14,38.450001,39.099998,38.299999,38.599998,38.599998,520000,37.27777833333338,36.1499998571429,36.75500010000003,34.16539990499993,38.069801330566406,39.299999,-1.3735665722925507,-0.5301966694335931,0.0
2017-09-15,38.700001,39.549999,38.200001,39.299999,39.299999,757200,37.54444466666671,36.30714266666671,36.847000060000035,34.20564989999993,38.54227066040039,39.950001,-1.9280619818835343,-0.7577283395996091,0.0
2017-09-18,39.5,40.0,39.400002,39.950001,39.950001,600200,37.988889111111156,36.54047609523814,36.93700006000003,34.25439989999993,38.99951171875,39.799999,-2.37919714007016,0.0,0.9504892812500003
2017-09-19,40.0,40.299999,39.450001,39.799999,39.799999,710800,38.361111111111164,36.757142714285756,37.01500000000003,34.306899899999934,39.36119842529297,39.799999,-1.102514034502943,0.0,0.0
2017-09-20,39.900002,40.0,39.400002,39.799999,39.799999,811300,38.72777766666672,37.00952361904766,37.08199996000003,34.361399894999934,39.65434265136719,39.950001,-0.3659707344033154,-0.14565634863281218,0.0
2017-09-21,39.799999,40.75,39.450001,39.950001,39.950001,677500,39.09444422222228,37.22142842857147,37.145999980000035,34.41139989499993,39.90287780761719,40.400002,-0.11795542228600399,-0.04712319238281282,0.0
2017-09-22,39.900002,40.650002,39.650002,40.400002,40.400002,734900,39.37777800000005,37.46666661904766,37.200999980000034,34.46464990499993,40.13468933105469,39.799999,-0.6567144945817407,0.0,0.26531266894531313
2017-09-25,40.150002,40.150002,39.209999,39.799999,39.799999,590300,39.56111100000005,37.678571428571466,37.23199996000003,34.51264989499993,40.1300163269043,39.849998,0.8291892844125378,0.3300173269042972,0.0
2017-09-26,39.950001,40.240002,39.549999,39.849998,39.849998,789600,39.71666622222227,37.919047571428614,37.28299994000003,34.55664988999993,40.13536834716797,41.049999,0.7161113211799142,0.2853703471679694,0.0
2017-09-27,40.200001,41.419998,39.950001,41.049999,41.049999,833900,39.988888555555604,38.20238095238099,37.36099988000003,34.60539988999993,40.345001220703125,41.299999,-1.7174124152764894,-0.7049977792968747,0.0
2017-09-28,41.099998,41.299999,40.450001,41.299999,41.299999,495700,40.211110777777826,38.50238090476194,37.42899982000003,34.65364988499993,40.55961990356445,41.150002,-1.7926855069307543,0.0,0.7403790964355466
2017-09-29,41.25,41.43,40.349998,41.150002,41.150002,625900,40.34444422222227,38.74761909523813,37.49499990000003,34.69864988499993,40.742618560791016,42.200001,-0.9899961589527627,-0.407383439208985,0.0
2017-10-02,40.950001,42.25,40.849998,42.200001,42.200001,557100,40.61111111111116,39.050000190476226,37.57499990000004,34.75589988999993,41.08704376220703,42.099998,-2.6373393635534965,0.0,1.112957237792969
2017-10-03,42.150002,42.5,41.75,42.099998,42.099998,652700,40.8666665555556,39.29761904761909,37.60799984000003,34.81139987999993,41.53990173339844,42.099998,-1.33039499574694,0.0,0.0
2017-10-04,42.25,42.25,41.599998,42.099998,42.099998,481200,41.10555511111115,39.590476047619084,37.654999800000034,34.86964986499993,41.80608367919922,41.049999,-0.6981338117896837,0.0,0.2939143208007806
2017-10-05,42.25,42.25,40.599998,41.049999,41.049999,875800,41.17777700000004,39.809523571428606,37.70699976000004,34.92164985999993,41.88604736328125,41.349998,2.03665866905685,0.8360483632812503,0.0
2017-10-06,40.75,41.599998,40.5,41.349998,41.349998,438200,41.34999911111115,40.040475857142894,37.792999740000035,34.97814985499993,41.830902099609375,41.5,1.1630087614741256,0.48090409960937563,0.0
2017-10-09,41.349998,41.650002,41.200001,41.5,41.5,407200,41.533332666666716,40.271428142857175,37.86699976000003,35.03564985499993,41.78208541870117,41.299999,0.6797239004847515,0.0,-0.2820854187011719
2017-10-10,41.700001,41.700001,41.099998,41.299999,41.299999,510900,41.561110444444495,40.43571390476194,37.930999780000036,35.09389984999993,41.667659759521484,41.200001,0.890219778265575,0.0,-0.3676607595214847
2017-10-11,41.299999,41.599998,41.150002,41.200001,41.200001,407800,41.5499995555556,40.580951952380985,37.98299984000003,35.15114985499993,41.52708435058594,41.650002,0.7938916083665561,0.3270833505859372,0.0
2017-10-12,41.099998,41.950001,40.950001,41.650002,41.650002,251400,41.60555511111116,40.733332952380984,38.09199986000004,35.20939986499993,41.518394470214844,41.349998,-0.31598445009716175,0.0,0.13160752978515688
2017-10-13,41.650002,41.75,41.150002,41.349998,41.349998,339000,41.511110333333384,40.86428533333336,38.199999800000036,35.26889984999993,41.59310531616211,40.599998,0.5879258232663277,0.0,-0.24310731616211
2017-10-16,41.400002,41.599998,40.5,40.599998,40.599998,360800,41.344443666666706,40.92619004761908,38.30499980000004,35.322649839999926,41.49654006958008,40.450001,2.2082318072529925,0.0,-0.8965420695800788
2017-10-17,40.450001,40.950001,40.150002,40.450001,40.450001,265200,41.16111066666671,40.949999571428606,38.35099978000003,35.37664984499993,41.28697204589844,40.450001,2.0691496296834138,0.0,0.0
2017-10-18,40.700001,40.700001,40.150002,40.450001,40.450001,317300,41.094444222222265,40.980952047619084,38.404999800000034,35.43139984999993,41.12002182006836,40.25,1.6564173139782101,0.0,-0.6700208200683591
2017-10-19,40.049999,40.650002,39.599998,40.25,40.25,388900,40.97222222222226,41.00238066666671,38.46999980000003,35.48239985499993,40.86170196533203,43.299999,1.519756435607531,0.6117019653320312,0.0
2017-10-20,40.75,43.400002,40.549999,43.299999,43.299999,1092800,41.172222111111154,41.16190438095242,38.620999780000034,35.55089984999993,41.09813690185547,43.200001,-5.085131983824136,0.0,2.201862098144531
2017-10-23,43.299999,43.700001,42.650002,43.200001,43.200001,738500,41.38333344444448,41.29523766666671,38.77099978000003,35.62014985499993,41.62229919433594,43.880001,-3.6520874285721954,-1.5777018056640628,0.0
2017-10-24,43.450001,44.330002,43.450001,43.880001,43.880001,686900,41.681111222222256,41.48952347619052,38.91659984000003,35.69179986499993,42.29983139038086,44.099998,-3.6011157101366993,-1.5801696096191407,0.0
2017-10-25,43.299999,44.450001,43.299999,44.099998,44.099998,660800,41.95333300000004,41.69190442857147,39.07059976000003,35.76279985499993,42.92646789550781,44.349998,-2.6610661172641934,-1.1735301044921869,0.0
2017-10-26,44.200001,44.549999,43.849998,44.349998,44.349998,474000,42.28666633333338,41.84904723809528,39.23759972000003,35.83379984499993,43.66318893432617,44.549999,-1.5486112663947076,-0.6868090656738275,0.0
2017-10-27,44.549999,44.630001,43.950001,44.549999,44.549999,634800,42.72555533333338,42.003809142857186,39.42759972000003,35.90704983999993,44.11866760253906,44.299999,-0.9681962000962946,0.0,0.4313313974609372
2017-10-30,44.299999,44.849998,44.0,44.299999,44.299999,912200,43.15333288888894,42.153809000000045,39.608599700000035,35.97704983999993,44.35329818725586,45.200001,0.1203141951670466,0.05329918725585969,0.0
2017-10-31,41.099998,46.5,41.099998,45.200001,45.200001,1984100,43.68111066666672,42.29666614285719,39.82259972000003,36.05554984499993,44.34068298339844,44.299999,-1.901146012367484,0.0,0.8593180166015628
2017-11-01,45.849998,46.0,44.25,44.299999,44.299999,935100,44.13111055555561,42.40142809523814,39.99859970000003,36.12814983499993,44.604251861572266,41.599998,0.6868010574272607,0.0,-0.30425286157226594
2017-11-02,44.099998,44.349998,41.549999,41.599998,41.599998,1185900,43.942221555555605,42.37761857142861,40.12559966000003,36.18514981999993,44.26052474975586,41.5,6.395497302081264,0.0,-2.66052674975586
2017-11-03,41.650002,42.400002,40.650002,41.5,41.5,798500,43.7533325555556,42.39904719047623,40.24859970000003,36.23839981999993,43.579689025878906,42.0,5.011298857539534,2.0796890258789062,0.0
2017-11-06,41.549999,42.650002,41.5,42.0,42.0,516800,43.5444435555556,42.42999966666671,40.39259972000003,36.29139981999993,43.05171203613281,41.400002,2.5040762765066966,0.0,-1.0517120361328125
2017-11-07,42.0,42.150002,40.849998,41.400002,41.400002,514300,43.244444000000044,42.425237857142896,40.51859980000003,36.31814983499993,42.66510009765625,43.849998,3.055792358793242,1.2650980976562494,0.0
2017-11-08,41.799999,44.0,41.650002,43.849998,43.849998,1078100,43.18888844444449,42.54666638095242,40.69559976000003,36.35489982499993,42.36492919921875,43.849998,-3.3867020946756927,0.0,0.0
2017-11-09,44.049999,44.349998,42.900002,43.849998,43.849998,1037300,43.1111105555556,42.67285671428576,40.852599720000036,36.39289981499993,42.65739440917969,47.150002,-2.719734652713808,-1.1926035908203119,0.0
2017-11-10,43.900002,47.200001,43.650002,47.150002,47.150002,1322000,43.4277775555556,42.93476147619052,41.07859980000003,36.44739982499993,43.537086486816406,47.5,-7.66259885457395,-3.6129155131835944,0.0
2017-11-13,45.049999,47.650002,45.049999,47.5,47.5,950800,43.68333300000005,43.227618714285754,41.290599760000035,36.50439983499993,44.434043884277344,47.200001,-6.454644454152961,0.0,3.0659561157226562
2017-11-14,47.5,47.950001,46.75,47.200001,47.200001,616800,44.00555544444449,43.54190457142862,41.51559976000003,36.55789983999993,45.53273010253906,46.549999,-3.532353521477548,0.0,1.6672708974609378
2017-11-15,46.549999,47.0,45.75,46.549999,46.549999,803600,44.55555555555561,43.83238066666671,41.717599720000024,36.60889984499993,46.1707763671875,47.200001,-0.8146565863782288,-0.3792226328124997,0.0
2017-11-16,46.75,47.849998,46.650002,47.200001,47.200001,819400,45.188889000000046,44.15380923809528,41.93159974000003,36.66414983999993,46.786407470703125,47.799999,-0.8762574587591117,-0.4135935292968753,0.0
2017-11-17,46.849998,48.599998,46.5,47.799999,47.799999,778200,45.833333333333385,44.51333300000004,42.154599680000025,36.71764984499993,47.16345977783203,49.099998,-1.3316720407629474,-0.6365392221679684,0.0
2017-11-20,47.900002,49.349998,47.889999,49.099998,49.099998,955400,46.6888884444445,44.78952342857147,42.37959968000003,36.78014984499993,47.6486930847168,52.0,-2.9558146118115984,-1.4513049152832025,0.0
2017-11-21,49.450001,52.0,49.299999,52.0,52.0,1212900,47.59444422222228,45.20857100000004,42.65659964000003,36.85714985499993,48.43238830566406,51.950001,-6.860791719876803,0.0,3.5676116943359375
2017-11-22,51.650002,52.549999,51.23,51.950001,51.950001,1019200,48.49444455555561,45.59285671428576,42.926599640000035,36.92314985999994,49.54263687133789,51.59999800000001,-4.634002083391894,0.0,2.4073641286621097
2017-11-24,52.150002,52.200001,51.200001,51.599998,51.599998,594900,48.98888855555562,45.94999957142861,43.18659964000003,36.98339985499993,50.41273880004883,50.84999800000001,-2.300890011567774,0.0,1.1872591999511712
2017-11-27,51.349998,51.5,50.0,50.849998,50.849998,1130300,49.36111055555562,46.25952338095242,43.41759962000004,37.039399834999934,51.00634765625,51.0,0.30747229577078966,0.15634965625000063,0.0
2017-11-28,51.099998,51.150002,50.029999,51.0,51.0,550400,49.78333266666673,46.56666628571433,43.638599600000035,37.098899844999934,51.334075927734375,47.75,0.6550508386948529,0.0,-0.334075927734375
2017-11-29,51.0,51.200001,47.200001,47.75,47.75,855700,49.91666611111118,46.7309520476191,43.797599620000035,37.14039983999993,50.96427536010742,47.400002,6.731466722738057,0.0,-3.214275360107422
2017-11-30,48.25,48.75,47.0,47.400002,47.400002,835200,49.93888844444451,46.835714000000046,43.949599680000034,37.17739984999994,50.122318267822266,45.650002,5.7432830231151994,0.0,-2.722316267822265
2017-12-01,47.349998,47.450001,44.799999,45.650002,45.650002,839800,49.699999888888954,46.8999998571429,44.06359970000003,37.20889986999994,48.982872009277344,43.0,7.300919744269328,0.0,-3.332870009277343
2017-12-04,46.349998,46.43,42.849998,43.0,43.0,1435800,49.0222223333334,46.96666661904766,44.115599660000036,37.228899869999935,47.73517608642578,42.700001,11.012037410292514,0.0,-4.735176086425781
2017-12-05,43.099998,44.450001,42.389999,42.700001,42.700001,992300,47.98888911111118,47.02380952380957,44.17359970000004,37.24564988499994,46.19669723510742,43.450001,8.188983965380753,3.4966962351074216,0.0
2017-12-06,42.599998,43.5,42.099998,43.450001,43.450001,777700,47.044444666666735,47.09285719047623,44.24559976000004,37.27164988999994,44.96945571899414,43.599998,3.4970188354981633,1.5194547189941403,0.0
2017-12-07,43.450001,44.150002,43.25,43.599998,43.599998,883600,46.155555777777835,47.19761890476194,44.29659974000005,37.30264986999994,44.218605041503906,44.200001,1.4188235547715091,0.6186070415039069,0.0
2017-12-08,43.75,45.779999,43.75,44.200001,44.200001,1056100,45.41666722222229,47.21428571428575,44.35459978000005,37.33714987999994,43.94622802734375,46.25,-0.5741469839700916,-0.2537729726562503,0.0
2017-12-11,44.450001,46.5,44.450001,46.25,46.25,764900,44.88888944444451,47.328571523809565,44.45659974000006,37.385149869999935,44.204933166503906,46.25,-4.42176612647804,0.0,0.0
2017-12-12,46.099998,46.599998,45.75,46.25,46.25,789100,44.72222277777784,47.28571428571432,44.53759972000005,37.438399879999935,44.83692169189453,44.75,-3.05530444995777,0.0,1.4130783081054688
2017-12-13,45.75,46.25,42.349998,44.75,44.75,2439200,44.427778111111174,47.15476190476195,44.59059976000005,37.480149869999934,45.214725494384766,44.450001,1.0384927248821578,0.0,-0.4647254943847656
2017-12-14,44.700001,45.650002,44.150002,44.450001,44.450001,684200,44.29444466666673,47.02380952380956,44.63759982000005,37.52464987999994,45.32273483276367,44.950001,1.9634056538349043,0.8727338327636716,0.0
2017-12-15,44.650002,45.349998,43.849998,44.950001,44.950001,1111100,44.5111114444445,46.947619142857185,44.715599860000054,37.57139989499994,45.34440994262695,46.650002,0.877439229927832,0.3944089426269528,0.0
2017-12-18,45.450001,46.700001,45.400002,46.650002,46.650002,524700,44.950000444444505,46.92142871428575,44.82159994000005,37.62714990499994,45.46311950683594,47.25,-2.5442281720889595,-1.1868824931640631,0.0
2017-12-19,46.799999,47.599998,46.700001,47.25,47.25,649400,45.372222555555624,46.895238285714335,44.93659994000005,37.685649909999945,45.699153900146484,47.400002,-3.2822139679439486,-1.5508460998535156,0.0
2017-12-20,47.549999,47.700001,46.599998,47.400002,47.400002,424500,45.79444522222228,46.81428609523814,45.05860000000005,37.74539991499994,46.25632095336914,47.549999,-2.4128291104942567,-1.14368104663086,0.0
2017-12-21,47.450001,47.849998,46.900002,47.549999,47.549999,433900,46.16666722222229,46.60238128571433,45.18559996000005,37.804399909999944,46.76129913330078,47.299999,-1.6586748334089734,0.0,0.7886998666992184
2017-12-22,47.650002,47.799999,46.849998,47.299999,47.299999,417100,46.28333377777784,46.38095261904766,45.29859990000004,37.86379991499994,47.256553649902344,47.049999,-0.09185063639780612,0.0,0.04344535009765593
2017-12-26,47.0,47.549999,46.0,47.049999,47.049999,721500,46.372222555555624,46.16428600000004,45.41259992000004,37.92604991999994,47.38689422607422,47.5,0.7160366274911485,0.33689522607421907,0.0
2017-12-27,46.950001,47.700001,46.75,47.5,47.5,348400,46.677778111111174,46.00476228571432,45.550599960000035,37.99854991999994,47.40483093261719,47.549999,-0.20035593133223684,-0.0951690673828125,0.0
2017-12-28,47.549999,48.099998,47.349998,47.549999,47.549999,452700,47.0222223333334,45.840476523809556,45.69259992000003,38.06804990499994,47.487972259521484,46.950001,-0.13044530343421312,0.0,0.06202674047851531
2017-12-29,47.75,47.75,46.900002,46.950001,46.950001,461000,47.244444555555624,45.80238133333337,45.82259992000003,38.13479991999994,47.46625518798828,48.400002,1.0995829115920166,0.5162541879882809,0.0
2018-01-02,46.900002,48.650002,46.650002,48.400002,48.400002,583500,47.43888900000007,45.850000380952416,45.98559996000003,38.20104991999994,47.53740310668945,49.650002,-1.7822290447643936,-0.8625988933105475,0.0
2018-01-03,48.549999,50.0,48.450001,49.650002,49.650002,623800,47.70555588888895,46.04047657142861,46.11260002000003,38.26554992999994,48.04973220825195,48.599998,-3.2231011627110258,0.0,1.6002697917480475
2018-01-04,49.849998,50.0,47.400002,48.599998,48.599998,760400,47.838888777777846,46.307143142857186,46.22059996000003,38.33279990999994,48.398651123046875,50.25,-0.4142940025493918,-0.20134687695312437,0.0
2018-01-05,49.25,50.73,48.650002,50.25,50.25,906100,48.13888888888896,46.66666690476194,46.34799994000003,38.404549899999935,48.8427734375,51.25,-2.8004508706467663,-1.4072265625,0.0
2018-01-08,50.200001,51.5,49.349998,51.25,51.25,640700,48.57777788888896,47.03809542857147,46.490999980000026,38.47579989999994,49.48569869995117,51.299999,-3.442539122046494,-1.7643013000488281,0.0
2018-01-09,51.299999,51.900002,50.700001,51.299999,51.299999,543400,49.05000011111118,47.40476214285717,46.63000000000002,38.542299894999935,50.18717956542969,50.049999,-2.1692387061651055,0.0,1.1128194345703122
2018-01-10,50.75,51.450001,49.849998,50.049999,50.049999,452300,49.3333333333334,47.683333476190505,46.740000000000016,38.595549879999936,50.40666961669922,50.700001,0.7126286190319785,0.35667061669921907,0.0
2018-01-11,50.099998,51.0,49.630001,50.700001,50.700001,341900,49.68333355555562,47.89523828571431,46.86800004000003,38.651049894999936,50.62980270385742,51.450001,-0.13845817506508223,-0.07019829614257844,0.0
2018-01-12,50.650002,51.59,50.400002,51.450001,51.450001,279200,50.18333355555562,48.14285738095241,46.99300004000003,38.71529990999994,50.87907791137695,50.349998,-1.1096658455323396,0.0,0.5709230886230472
2018-01-16,51.700001,51.799999,49.950001,50.349998,50.349998,480200,50.39999977777784,48.40952395238097,47.11400002000003,38.78029990999994,50.957515716552734,51.450001,1.2065893558778988,0.607517716552735,0.0
2018-01-17,50.75,52.450001,50.400002,51.450001,51.450001,1127400,50.599999666666726,48.7428572857143,47.31100008000003,38.85729991999994,51.026790618896484,52.049999,-0.8225663224059333,-0.42321038110351594,0.0
2018-01-18,52.549999,52.650002,51.450001,52.049999,52.049999,576700,50.98333311111118,49.08095242857145,47.522000060000025,38.94404990999994,51.37528610229492,52.950001,-1.2962784066625588,-0.6747128977050778,0.0
2018-01-19,52.049999,53.080002,51.900002,52.950001,52.950001,471400,51.28333322222229,49.380952380952394,47.74100008000003,39.03879991499994,51.78860092163086,48.400002,-2.1933900971392633,0.0,1.161400078369141
2018-01-22,51.200001,51.68,47.900002,48.400002,48.400002,1858300,50.966666777777846,49.4357143809524,47.88100008000003,39.11679992999994,51.49714279174805,47.900002,6.399050958196336,0.0,-3.0971407917480462
2018-01-23,48.700001,49.009998,47.599998,47.900002,47.900002,721500,50.5888893333334,49.45952390476192,47.962000160000024,39.18979994499995,50.82825469970703,45.450001,6.1132621658492425,0.0,-2.9282526997070306
2018-01-24,48.349998,48.349998,45.0,45.450001,45.450001,1593900,50.077778444444505,49.35952400000001,47.994000220000025,39.25229994499995,49.88238525390625,44.75,9.75222036608151,0.0,-4.43238425390625
2018-01-25,45.650002,46.400002,44.400002,44.75,44.75,783600,49.41666722222229,49.23809547619048,47.94600018000003,39.313799939999946,48.45012283325195,45.0,8.268430912294868,3.700122833251953,0.0
2018-01-26,45.099998,45.099998,44.349998,45.0,45.0,630200,48.700000444444505,49.14047647619048,47.89600018000003,39.37879993999994,46.946651458740234,44.200001,4.3258921305338545,0.0,-1.9466514587402344
2018-01-29,44.950001,44.950001,43.849998,44.200001,44.200001,577900,48.0166674444445,48.98333366666667,47.83600018000003,39.44329994999995,45.96067810058594,44.5,3.983432264143924,1.7606771005859372,0.0
2018-01-30,44.5,44.799999,43.5,44.5,44.5,550400,47.24444511111117,48.838095619047614,47.79500020000003,39.508299949999945,45.204742431640625,42.650002,1.5836908576193818,0.0,-0.704742431640625
2018-01-31,45.049999,45.049999,42.5,42.650002,42.650002,1235900,46.200001000000064,48.63333376190476,47.704000220000026,39.562049959999946,44.70417785644531,43.68,4.816355826771853,2.054175856445312,0.0
2018-02-01,42.450001,43.950001,42.450001,43.68,43.68,1263100,45.17000088888895,48.40857176190476,47.62160024000003,39.61944995499995,44.294681549072266,41.830002,1.4072379786452973,0.0,-0.6146815490722659
2018-02-02,42.0,42.200001,39.0,41.830002,41.830002,2562900,44.44000088888895,48.03619080952381,47.476200320000025,39.66959996999995,43.59989929199219,37.73,4.231167122564774,0.0,-1.7698972919921871
2018-02-05,41.049999,41.549999,37.0,37.73,37.73,1860100,43.31000066666674,47.51857185714285,47.19080032000002,39.694499969999946,42.48349380493164,40.349998,12.598711383333274,4.753493804931644,0.0
2018-02-06,36.900002,41.0,36.900002,40.349998,40.349998,1910600,42.74333366666674,47.047143190476184,46.958800260000025,39.73374995999995,41.35609817504883,39.75,2.4934330233395023,0.0,-1.0061001750488288
2018-02-07,40.0,41.349998,39.200001,39.75,39.75,1319800,42.187778111111186,46.49952414285714,46.72180030000002,39.764499969999946,40.66656494140625,38.150002,2.305823751965409,0.0,-0.91656494140625
2018-02-08,39.700001,39.700001,37.700001,38.150002,38.150002,1314400,41.4266672222223,45.87333380952381,46.467800380000014,39.78499998499995,39.80262756347656,38.099998,4.331914749248406,0.0,-1.6526255634765619
2018-02-09,38.900002,38.900002,36.790001,38.099998,38.099998,1231300,40.7488891111112,45.304286142857144,46.20980034000002,39.81174997499995,39.209571838378906,37.5,2.9122674452080206,0.0,-1.1095738383789069
2018-02-12,38.299999,38.5,37.150002,37.5,37.5,1024700,39.97111133333342,44.675714666666664,46.00480034000002,39.832249964999946,38.89512634277344,37.150002,3.7203369140625,0.0,-1.3951263427734375
2018-02-13,37.349998,37.700001,36.599998,37.150002,37.150002,1031200,39.36000022222231,43.99476233333333,45.79980034000002,39.85224996499995,38.533695220947266,39.450001,3.7246114305653735,1.383693220947265,0.0
2018-02-14,37.349998,40.150002,37.25,39.450001,39.450001,1199500,38.89000033333342,43.47571485714285,45.67580032000003,39.878999979999946,38.325374603271484,38.75,-2.850763924514263,0.0,1.124626396728516
2018-02-15,39.700001,39.900002,38.049999,38.75,38.75,713200,38.54777788888898,42.87095290476189,45.59080032000003,39.92999998499995,38.429847717285156,38.299999,-0.826199439264113,0.0,0.32015228271484375
2018-02-16,38.549999,39.049999,38.25,38.299999,38.299999,733500,38.6111111111112,42.216190999999995,45.50280028000002,39.98284997999995,38.5024299621582,38.650002,0.528540384970254,0.20243096215820344,0.0
2018-02-20,38.25,39.650002,38.150002,38.650002,38.650002,794200,38.42222266666675,41.53523866666666,45.406800300000015,40.02634998499995,38.657772064208984,37.849998,0.020103657973895423,0.0,-0.00777006420898374
2018-02-21,38.75,39.5,37.799999,37.849998,37.849998,950300,38.21111133333342,41.03285752380951,45.29180030000001,40.06359997499995,38.879249572753906,37.5,2.7192909567760264,0.0,-1.0292515727539069
2018-02-22,37.950001,38.299999,37.450001,37.5,37.5,608100,38.13888888888898,40.537619333333325,45.15780028000001,40.098849969999954,38.686344146728516,38.299999,3.163584391276042,1.1863441467285156,0.0
2018-02-23,37.700001,38.450001,37.25,38.299999,38.299999,484600,38.16111122222232,40.197143047619036,44.99880026000001,40.13384996999995,38.44858169555664,38.549999,0.38794438495061306,0.14858269555664094,0.0
2018-02-26,38.400002,38.900002,38.150002,38.549999,38.549999,349700,38.27777777777787,39.90190490476189,44.844800240000005,40.16384996999995,38.448604583740234,38.450001,-0.26302054186762835,0.0,0.10139441625976531
2018-02-27,38.75,38.900002,37.75,38.450001,38.450001,534300,38.42222211111121,39.590000190476175,44.71880026000001,40.19609997499995,38.426029205322266,38.5,-0.0623453681515761,-0.023971794677734692,0.0
2018-02-28,38.650002,39.200001,38.200001,38.5,38.5,476700,38.31666644444454,39.318571571428556,44.59980024000001,40.22884996999995,38.488731384277344,38.700001,-0.029269131747159092,-0.01126861572265625,0.0
2018-03-01,38.450001,39.279999,38.0,38.700001,38.700001,621600,38.311111000000096,39.04238114285713,44.47480024000001,40.25909996499995,38.654476165771484,38.099998,-0.11763522752497073,0.0,0.04552483422851594
2018-03-02,38.200001,38.5,37.650002,38.099998,38.099998,873800,38.288888666666764,38.82571428571428,44.30380016000001,40.28334995499995,38.67982864379883,37.549999,1.5218652867090143,0.0,-0.5798306437988288
2018-03-05,38.0,38.25,37.549999,37.549999,37.549999,576900,38.16666611111121,38.53380947619047,44.109800140000004,40.31634994499995,38.51610565185547,38.799999,2.572854001555284,0.9661066518554691,0.0
2018-03-06,37.599998,38.830002,37.5,38.799999,38.799999,1059500,38.27222177777789,38.38952361904761,43.93780008000001,40.35634994499995,38.49551773071289,38.849998,-0.7847455596251666,-0.30448126928710906,0.0
2018-03-07,38.599998,38.950001,38.25,38.849998,38.849998,462300,38.422221555555666,38.44285685714284,43.763800060000015,40.39859993499995,38.50381851196289,38.5,-0.8910669391465832,0.0,0.34617948803710874
2018-03-08,39.0,39.400002,38.349998,38.5,38.5,665200,38.444443888889,38.3547617142857,43.587800080000015,40.43159993499995,38.561012268066406,41.650002,0.15847342354910715,0.06101226806640625,0.0
2018-03-09,39.5,42.23,39.400002,41.650002,41.650002,1422700,38.78888866666678,38.44523799999998,43.479800140000016,40.48134993999995,39.196510314941406,41.700001,-5.8907360558076185,-2.4534916850585944,0.0
2018-03-12,42.200001,42.450001,40.799999,41.700001,41.700001,1053800,39.149999777777886,38.61428557142856,43.36380016000002,40.52984994499995,40.02382278442383,41.75,-4.0196119313670335,-1.6761782155761722,0.0
2018-03-13,41.799999,42.200001,41.049999,41.75,41.75,1095600,39.511110888889,38.78809519047618,43.24780018000002,40.58259993999995,40.72011184692383,44.799999,-2.4667979714399326,-1.0298881530761719,0.0
2018-03-14,42.150002,45.200001,42.080002,44.799999,44.799999,2073400,40.18888844444456,39.13571419047618,43.20480014000002,40.64959993499995,41.76836395263672,45.299999,-6.7670426674859545,-3.031635047363281,0.0
2018-03-15,45.450001,46.950001,45.099998,45.299999,45.299999,2077800,40.98888855555567,39.52380928571427,43.142800080000015,40.72059992999995,43.19138717651367,44.299999,-4.654772340031018,0.0,2.108611823486328
2018-03-16,45.450001,45.5,44.099998,44.299999,44.299999,1619600,41.73888855555567,39.75476157142855,43.03580002000002,40.792099924999945,43.958595275878906,45.200001,-0.7706630515298508,-0.34140372412109343,0.0
2018-03-19,44.5,45.299999,43.299999,45.200001,45.200001,1201100,42.449999888888996,40.061904476190456,42.96780008000002,40.86309992999995,44.41011047363281,46.849998,-1.747545373654279,-0.7898905263671878,0.0
2018-03-20,46.599998,48.700001,46.150002,46.849998,46.849998,1809600,43.33888877777789,40.46904728571427,42.89980004000002,40.940849924999945,45.47711181640625,45.650002,-2.9303868563532265,0.0,1.3728861835937494
2018-03-21,46.549999,47.080002,45.549999,45.650002,45.650002,834200,44.13333344444455,40.802380619047604,42.78780008000002,41.013349934999944,45.91493225097656,44.849998,0.5803510172388642,0.0,-0.26493025097656187
2018-03-22,45.0,46.099998,44.389999,44.849998,44.849998,788600,44.48888855555567,41.13571395238094,42.65880006000002,41.07384992499994,45.74540328979492,43.0,1.9964444363964575,0.0,-0.8954052897949225
2018-03-23,44.799999,44.849998,42.900002,43.0,43.0,853200,44.633332888889,41.3976187142857,42.51780008000002,41.12609992999994,45.471248626708984,43.400002,5.747089829555778,2.4712486267089844,0.0
2018-03-26,43.900002,44.099998,42.5,43.400002,43.400002,647600,44.816666444444564,41.640475999999985,42.371800100000016,41.17834993499994,45.157230377197266,42.650002,4.048913124928577,0.0,-1.757228377197265
2018-03-27,44.150002,44.299999,42.529999,42.650002,42.650002,773900,44.577777888889,41.83571423809523,42.195800120000015,41.23009994999994,44.48286056518555,39.5,4.2974407485034725,0.0,-1.8328585651855462
2018-03-28,42.299999,42.299999,39.279999,39.5,39.5,993500,43.93333355555566,41.88571419047618,41.97880016000001,41.26384994999994,43.382511138916016,40.900002,9.829142123838015,3.8825111389160156,0.0
2018-03-29,39.950001,41.5,39.700001,40.900002,40.900002,1294800,43.555556111111216,41.999999999999986,41.76780018,41.30059996499994,42.492610931396484,40.400002,3.8939091773063574,0.0,-1.5926089313964837
2018-04-02,41.450001,41.75,39.799999,40.400002,40.400002,876100,43.022222888889,42.08095242857141,41.53480024,41.33959998499994,41.91496276855469,40.549999,3.7499027068233484,1.5149607685546869,0.0
2018-04-03,40.650002,40.900002,39.849998,40.549999,40.549999,655600,42.32222300000011,42.19761914285712,41.286800199999995,41.38084998499994,41.3325309753418,41.5,1.9297953012077687,0.7825319753417972,0.0
2018-04-04,39.599998,41.68,39.049999,41.5,41.5,921100,41.86111166666678,42.385714428571404,41.14880016,41.42134997499994,40.81524658203125,42.099998,-1.650008236069277,-0.68475341796875,0.0
2018-04-05,41.650002,42.75,41.650002,42.099998,42.099998,774800,41.55555611111122,42.54285723809522,41.03280008000001,41.46159996999993,41.12050247192383,40.799999,-2.32659281379579,0.0,0.9794955280761712
2018-04-06,41.650002,42.200001,40.599998,40.799999,40.799999,542500,41.31111155555567,42.635714428571404,40.93980004,41.499349964999936,41.26508712768555,40.799999,1.139921909521486,0.0,0.0
2018-04-09,41.299999,41.959999,40.700001,40.799999,40.799999,588500,41.02222233333345,42.745238190476165,40.860800020000006,41.530349969999946,41.32314682006836,43.25,1.2822250806142415,0.5231478200683597,0.0
2018-04-10,41.5,43.549999,41.5,43.25,43.25,737300,41.088888777777896,42.82142857142855,40.82580002,41.576099979999945,41.74297332763672,44.349998,-3.484454733787933,-1.5070266723632812,0.0
2018-04-11,43.0,44.880001,42.639999,44.349998,44.349998,786100,41.62777744444457,42.94761890476188,40.82879996000001,41.62134997499994,42.43605422973633,43.75,-4.3155442087363145,0.0,1.9139437702636712
2018-04-12,44.200001,44.700001,43.400002,43.75,43.75,700600,41.94444388888902,43.04285699999998,40.81379996000001,41.666099979999935,42.87083435058594,43.700001,-2.009521484375,0.0,0.8791656494140625
2018-04-13,43.900002,44.5,43.25,43.700001,43.700001,429500,42.311110444444566,42.990476142857126,40.83479994000002,41.71684998999993,43.32979965209961,41.900002,-0.8471426531555251,0.0,0.37020134790039094
2018-04-16,43.5,43.5,41.849998,41.900002,41.900002,724800,42.4611107777779,42.82857152380951,40.79919998000002,41.753600004999925,43.53255844116211,43.0,3.8963159027107173,1.6325564411621087,0.0
2018-04-17,42.349998,43.650002,42.110001,43.0,43.0,774400,42.62777744444456,42.76666680952379,40.82259994000001,41.79884999999993,43.552616119384766,43.599998,1.2851537660110828,0.5526161193847656,0.0
2018-04-18,43.099998,43.650002,42.549999,43.599998,43.599998,471700,42.794444111111225,42.690476190476176,40.93999990000001,41.84534999499992,43.458030700683594,42.200001,-0.3256130867629985,0.0,0.14196729931640562
2018-04-19,43.450001,43.450001,41.950001,42.200001,42.200001,501100,42.949999888888996,42.46904776190475,40.976999960000015,41.88485000499992,43.21696853637695,41.549999,2.409875621512314,0.0,-1.0169675363769528
2018-04-20,41.900002,42.549999,41.380001,41.549999,41.549999,479000,43.03333322222233,42.273809523809504,41.01299994000001,41.919099994999925,42.795379638671875,40.5,2.997306061720664,0.0,-1.2453806386718753
2018-04-23,41.849998,42.73,40.25,40.5,40.5,585700,42.727777666666775,42.06666676190474,41.05999990000001,41.948099989999925,42.49753952026367,39.950001,4.932196346330054,0.0,-1.9975395202636719
2018-04-24,40.849998,41.400002,39.450001,39.950001,39.950001,576900,42.23888911111122,41.921428714285696,41.09699996000001,41.970599989999926,41.99256896972656,38.400002,5.112810810008646,0.0,-2.042567969726562
2018-04-25,40.200001,40.700001,38.279999,38.400002,38.400002,856700,41.644444888889,41.68333347619046,41.11500000000001,41.98309998999993,41.220062255859375,39.700001,7.343906533805322,2.8200602558593744,0.0
2018-04-26,38.799999,40.049999,38.5,39.700001,39.700001,525200,41.200000444444555,41.54285723809522,41.16599998000002,41.99934998999993,40.53794860839844,39.0,2.11069921232102,0.0,-0.8379476083984372
2018-04-27,39.799999,40.200001,38.900002,39.0,39.0,1075600,40.87777800000011,41.519047714285705,41.156999960000014,42.010599989999925,40.12596893310547,38.099998,2.887099828475561,0.0,-1.1259689331054688
2018-04-30,39.0,39.23,38.099998,38.099998,38.099998,1275200,40.33333333333345,41.38571419047618,41.14399992000001,42.01284996999993,39.622840881347656,41.349998,3.996963152984042,1.5228428813476569,0.0
2018-05-01,38.049999,42.200001,38.049999,41.349998,41.349998,1788400,40.08333333333345,41.43095209523809,41.20499990000002,42.02834995999992,39.63414001464844,43.099998,-4.149596295873006,-1.7158579853515619,0.0
2018-05-02,40.799999,45.299999,40.799999,43.099998,43.099998,1288500,40.18333300000012,41.55238061904762,41.293999820000025,42.05734995499992,40.37359619140625,42.75,-6.325758550136706,0.0,2.7264018085937494
2018-05-03,42.599998,43.25,41.799999,42.75,42.75,640200,40.316666444444564,41.61190442857143,41.39199986000003,42.08534994499992,41.01351547241211,43.150002,-4.061952111316703,-1.7364845275878906,0.0
2018-05-04,42.400002,43.799999,42.200001,43.150002,43.150002,784600,40.61111111111123,41.66190461904761,41.50499990000002,42.11159994499992,41.67403793334961,44.700001,-3.4205422902422837,-1.4759640666503913,0.0
2018-05-07,41.400002,44.75,41.400002,44.700001,44.700001,712700,41.138888888889,41.847618999999995,41.632999940000026,42.145849959999914,42.49818801879883,43.849998,-4.925755999873853,0.0,2.201812981201172
2018-05-08,44.450001,45.200001,43.75,43.849998,43.849998,809700,41.74444400000012,41.99285704761905,41.73899992000003,42.17409994499992,43.3616943359375,45.349998,-1.1135773918678384,-0.48830366406249937,0.0
2018-05-09,44.450001,45.73,43.950001,45.349998,45.349998,582500,42.37222144444457,42.092856952380956,41.87699986000003,42.198599929999915,43.85272216796875,45.650002,-3.3016006572508547,-1.4972758320312494,0.0
2018-05-10,45.400002,45.700001,44.549999,45.650002,45.650002,798700,43.11111055555568,42.154761904761905,42.01999990000003,42.22809993999992,44.40501022338867,44.900002,-2.7272545937924138,0.0,1.2449917766113288
2018-05-11,45.799999,45.799999,44.650002,44.900002,44.900002,536900,43.866666555555675,42.2095239047619,42.14399992000003,42.26034994499992,44.841896057128906,44.900002,-0.12941189372573833,0.0,0.0
2018-05-14,45.5,45.529999,44.779999,44.900002,44.900002,599600,44.26111144444456,42.266666809523805,42.280000000000015,42.299599959999924,45.193267822265625,44.75,0.6531532498943415,0.0,-0.29326582226562437
2018-05-15,44.5,44.950001,43.75,44.75,44.75,395000,44.444445000000115,42.402381,42.42400002000002,42.334349964999916,45.175411224365234,45.549999,0.9506396075200768,0.4254112243652344,0.0
2018-05-16,44.849998,45.599998,44.299999,45.549999,45.549999,543100,44.75555600000011,42.52380952380952,42.55900002000002,42.37159996999993,45.21405792236328,44.950001,-0.7375215916837198,0.0,0.33594107763671843
2018-05-17,45.299999,45.68,44.599998,44.950001,44.950001,356600,44.955555888889,42.588095380952375,42.68100008000002,42.40334998499992,45.18935775756836,44.400002,0.5324955556026775,0.0,-0.23935675756835906
2018-05-18,45.0,45.0,44.349998,44.400002,44.400002,405700,44.922222666666784,42.69285733333332,42.79900012000002,42.44434998999993,45.06792449951172,44.950001,1.5043298860926135,0.6679224995117181,0.0
2018-05-21,45.0,45.950001,44.650002,44.950001,44.950001,431800,45.04444522222233,42.85476219047619,42.865000100000024,42.48934998999993,45.084938049316406,45.349998,0.3001936514226239,0.13493704931640593,0.0
2018-05-22,45.099998,45.549999,44.849998,45.349998,45.349998,377000,45.04444522222233,43.085714476190475,42.93800004000003,42.53934998999993,45.221309661865234,45.349998,-0.28376702052944963,0.0,0.0
2018-05-23,45.099998,45.5,44.849998,45.349998,45.349998,609500,45.01111144444456,43.34285719047619,43.010000000000026,42.57534996999993,45.26683807373047,44.900002,-0.18337360515325848,0.0,0.08315992626953062
2018-05-24,45.299999,45.650002,44.849998,44.900002,44.900002,291800,45.01111144444456,43.652381,43.01200006000003,42.61109997999993,45.26458740234375,45.200001,0.8119941784050464,0.36458540234374937,0.0
2018-05-25,44.799999,45.549999,44.599998,45.200001,45.200001,270300,45.04444466666678,43.91428576190476,43.010000100000035,42.65209998499992,45.31254196166992,44.650002,0.24898442296477286,0.0,-0.11254096166992156
2018-05-29,44.799999,45.700001,44.549999,44.650002,44.650002,516900,45.033333777777884,44.18333347619047,43.01700016000004,42.69659999499992,45.272823333740234,44.099998,1.394896541640096,0.0,-0.6228213337402337
2018-05-30,44.799999,45.150002,43.630001,44.099998,44.099998,681100,44.872222555555666,44.469047761904754,42.995000100000034,42.738599979999925,45.10751724243164,43.950001,2.284624236109129,0.0,-1.0075192424316413
2018-05-31,44.150002,44.650002,43.599998,43.950001,43.950001,522600,44.76111144444455,44.59285742857143,42.93700016000003,42.77534999499992,44.87736892700195,45.950001,2.1100521180919944,0.9273679270019528,0.0
2018-06-01,44.099998,46.0,44.099998,45.950001,45.950001,853400,44.93333355555566,44.72857185714285,42.94300014000004,42.82309998999992,44.90745162963867,46.349998,-2.268877796893472,-1.0425493703613284,0.0
2018-06-04,45.900002,46.900002,45.580002,46.349998,46.349998,795400,45.088888777777896,44.90000033333333,42.97300014000004,42.874849979999915,45.1968994140625,47.099998,-2.4878071967500395,-1.1530985859374994,0.0
2018-06-05,46.599998,47.450001,46.349998,47.099998,47.099998,706000,45.28333322222233,45.08809538095238,43.05500010000004,42.935099974999915,45.63132858276367,47.299999,-3.1181942242042715,-1.4686694172363275,0.0
2018-06-06,47.0,47.400002,45.950001,47.299999,47.299999,461900,45.500000000000114,45.21190480952381,43.13300004000004,42.995349969999914,46.1111946105957,46.950001,-2.513328571961062,0.0,1.1888043894042966
2018-06-07,47.299999,47.650002,46.299999,46.950001,46.950001,220700,45.727777666666775,45.359524,43.219000020000045,43.05759997499991,46.626976013183594,47.799999,-0.6880191265947078,-0.32302498681640657,0.0
2018-06-08,46.799999,47.950001,46.43,47.799999,47.799999,614800,46.01666633333345,45.47619071428571,43.38500000000005,43.119099969999915,47.043331146240234,48.099998,-1.5829871748737179,-0.7566678537597653,0.0
2018-06-11,47.950001,48.25,47.490002,48.099998,48.099998,282600,46.39999922222234,45.59285719047619,43.528999920000054,43.183349959999916,47.3952751159668,48.599998,-1.4651204019451363,-0.7047228840332025,0.0
2018-06-12,48.049999,48.650002,47.900002,48.599998,48.599998,581200,46.89999922222234,45.76904747619047,43.692999840000056,43.24959995999991,47.71562957763672,48.400002,-1.8196881867428898,0.0,0.8843684223632806
2018-06-13,48.75,49.299999,48.25,48.400002,48.400002,299200,47.394443777777894,45.935714142857144,43.84999990000006,43.317599974999915,48.06547546386719,48.150002,-0.6911705006392627,0.0,0.33452653613281313
2018-06-14,48.650002,49.0,47.700001,48.150002,48.150002,406200,47.638888333333455,46.097618999999995,43.982999940000056,43.382849994999916,48.29713821411133,46.549999,0.3055788328136051,0.0,-0.1471362141113275
2018-06-15,47.849998,47.849998,46.450001,46.549999,46.549999,620700,47.66111066666679,46.145238047619046,44.07199996000005,43.44059998999992,48.22352600097656,47.099998,3.595117157739494,1.6735270009765628,0.0
2018-06-18,46.150002,47.400002,46.049999,47.099998,47.099998,413600,47.66111066666679,46.247618857142854,44.19799994000005,43.49609997999992,47.91762924194336,46.599998,1.7359475088371767,0.0,-0.81763124194336
2018-06-19,46.650002,46.950001,45.5,46.599998,46.599998,332800,47.5833327777779,46.35238057142857,44.31399992000006,43.54984997999992,47.527198791503906,47.349998,1.9897013547165967,0.9272007915039069,0.0
2018-06-20,46.299999,48.099998,45.130001,47.349998,47.349998,424800,47.62777688888901,46.46666614285714,44.39599988000006,43.60209995999991,47.174076080322266,47.799999,-0.37153522092595176,-0.17592191967773374,0.0
2018-06-21,47.450001,48.150002,46.049999,47.799999,47.799999,627000,47.62777688888901,46.58333285714285,44.46499990000006,43.661349949999924,47.04936981201172,47.400002,-1.5703539826188722,0.0,0.7506291879882809
2018-06-22,47.900002,47.900002,46.75,47.400002,47.400002,1926100,47.54999955555567,46.68095209523809,44.537999940000056,43.716099954999926,47.23267364501953,43.700001,-0.3530133922367121,0.0,0.16732835498046938
2018-06-25,46.799999,46.970001,43.5,43.700001,43.700001,862400,47.00555544444457,46.62380919047619,44.537999940000056,43.752099959999924,46.83366394042969,45.599998,7.170853246501498,3.133662940429687,0.0
2018-06-26,43.75,45.799999,43.700001,45.599998,45.599998,476900,46.69444388888902,46.64285666666666,44.61199986000006,43.79684993999992,46.38852310180664,44.299999,1.7292217903313094,0.0,-0.7885251018066413
2018-06-27,45.599998,46.150002,44.25,44.299999,44.299999,490900,46.2666657777779,46.626189857142855,44.637999840000056,43.829099944999925,46.014312744140625,43.549999,3.8697828055044097,0.0,-1.7143137441406253
2018-06-28,44.25,44.450001,43.349998,43.549999,43.549999,491200,45.933332444444574,46.59999942857142,44.63699986000005,43.85609992999993,45.29566955566406,43.450001,4.008428463256825,0.0,-1.7456705556640628
2018-06-29,43.700001,44.400002,43.049999,43.450001,43.450001,758200,45.52777722222235,46.5761899047619,44.66199986000005,43.88109992999993,44.62496566772461,42.349998,2.704176388222889,0.0,-1.174964667724609
2018-07-02,42.75,43.150002,41.650002,42.349998,42.349998,875000,45.055555000000126,46.40476119047618,44.677999840000055,43.89984992999993,44.082637786865234,40.700001,4.0912393593625085,0.0,-1.732639786865235
2018-07-03,42.099998,42.799999,40.650002,40.700001,40.700001,676400,44.31666644444457,46.13571371428571,44.68199986000006,43.90684993999992,43.401039123535156,42.099998,6.636457142925269,2.701038123535156,0.0
2018-07-05,41.200001,42.630001,40.950001,42.099998,42.099998,550000,43.68333300000013,45.897618476190466,44.72499980000006,43.91759992499992,42.7580680847168,42.049999,1.5631119144395151,0.0,-0.6580700847167975
2018-07-06,41.950001,42.599998,41.5,42.049999,42.049999,515100,43.08888822222236,45.647618476190466,44.79799974000006,43.92884992499992,42.415496826171875,42.950001,0.8691981804134533,0.3654978261718753,0.0
2018-07-09,42.099998,43.029999,42.0,42.950001,42.950001,460900,43.00555488888902,45.457142285714276,44.862999740000056,43.944599934999914,42.25209045410156,43.200001,-1.6249372052364743,-0.6979105458984378,0.0
2018-07-10,43.099998,43.630001,43.049999,43.200001,43.200001,440700,42.73888855555569,45.238094761904755,44.94699976000006,43.960849934999914,42.46308517456055,42.700001,-1.7058236305120766,0.0,0.7369158254394534
2018-07-11,42.799999,43.349998,42.450001,42.700001,42.700001,298700,42.56111100000013,44.98095204761904,45.038999820000065,43.97234992999991,42.69831085205078,43.700001,-0.003958191825848124,-0.0016901479492190674,0.0
2018-07-12,42.950001,44.099998,42.849998,43.700001,43.700001,426400,42.57777788888902,44.747618857142854,45.08599988000006,43.9918499399999,43.03001403808594,43.450001,-1.5331509075115646,0.0,0.6699869619140628
2018-07-13,43.849998,44.32,43.349998,43.450001,43.450001,252500,42.57777788888902,44.51190452380953,45.09299994000006,44.0098499549999,43.36167907714844,43.150002,-0.2032725450376004,0.0,0.08832192285156282
2018-07-16,43.549999,43.900002,43.0,43.150002,43.150002,148700,42.666667222222344,44.273809285714286,45.10099998000006,44.0203499699999,43.5018310546875,44.200001,0.8153627772427434,0.35182905468749937,0.0
2018-07-17,42.900002,44.349998,42.849998,44.200001,44.200001,218800,43.05555611111124,44.161904619047625,45.12199996000007,44.03484997999989,43.573524475097656,44.900002,-1.4173676713318266,-0.6264765249023441,0.0
2018-07-18,44.150002,45.5,44.0,44.900002,44.900002,467800,43.366667666666785,44.0571429047619,45.12599998000006,44.05359997999989,43.97240447998047,44.950001,-2.0659186608043623,-0.9275975200195319,0.0
2018-07-19,44.950001,45.400002,44.75,44.950001,44.950001,338900,43.68889011111123,43.97857161904762,45.14800004000006,44.06734997999989,44.32039260864258,43.849998,-1.4006860452737748,0.0,0.6296083913574222
2018-07-20,44.849998,44.849998,43.549999,43.849998,43.849998,322700,43.7888897777779,43.81190495238096,45.11800004000006,44.07609997999989,44.40334701538086,44.849998,1.2619134335669981,0.55334901538086,0.0
2018-07-23,44.650002,45.099998,43.299999,44.849998,44.849998,552700,43.972222777777894,43.67142871428572,45.101999960000065,44.08984997999989,44.59773635864258,44.900002,-0.5624563045853898,-0.25226164135742124,0.0
2018-07-24,45.25,45.799999,44.450001,44.900002,44.900002,375100,44.216667333333454,43.552381095238104,45.101999960000065,44.10909999499989,44.87746047973633,45.450001,-0.050203829085959745,-0.02254152026367251,0.0
2018-07-25,44.700001,45.650002,44.599998,45.450001,45.450001,351300,44.411111777777904,43.63571442857143,45.11299994000007,44.12960000999988,44.9762077331543,45.900002,-1.0424494090675673,-0.47379326684570344,0.0
2018-07-26,45.25,46.200001,45.25,45.900002,45.900002,357200,44.683334111111236,43.65000033333334,45.13599998000007,44.15160001999989,45.13411331176758,44.849998,-1.6686027339005836,0.0,0.7658886882324225
2018-07-27,46.0,46.150002,44.650002,44.849998,44.849998,383600,44.87222255555568,43.67619076190477,45.121999960000075,44.16935001499988,45.34333419799805,42.200001,1.0999692753565955,0.0,-0.4933361979980475
2018-07-30,44.950001,45.450001,42.150002,42.200001,42.200001,534700,44.65000033333346,43.611905142857154,45.066999960000075,44.17435001499988,45.110225677490234,39.200001,6.896266844852052,0.0,-2.910224677490234
2018-07-31,39.700001,42.25,38.450001,39.200001,39.200001,1756500,44.01666688888901,43.409524190476205,44.96299994000008,44.162100009999875,43.99431228637695,39.599998,12.23038562263545,4.794311286376953,0.0
2018-08-01,39.549999,41.299999,38.650002,39.599998,39.599998,1267400,43.42222211111124,43.27857180952382,44.855999880000084,44.153350009999876,42.88908004760742,39.099998,8.305763165966379,0.0,-3.2890820476074225
2018-08-02,38.849998,39.700001,38.700001,39.099998,39.099998,719700,42.89444433333345,43.2023811904762,44.730999880000084,44.145850009999876,41.574485778808594,38.900002,6.328613568749017,0.0,-2.4744877788085944
2018-08-03,39.0,40.049999,38.450001,38.900002,38.900002,926700,42.23333366666678,43.05000042857144,44.60199996000008,44.13810001499988,40.39802932739258,40.299999,3.8509697953038087,1.4980273273925775,0.0
2018-08-06,39.0,40.5,39.0,40.299999,40.299999,883800,41.722222222222335,42.9666670952381,44.509999900000075,44.13735000499989,39.70763397216797,45.400002,-1.4698884430047527,-0.5923650278320309,0.0
2018-08-07,43.75,46.5,43.0,45.400002,45.400002,1800100,41.71666677777789,43.083333809523815,44.51399992000007,44.16310001499989,40.921112060546875,43.950001,-9.865395907808827,0.0,4.478889939453126
2018-08-08,45.849998,45.950001,43.0,43.950001,43.950001,756100,41.500000000000114,43.1190480952381,44.49999990000008,44.166350024999886,41.94586944580078,44.799999,-4.560026185663156,-2.004131554199219,0.0
2018-08-09,43.900002,45.349998,43.900002,44.799999,44.799999,525700,41.494444555555674,43.219048,44.51399992000007,44.17435001499989,42.93928527832031,45.25,-4.153378935744367,-1.8607137216796872,0.0
2018-08-10,44.450001,45.650002,44.299999,45.25,45.25,533800,41.83333333333346,43.29285747619048,44.53999990000007,44.18120000999989,43.99335479736328,44.75,-2.7771164699154007,0.0,1.2566452026367188
2018-08-13,44.950001,46.0,44.75,44.75,44.75,319000,42.44999988888901,43.35476219047619,44.51599988000007,44.18445001999989,44.92919158935547,45.650002,0.40042813263791904,0.17919158935546875,0.0
2018-08-14,45.049999,46.0,44.450001,45.650002,45.650002,546200,43.12222255555567,43.47380980952381,44.501999960000056,44.1909500399999,45.095550537109375,45.25,-1.2145705117178869,0.0,0.5544514628906256
2018-08-15,45.200001,45.650002,44.650002,45.25,45.25,325400,43.80555611111122,43.52380976190476,44.46500000000005,44.1944500449999,45.19966125488281,45.799999,-0.11124584556284531,-0.0503387451171875,0.0
2018-08-16,45.349998,45.950001,45.049999,45.799999,45.799999,369200,44.572222444444556,43.566666761904756,44.43500000000005,44.2019500449999,45.40018081665039,45.650002,-0.8729654848892225,0.0,0.39981818334960906
2018-08-17,45.799999,45.950001,45.099998,45.650002,45.650002,283400,45.16666722222233,43.600000142857134,44.40900002000005,44.2042000499999,45.534759521484375,45.799999,-0.25244791558963264,-0.11524247851562563,0.0
2018-08-20,45.599998,45.98,45.299999,45.799999,45.799999,332400,45.21111133333344,43.69285733333332,44.36900002000005,44.2117000499999,45.639713287353516,46.799999,-0.34996881254622747,-0.16028571264648406,0.0
2018-08-21,45.700001,46.900002,45.700001,46.799999,46.799999,421400,45.52777777777789,43.78571452380951,44.34300004000004,44.237700054999905,45.86625289916992,47.150002,-1.995184018764782,-0.9337461008300778,0.0
2018-08-22,46.599998,47.400002,45.950001,47.150002,47.150002,345300,45.78888922222233,43.892857380952364,44.31400012000004,44.265950064999906,46.19654846191406,47.700001,-2.022170726707367,-0.9534535380859381,0.0
2018-08-23,46.849998,48.25,46.849998,47.700001,47.700001,689500,46.06111155555566,44.00000023809522,44.30000010000004,44.294450069999904,46.61454772949219,47.799999,-2.275583328620502,-1.0854532705078128,0.0
2018-08-24,47.950001,48.48,47.75,47.799999,47.799999,380400,46.400000333333445,44.09047628571427,44.293000040000045,44.3264500549999,47.09214782714844,48.599998,-1.4808602252304695,-0.7078511728515622,0.0
2018-08-27,48.25,49.049999,48.25,48.599998,48.599998,319400,46.727777666666775,44.2690477142857,44.33400002000005,44.3502000549999,47.65159225463867,49.90000200000001,-1.9514522312559097,-0.9484057453613275,0.0
2018-08-28,48.900002,50.0,48.900002,49.900002,49.900002,503800,47.24444455555566,44.635714428571404,44.390000100000044,44.38045007499991,48.29269790649414,50.00000000000001,-3.2210501584866873,-1.60730409350586,0.0
2018-08-29,49.799999,50.0,49.5,50.0,50.0,461000,47.711111333333434,45.15000009523807,44.45800014000004,44.39470006499991,48.89060592651367,50.450001,-2.2187881469726562,-1.1093940734863281,0.0
2018-08-30,50.0,50.75,49.5,50.450001,50.450001,607200,48.24444455555566,45.66666690476188,44.52000020000004,44.409450069999906,49.44202423095703,49.75,-1.9979717523553053,0.0,1.007976769042969
2018-08-31,50.349998,50.68,49.599998,49.75,49.75,626200,48.68333355555566,46.173809857142835,44.559000220000044,44.422200064999906,49.83351516723633,48.25,0.16786968288709173,0.0,-0.08351516723632812
2018-09-04,48.450001,48.650002,47.150002,48.25,48.25,464500,48.84444477777788,46.61904785714283,44.576000180000044,44.4307000699999,49.63688278198242,48.25,2.8743684600671955,0.0,0.0
2018-09-05,48.200001,48.450001,46.950001,48.25,48.25,528000,48.96666677777788,46.997619333333304,44.66700016000004,44.43595006499991,49.29255294799805,47.25,2.1607314984415478,0.0,-1.0425529479980469
2018-09-06,48.25,48.400002,47.150002,47.25,47.25,442700,48.91666666666677,47.08571447619046,44.70000020000004,44.433200069999906,48.86321258544922,47.0,3.4142065300512567,0.0,-1.6132125854492188
2018-09-07,47.200001,48.200001,46.900002,47.0,47.0,350900,48.827777888888996,47.230952523809506,44.754000220000044,44.422700079999906,48.3058967590332,47.5,2.778503742623837,1.3058967590332031,0.0
2018-09-10,47.299999,48.200001,46.950001,47.5,47.5,412800,48.705555888888995,47.35952399999998,44.83300024000005,44.400200079999905,47.848350524902344,47.049999,0.7333695261101973,0.0,-0.34835052490234375
2018-09-11,47.25,47.5,46.450001,47.049999,47.049999,352500,48.38888888888899,47.445238238095214,44.90500020000004,44.37570006999991,47.634132385253906,46.950001,1.2415162543444613,0.0,-0.5841333852539066
2018-09-12,46.849998,47.549999,45.549999,46.950001,46.950001,405000,48.05000011111121,47.55000019047617,44.99700026000004,44.35245008499991,47.388206481933594,47.099998,0.933344989563671,0.43820548193359343,0.0
2018-09-13,47.150002,47.5,46.450001,47.099998,47.099998,325800,47.67777755555565,47.61904761904759,45.12500020000004,44.33370008499991,47.2653694152832,47.650002,0.3511070537268468,0.16537141528320376,0.0
2018-09-14,47.099998,47.900002,46.950001,47.650002,47.650002,408500,47.44444444444454,47.7333334285714,45.236000280000034,44.31695009499991,47.3035774230957,47.650002,-0.7270190186021346,0.0,0.0
2018-09-17,47.599998,48.099998,46.75,47.650002,47.650002,410400,47.3777780000001,47.82142880952379,45.348000340000034,44.316450104999916,47.335567474365234,48.299999,-0.659883551809224,-0.31443452563476626,0.0
2018-09-18,47.799999,49.049999,47.799999,48.299999,48.299999,366000,47.383333444444546,47.94761914285712,45.45500030000003,44.32095008999991,47.59853744506836,47.799999,-1.4523013860344807,0.0,0.7014615549316403
2018-09-19,48.150002,48.5,47.700001,47.799999,47.799999,235900,47.44444444444454,48.042857238095216,45.547000260000026,44.331700074999915,47.84033966064453,48.200001,0.0843946893064403,0.04034066064453157,0.0
2018-09-20,47.650002,48.200001,45.5,48.200001,48.200001,674000,47.57777788888899,48.10952399999998,45.657000260000025,44.357700079999915,47.8863525390625,48.049999,-0.6507229345026369,0.0,0.3136484609375003
2018-09-21,48.25,48.799999,47.299999,48.049999,48.049999,1164500,47.63888888888899,48.15238099999998,45.74400022000002,44.38445006999992,48.06468200683594,48.349998,0.030557767203986452,0.014683006835937817,0.0
2018-09-24,48.200001,48.599998,47.5,48.349998,48.349998,402600,47.783333222222325,48.183333238095216,45.84200016000002,44.40895005499992,48.16777801513672,48.849998,-0.37687692326953276,-0.18221998486328062,0.0
2018-09-25,48.549999,49.099998,48.299999,48.849998,48.849998,321500,47.9944440000001,48.23333319047617,45.956000080000024,44.435200054999925,48.26408386230469,46.349998,-1.1994148652683914,0.0,0.5859141376953119
2018-09-26,48.799999,48.799999,46.200001,46.349998,46.349998,647700,47.91111066666676,48.12619033333332,45.99900002000002,44.44595003999993,48.12110137939453,46.799999,3.821150929487703,1.7711033793945319,0.0
2018-09-27,46.650002,47.099998,45.950001,46.799999,46.799999,377500,47.816665888888984,47.97857114285713,46.036999960000024,44.44870003499993,47.88882827758789,47.299999,2.3265583351569963,1.088829277587891,0.0
2018-09-28,46.75,47.849998,46.75,47.299999,47.299999,464600,47.77777666666676,47.84999966666665,46.08399992000002,44.45395002999993,47.73016357421875,46.610001,0.9094388653554735,0.0,-0.4301645742187503
2018-10-01,47.700001,47.959999,46.419998,46.610001,46.610001,370500,47.589999111111204,47.6671425238095,46.139199980000015,44.46325003499993,47.54198455810547,45.209999,1.999535589165664,0.0,-0.9319835581054718
2018-10-02,46.619999,47.139999,45.16,45.209999,45.209999,601500,47.30222133333342,47.45095199999998,46.146400000000014,44.467050024999935,47.01341247558594,45.98,3.9889703947702673,1.8034134755859341,0.0
2018-10-03,45.459999,46.34,44.349998,45.98,45.98,494400,47.055554555555645,47.34285676190474,46.16799996000002,44.47220001999994,46.614463806152344,43.389999,1.3798690868907066,0.0,-0.6344638061523469
2018-10-04,45.939999,45.939999,43.310001,43.389999,43.389999,762900,46.537776777777864,47.11142814285712,46.12679992000001,44.45590000499994,46.17865753173828,39.950001,6.426961502668571,0.0,-2.788658531738278
2018-10-05,42.490002,43.169998,39.470001,39.950001,39.950001,1734500,45.60444377777786,46.76380914285712,46.007799900000016,44.41940000999993,44.952266693115234,39.900002,12.52131556421046,0.0,-5.002265693115234
2018-10-08,39.639999,40.5,38.43,39.900002,39.900002,772300,44.60999977777786,46.42571399999998,45.90879998000001,44.38190000999994,43.3650016784668,39.209999,8.68420928516945,0.0,-3.4649996784667962
2018-10-09,40.07,40.490002,38.849998,39.209999,39.209999,687700,43.816666555555635,46.030952047619024,45.84899994000001,44.34020000999993,42.09721374511719,37.139999,7.363465490313284,0.0,-2.887214745117184
2018-10-10,38.860001,38.91,37.09,37.139999,37.139999,1073800,42.7433332222223,45.559047285714264,45.807799900000006,44.28940000999994,40.6148796081543,37.540001,9.356167748292869,3.474880608154294,0.0
2018-10-11,37.599998,39.18,37.5,37.540001,37.540001,640100,41.65888900000007,45.11095204761902,45.76659996,44.24185001999993,39.347999572753906,38.080002,4.816192127309506,1.8079985727539096,0.0
2018-10-12,38.470001,39.099998,37.41,38.080002,38.080002,574700,40.711111333333406,44.68142842857141,45.746200040000005,44.19475002999993,38.83028793334961,38.630001,1.9702885870373876,0.750285933349609,0.0
2018-10-15,38.130001,38.880001,37.549999,38.630001,38.630001,434200,39.98000044444452,44.25190457142855,45.74080002000001,44.15015003999993,38.58470153808594,40.330002,-0.11726497732698099,-0.04529946191406253,0.0
2018-10-16,39.25,40.799999,39.130001,40.330002,40.330002,756000,39.35222288888896,43.90333314285712,45.74140008000001,44.117050044999935,38.737953186035156,40.759998,-3.9475545128037535,-1.592048813964844,0.0
2018-10-17,40.75,41.43,39.68,40.759998,40.759998,541300,39.060000555555625,43.54428547619046,45.648600000000016,44.07885002499993,39.32639694213867,39.849998,-3.517176467627234,0.0,1.4336010578613312
2018-10-18,40.720001,41.0,39.57,39.849998,39.849998,445800,39.04888911111119,43.16571399999999,45.56659994000002,44.02985000499993,39.76103591918945,38.98,-0.22324237208379846,0.0,0.08896208081054624
2018-10-19,39.790001,40.290001,38.700001,38.98,38.98,339800,38.946666666666744,42.72666633333332,45.45019996000002,43.981750014999925,39.91962432861328,38.450001,2.4105293191721,0.0,-0.9396243286132844
2018-10-22,38.98,39.330002,37.900002,38.450001,38.450001,630300,38.86222244444452,42.26952357142856,45.31419998000002,43.922750019999924,39.9078369140625,38.040001,3.7915107312025813,0.0,-1.4578359140624997
2018-10-23,37.470001,38.349998,36.639999,38.040001,38.040001,711700,38.96222266666675,41.77857133333332,45.18000000000002,43.85670002499992,39.420352935791016,35.59,3.6286853299268294,0.0,-1.380351935791019
2018-10-24,38.049999,38.860001,35.560001,35.59,35.59,555200,38.74555588888896,41.14714285714284,44.978799960000025,43.778150029999914,38.6772575378418,37.360001,8.67450839517222,3.0872575378417935,0.0
2018-10-25,36.009998,37.639999,36.009998,37.360001,37.360001,347900,38.665555777777854,40.71904776190475,44.820999980000025,43.714700039999904,37.987178802490234,36.939999,1.678741396420834,0.0,-0.6271778024902375
2018-10-26,36.599998,37.610001,35.68,36.939999,36.939999,549200,38.47777777777785,40.24952395238094,44.64379998000003,43.645900029999915,37.4761962890625,36.169998,1.4515357433076805,0.0,-0.5361972890624997
2018-10-29,37.360001,37.630001,35.669998,36.169998,36.169998,836700,38.01555511111119,39.71952390476189,44.45419990000003,43.56950001499991,37.141441345214844,36.130001,2.6857710780488406,0.0,-0.9714433452148441
2018-10-30,36.060001,36.299999,34.880001,36.130001,36.130001,1621100,37.50111100000008,39.22047628571428,44.260799940000034,43.498400029999914,36.837947845458984,37.23,1.9594431936466994,0.7079468454589843,0.0
2018-10-31,37.029999,38.759998,36.790001,37.23,37.23,1075300,37.2100001111112,38.84047633333332,44.069399960000034,43.427300024999916,36.98445510864258,44.560001,-0.6595350291630909,-0.24554489135741875,0.0
2018-11-01,42.299999,44.66,41.400002,44.560001,44.560001,1955600,37.83000022222231,38.77285733333332,44.01759994000004,43.38985003499991,38.528602600097656,45.240002,-13.535453915053422,-6.0313983999023435,0.0
2018-11-02,44.98,45.509998,43.240002,45.240002,45.240002,869600,38.58444477777786,38.8609527142857,43.968399960000035,43.35130003999991,40.20332717895508,44.990002,-11.133232976083686,0.0,5.036674821044919
2018-11-05,45.18,45.18,42.779999,44.990002,44.990002,810100,39.35666711111119,39.10095276190475,43.912200020000036,43.334250039999915,41.697479248046875,45.439999,-7.318343199791638,-3.292522751953122,0.0
2018-11-06,45.009998,45.450001,44.360001,45.439999,45.439999,504400,40.45111144444453,39.36476214285714,43.849000040000035,43.321950024999914,43.38871765136719,46.259998,-4.514263630667801,-2.0512813486328128,0.0
2018-11-07,45.950001,46.5,44.610001,46.259998,46.259998,525800,41.44000000000008,39.700476380952374,43.77619996000004,43.326000009999916,44.897132873535156,46.880001,-2.9460985416922125,-1.3628651264648468,0.0
2018-11-08,46.259998,47.529999,45.66,46.880001,46.880001,904400,42.54444466666675,40.16428599999999,43.71379998000004,43.33665001499991,45.60694122314453,38.009998,-2.715571138438049,0.0,1.2730597768554688
2018-11-09,40.599998,41.299999,38.0,38.009998,38.009998,6126600,42.74888911111119,40.1866668095238,43.46499992000004,43.30170000499991,44.64519119262695,33.25,17.456441835716355,0.0,-6.63519319262695
2018-11-12,36.389999,36.599998,31.92,33.25,33.25,5490700,42.428889000000076,39.9566667142857,43.134999920000034,43.24694999999991,42.49787521362305,36.040001,27.813158537212175,9.247875213623047,0.0
2018-11-13,33.580002,37.119999,33.580002,36.040001,36.040001,2966400,42.296666888888964,39.83333338095237,42.890799940000036,43.20465000499991,40.34991455078125,36.200001,11.958694315189542,4.309913550781253,0.0
2018-11-14,36.52,36.889999,35.330002,36.200001,36.200001,1681400,41.36777800000007,39.636666666666656,42.64979996000004,43.172399999999904,38.386924743652344,37.68,6.041225644309633,2.1869237436523434,0.0
2018-11-15,35.91,37.830002,35.529999,37.68,37.68,1682400,40.52777777777786,39.49000009523808,42.45839996000004,43.14239999999991,36.50287628173828,37.130001,-3.124001375429189,0.0,1.1771237182617185
2018-11-16,37.209999,37.740002,36.349998,37.130001,37.130001,1294500,39.65444433333341,39.36047642857142,42.26099998000004,43.1188999949999,36.1739616394043,34.490002000000004,-2.5748433472859404,0.0,0.9560393605957032
2018-11-19,36.919998,37.200001,34.439999,34.490002000000004,34.490002000000004,1450600,38.43777800000007,39.14666699999999,42.000800020000035,43.1027000049999,36.4295539855957,34.48,5.623519492969872,0.0,-1.939551985595699
2018-11-20,33.759998,35.459999,33.259998,34.48,34.48,1546100,37.12888933333341,38.95761933333332,41.74940004000004,43.0733500149999,36.18538284301758,35.040001000000004,4.946005925225004,1.7053828430175813,0.0
2018-11-21,35.18,35.900002,34.400002,35.040001000000004,35.040001000000004,1005400,35.813333777777856,38.81476219047617,41.511200040000034,43.0498000199999,35.941627502441406,35.02,2.5731349221177315,0.0,-0.9016265024414025
2018-11-23,34.43,35.700001,34.130001,35.02,35.02,211500,35.481111777777855,38.78761933333332,41.269600080000025,43.034150009999905,35.521026611328125,36.23,1.4306870683270183,0.5010266113281219,0.0
2018-11-26,35.48,36.43,35.169998,36.23,36.23,815100,35.81222288888897,38.733809761904745,41.04120004000003,43.0248000199999,35.35466384887695,35.549999,-2.4160534118770185,0.0,0.8753361511230437
2018-11-27,35.77,36.189999,35.07,35.549999,35.549999,1065900,35.7577782222223,38.66761928571427,40.799199980000026,43.01505001499991,35.40108871459961,37.23,-0.41887563878803574,-0.1489102854003903,0.0
2018-11-28,35.98,37.25,35.080002,37.23,37.23,753400,35.87222255555564,38.718095571428556,40.57780000000002,43.015450004999906,35.84587097167969,36.549999,-3.7177787491815995,0.0,1.3841290283203094
2018-11-29,37.200001,37.580002,36.029999,36.549999,36.549999,727500,35.746666888888974,38.73809547619046,40.35280000000002,43.00094999499991,36.210304260253906,37.419998,-0.9293973981944389,-0.33969473974609343,0.0
2018-11-30,36.439999,37.57,35.799999,37.419998,37.419998,1178400,35.778888777777865,38.74714299999998,40.13719994000002,42.994299984999905,36.58908462524414,37.52,-2.2205061976643052,-0.830913374755859,0.0
2018-12-03,38.459999,38.799999,36.900002,37.52,37.52,966800,36.115555222222305,38.41190485714284,39.92659996000002,42.99039998999991,37.02316665649414,35.869999,-1.3241826852501664,0.0,0.4968333435058625
2018-12-04,37.110001,37.509998,35.459999,35.869999,35.869999,875200,36.26999955555564,37.965714238095224,39.676999980000026,42.9764999749999,37.12956619262695,34.970001,3.5114781927564405,0.0,-1.2595671926269532
2018-12-06,34.0,35.189999,33.389999,34.970001,34.970001,1266700,36.26222177777786,37.48857133333332,39.399400040000025,42.962099989999906,36.63947677612305,34.290001000000004,4.7740226719554375,0.0,-1.6694757761230434
2018-12-07,34.98,35.599998,34.049999,34.290001000000004,34.290001000000004,849200,36.18111077777787,36.95761904761903,39.15820010000002,42.9460499949999,36.17046356201172,34.849998,5.483996812982638,1.880462562011715,0.0
2018-12-10,34.400002,35.279999,33.52,34.849998,34.849998,703100,36.02777722222231,36.4142857142857,38.919200080000024,42.928799989999895,35.70182800292969,33.830002,2.4442756149647074,0.0,-0.8518300029296881
2018-12-11,35.439999,36.48,33.450001,33.830002,33.830002,1256600,35.83666644444453,35.79285719047618,38.64980014000002,42.9052000049999,35.17439651489258,34.27,3.973971136308469,1.3443945148925778,0.0
2018-12-12,34.529999,34.98,34.07,34.27,34.27,799100,35.507777555555634,35.61476204761904,38.40300012000002,42.884299999999904,34.794673919677734,33.580002,1.531000641020517,0.0,-0.5246739196777312
2018-12-13,34.619999,35.380001,33.369999,33.580002,33.580002,891000,35.17777788888897,35.63047642857142,38.17040018000002,42.859700009999905,34.74809646606445,32.060001,3.4785419788374425,0.0,-1.1680944660644528
2018-12-14,33.009998,33.799999,31.92,32.060001,32.060001,1482300,34.582222666666745,35.44095261904761,37.89200020000002,42.82650000999991,34.323211669921875,32.849998,7.0592969411381965,2.2632106699218753,0.0
2018-12-17,32.060001,33.07,31.08,32.849998,32.849998,1382900,34.06333355555564,35.281428666666656,37.68120018000002,42.80025000999991,33.842559814453125,33.07,3.0214973360215294,0.9925618144531256,0.0
2018-12-18,33.23,34.060001,32.950001,33.07,33.07,938300,33.75222255555563,35.06190485714285,37.54360016000002,42.777850014999906,33.592529296875,32.110001000000004,1.5800704471575437,0.0,-0.5225292968749997
2018-12-19,33.0,33.52,31.77,32.110001000000004,32.110001000000004,1217800,33.434444777777856,34.82285723809523,37.38780014000002,42.7444000249999,33.23424530029297,31.790000999999997,3.501227858239446,0.0,-1.1242443002929647
2018-12-20,32.029999,32.950001,31.190001,31.790001,31.790001,887400,33.15666700000008,34.69428576190475,37.23940018000002,42.709100039999896,32.76569747924805,30.799999000000003,3.0691929806735354,0.0,-0.9756964792480467
2018-12-21,31.799999,32.130001,30.639999,30.799999,30.799999,2526700,32.70666711111119,34.519047619047605,37.11260018000002,42.6706000349999,32.55955505371094,29.58,5.712844515712282,0.0,-1.7595560537109378
2018-12-24,30.35,30.77,29.309999,29.58,29.58,479400,32.23444466666675,34.25904757142856,36.95340016000002,42.61025002499989,31.972335815429688,31.48,8.087680241479681,2.392335815429689,0.0
2018-12-26,29.85,31.48,29.5,31.48,31.48,697700,31.924444666666748,34.090476142857135,36.82140012000002,42.5591500199999,31.418466567993164,32.130001,-0.19546833547279657,-0.061533432006836364,0.0
2018-12-27,30.959999,32.169998,30.450001,32.130001,32.130001,631100,31.763333444444527,33.895238095238085,36.69140012000002,42.511050024999896,31.237735748291016,31.82,-2.7770470710815864,0.0,0.8922652517089844
2018-12-28,32.119999,32.759998,31.41,31.82,31.82,581100,31.73666666666675,33.71761909523809,36.52120008000002,42.44615002999989,31.279773712158203,32.459999,-1.6977570328152016,-0.5402262878417972,0.0
2018-12-31,32.740002000000004,33.049999,31.940001,32.459999,32.459999,710100,31.69333344444452,33.49047619047619,36.35520010000002,42.38195002999989,31.63016700744629,31.940001,-2.556475718171508,0.0,0.8298319925537143
2019-01-02,31.870001,32.84,31.5,31.940001,31.940001,725700,31.567778000000075,33.27095247619048,36.19700016000002,42.32015003999989,31.999422073364258,29.740000000000002,0.18603967283613754,0.0,-0.05942107336425906
2019-01-03,30.959999,31.200001,29.440001,29.74,29.74,1181800,31.304444555555634,32.90523828571429,36.01220016000002,42.24285003499989,31.87442970275879,30.879999,7.176966048281072,2.1344297027587906,0.0
2019-01-04,30.66,31.34,30.23,30.879999,30.879999,641100,31.203333222222298,32.589047761904766,35.86080012000002,42.1630000399999,31.694704055786133,31.92,2.6382936598739244,0.8147050557861313,0.0
2019-01-07,30.83,32.060001,29.4,31.92,31.92,786000,31.327777777777854,32.400952571428576,35.73840010000002,42.094350029999895,31.512102127075195,32.200001,-1.2778755417443808,-0.4078978729248064,0.0
2019-01-08,32.110001000000004,32.580002,31.83,32.200001,32.200001,391900,31.618889000000074,32.26904780952381,35.670600120000024,42.031100044999896,31.492136001586914,32.849998,-2.1983384361170866,-0.7078649984130863,0.0
2019-01-09,32.200001,33.240002000000004,32.169998,32.849998,32.849998,698500,31.77111100000007,32.20047623809525,35.58040006000002,41.980350034999894,31.67091941833496,33.759998,-3.589280528008064,-1.1790785816650384,0.0
2019-01-10,32.650002,33.880001,32.48,33.759998,33.759998,442300,31.952221777777847,32.14857147619048,35.51680004000002,41.93215001499989,32.26242446899414,34.560001,-4.435940816720019,-1.4975735310058624,0.0
2019-01-11,33.459999,34.689999,33.310001,34.560001,34.560001,584200,32.256666333333406,32.18333333333334,35.48460010000002,41.89170000999989,32.92407989501953,33.790001000000004,-4.7335678751296,0.0,1.6359211049804685
2019-01-14,34.299999,34.310001,33.509998,33.790001000000004,33.790001000000004,464800,32.40444433333341,32.160476238095235,35.437800100000025,41.86315001499988,33.4803352355957,33.669998,-0.916442010180173,0.0,0.3096657644043006
2019-01-15,33.790001000000004,34.130001,33.169998,33.669998,33.669998,454300,32.5966662222223,32.16476176190476,35.366600060000025,41.82699999499988,33.73716735839844,33.66,0.19949320578646262,0.0,-0.06716935839843785
2019-01-16,33.740002000000004,34.299999,33.27,33.66,33.66,1038000,33.03222177777785,32.240952190476186,35.14860004000003,41.79329998499988,33.968624114990234,33.459999,0.9168868538034397,0.0,-0.3086241149902378
2019-01-17,33.5,33.98,32.150002,33.459999,33.459999,883000,33.31888844444452,32.26999985714286,34.91299998000002,41.75784998499987,33.950191497802734,34.369999,1.4650104974681288,0.490192497802731,0.0
2019-01-18,33.73,34.75,33.43,34.369999,34.369999,773000,33.59111055555562,32.331904571428566,34.70059992000002,41.72219997999988,33.98344421386719,32.509998,-1.1246866377063685,0.0,0.38655478613281247
2019-01-22,33.720001,33.889999,32.049999,32.509998,32.509998,622500,33.62555466666674,32.350952047619046,34.44199990000002,41.67424997999988,33.7597541809082,32.349998,3.8442210328902506,0.0,-1.2497561809082
2019-01-23,32.830002,33.369999,32.02,32.349998,32.349998,540900,33.56999911111117,32.37761857142857,34.16379990000002,41.63199997499987,33.498626708984375,33.490002000000004,3.5506299227108933,1.1486287089843756,0.0
2019-01-24,32.48,34.41,32.060001,33.490002000000004,33.490002000000004,747400,33.539999555555625,32.50571395238095,33.89599992000002,41.59544998999987,33.40312576293945,33.98,-0.2594094711029008,-0.08687623706055092,0.0
2019-01-25,33.5,34.439999,33.5,33.98,33.98,928700,33.47555500000007,32.71523776190476,33.81539996000002,41.54909998999987,33.5768928527832,33.459999,-1.1863070842165797,0.0,0.40310714721679375
2019-01-28,33.310001,33.919998,33.060001,33.459999,33.459999,706200,33.438888111111176,32.80952342857143,33.81959994000002,41.494649994999875,33.47539520263672,32.790001000000004,0.04601375701390598,0.0,-0.015396202636715373
2019-01-29,33.599998,33.939999,32.779999,32.790001000000004,32.790001000000004,551000,33.34111066666673,32.840952,33.75459994000002,41.43984999999987,33.5007209777832,33.18,2.167489954584629,0.7107199777831994,0.0
2019-01-30,33.060001,33.450001,31.74,33.18,33.18,1294100,33.2877773333334,32.905713904761896,33.694199920000024,41.38724999499988,33.536136627197266,37.959999,1.0733472790755454,0.3561366271972659,0.0
2019-01-31,37.68,40.18,36.599998,37.959999,37.959999,3897500,33.7877773333334,33.16761866666666,33.69979990000002,41.36754997999988,34.858985900878906,37.709999,-8.169160118052417,0.0,3.101013099121097
2019-02-01,38.009998,38.380001,37.110001,37.709999,37.709999,1079500,34.15888844444451,33.44238047619047,33.71139986000002,41.34109997499988,35.64425277709961,37.950001,-5.477980052188264,-2.065746222900394,0.0
2019-02-04,37.810001,38.630001,37.200001,37.950001,37.950001,740400,34.763333222222286,33.8333329047619,33.780599840000015,41.312849989999876,36.435367584228516,37.509998,-3.991128790145446,0.0,1.5146334157714847
2019-02-05,37.830002,37.950001,37.360001,37.509998,37.509998,796200,35.33666655555562,34.149047142857135,33.84119980000002,41.28939997499988,37.15731430053711,38.450001,-0.9402391849311579,-0.3526836994628937,0.0
2019-02-06,37.630001,38.77,37.630001,38.450001,38.450001,913800,35.887777555555616,34.45999957142857,33.90939980000002,41.27389998499987,38.05929946899414,36.529999,-1.0161287928337366,0.0,0.3907015310058597
2019-02-07,38.200001,38.450001,35.950001,36.529999,36.529999,969700,36.171110777777834,34.66618995238095,33.939599780000016,41.25404997999987,37.95822525024414,37.009998,3.9097352568888493,1.428226250244144,0.0
2019-02-08,36.169998,37.02,36.130001,37.009998,37.009998,486500,36.565555111111166,34.86428519047619,33.95519974000002,41.239349964999874,37.66749572753906,37.59,1.7765408350982872,0.6574977275390594,0.0
2019-02-11,37.200001,37.799999,36.360001,37.59,37.59,725500,37.09888833333339,35.046666238095234,33.99599976000001,41.235299954999874,37.54726791381836,37.66,-0.11367939925949462,-0.042732086181644036,0.0
2019-02-12,37.619999,38.34,37.169998,37.66,37.66,722100,37.59666611111117,35.19428523809523,34.00459976000001,41.22509994999987,37.585391998291016,37.779999,-0.1981094044317073,-0.07460800170898096,0.0
2019-02-13,37.73,38.259998,37.700001,37.779999,37.779999,637800,37.576666111111166,35.38428514285714,34.02919976000001,41.21899994499988,37.57321548461914,37.889999,-0.5473359472054404,-0.20678351538085593,0.0
2019-02-14,37.5,38.299999,37.5,37.889999,37.889999,677900,37.59666611111117,35.58523757142857,34.03859978000001,41.217949949999884,37.701778411865234,38.959999,-0.49675532621357077,-0.18822058813476872,0.0
2019-02-15,38.209999,38.970001,37.52,38.959999,38.959999,753900,37.70888811111117,35.83761847619048,34.067399760000015,41.20599995499989,38.06026077270508,39.09,-2.3093897597249042,-0.8997382272949253,0.0
2019-02-19,38.91,39.349998,38.57,39.09,39.09,847500,37.884443888888946,36.10571376190477,34.13179978000001,41.18594996499989,38.43073654174805,40.360001,-1.6865271380198426,-0.6592634582519565,0.0
2019-02-20,39.080002,40.77,38.799999,40.360001,40.360001,1102100,38.09666611111117,36.39095195238095,34.23959978000001,41.17399996999988,38.891448974609375,39.970001,-3.6386322819729906,0.0,1.468552025390622
2019-02-21,40.220001,40.720001,39.68,39.970001,39.970001,675100,38.47888855555562,36.74619019047619,34.35319978000001,41.158099964999884,39.339595794677734,41.529999,-1.5771958707788598,-0.6304052053222691,0.0
2019-02-22,40.139999,41.759998,40.0,41.529999,41.529999,1106100,38.98111088888895,37.1833330952381,34.486799800000014,41.14224995499989,39.96553039550781,42.860001,-3.7670807661040016,-1.564468604492184,0.0
2019-02-25,42.400002,43.490002,42.09,42.860001,42.860001,892800,39.56666655555562,37.629523523809524,34.66739978000001,41.13729996999989,40.856956481933594,42.27,-4.673458869182955,0.0,2.003044518066403
2019-02-26,42.310001,42.990002,41.759998,42.27,42.27,624700,40.07888877777785,38.02428542857143,34.827399780000015,41.12189997999989,41.48627853393555,42.220001,-1.8540843767789357,0.0,0.7837214660644563
2019-02-27,42.139999,42.27,41.279999,42.220001,42.220001,490700,40.57222233333341,38.44142838095238,35.000199760000015,41.10474997499988,41.86562728881836,42.48,-0.8393503145147819,-0.35437371118164407,0.0
2019-02-28,41.889999,42.639999,41.360001,42.48,42.48,657200,41.08222244444452,38.902856904761904,35.20859974000001,41.09264996499988,42.201866149902344,42.25,-0.6547407017364716,0.0,0.2781338500976531
2019-03-01,42.830002,43.48,42.169998,42.25,42.25,698900,41.44777811111119,39.33476166666667,35.39659978000002,41.07939995499988,42.55512619018555,42.150002,0.7221921661196375,0.0,-0.3051261901855469
2019-03-04,42.5,42.880001,41.630001,42.150002,42.150002,869100,41.787778333333414,39.53428561904762,35.578199820000016,41.06639996499988,42.49699783325195,40.25,0.8232403719742468,0.0,-0.3469958332519525
2019-03-05,42.25,42.349998,40.200001,40.25,40.25,713100,41.77555600000008,39.65523804761905,35.74099980000002,41.03989996999988,42.23787307739258,39.009998,4.938815099111996,0.0,-1.9878730773925781
2019-03-06,40.240002,40.240002,38.57,39.009998,39.009998,698800,41.66888900000007,39.70571409523809,35.88539974000002,41.01019995499988,41.649906158447266,38.27,6.767260430126816,0.0,-2.6399081584472626
2019-03-07,38.990002,39.119999,38.0,38.27,38.27,547400,41.30666688888896,39.74190466666666,36.03479976000001,40.97954994499988,40.87660598754883,38.360001,6.811094819829696,2.606605987548825,0.0
2019-03-08,37.860001,38.919998,37.23,38.360001,38.360001,450200,40.80666688888896,39.73761895238095,36.21039978000002,40.946599944999875,39.9564208984375,39.630001,4.161678458865273,1.596419898437503,0.0
2019-03-11,38.52,39.900002,38.52,39.630001,39.630001,700100,40.51333366666674,39.885238095238094,36.373399800000016,40.91799995999988,39.438941955566406,39.240002,-0.48210708961020154,0.0,0.19105904443359378
2019-03-12,39.700001,39.869999,39.040001,39.240002,39.240002,402300,40.18222266666674,39.99142876190476,36.51559982000001,40.887449979999886,39.16487503051758,39.720001,-0.1914550602785872,-0.07512696948241882,0.0
2019-03-13,39.419998,40.220001,39.32,39.720001,39.720001,458900,39.87555611111119,40.092857380952374,36.673599840000016,40.86154997499988,39.242496490478516,38.790001,-1.2021764791030287,0.0,0.4775045095214878
2019-03-14,39.599998,39.759998,38.639999,38.790001,38.790001,384800,39.49111177777785,40.14666695238095,36.800199880000015,40.82949997499988,39.339111328125,39.630001,1.4155976127069536,0.5491103281250034,0.0
2019-03-15,38.970001,40.330002,38.880001,39.630001,39.630001,733200,39.21111166666674,40.23476228571428,36.95399988000002,40.80439996999988,39.59535598754883,38.599998,-0.08742117480938723,0.0,0.03464501245117191
2019-03-18,39.619999,39.669998,38.099998,38.599998,38.599998,782300,39.02777811111119,40.26857176190476,37.131199840000015,40.776899969999874,39.55632781982422,38.759998,2.477538521696865,0.9563298198242194,0.0
2019-03-19,38.93,39.240002,38.599998,38.759998,38.759998,436700,39.00000033333341,40.2590479047619,37.288799820000015,40.750949954999875,39.417396545410156,37.799999,1.6960747660775246,0.0,-0.6573985454101532
2019-03-20,38.639999,38.639999,37.279999,37.799999,37.799999,641300,38.94777800000008,40.19761928571428,37.40639980000002,40.71019994499987,39.07792663574219,38.84,3.3807610305550213,1.2779276357421878,0.0
2019-03-21,37.919998,39.25,37.919998,38.84,38.84,511700,39.0011112222223,40.12523828571428,37.53919978000002,40.672649954999876,38.93191909790039,36.470001,0.23666091117504431,0.0,-0.09191909790038721
2019-03-22,38.599998,38.599998,36.459999,36.470001,36.470001,634600,38.65000011111119,39.95857161904761,37.61159984000002,40.61949996999987,38.533111572265625,36.830002,5.657007172184123,2.0631105722656216,0.0
2019-03-25,36.48,37.099998,35.880001,36.830002,36.830002,461100,38.38222233333341,39.734762238095236,37.67299992000002,40.56714998499987,38.02398681640625,37.139999,3.2418809437106457,1.1939848164062496,0.0
2019-03-26,37.139999,37.740002,36.610001,37.139999,37.139999,653700,38.095555444444514,39.46238119047619,37.724599880000014,40.51809997499987,37.708221435546875,36.950001,1.529947363614285,0.0,-0.5682224355468719
2019-03-27,37.25,37.689999,36.09,36.950001,36.950001,579500,37.891111000000066,39.2090479047619,37.78779988000001,40.463849984999875,37.50775146484375,36.98,1.5094734769932745,0.5577504648437497,0.0
2019-03-28,37.330002,37.639999,36.619999,36.98,36.98,539800,37.596666444444516,38.95952404761905,37.85399992000001,40.40824999499987,37.26845169067383,37.240002,0.7800207968464881,0.28845169067383125,0.0
2019-03-29,37.349998,37.799999,36.599998,37.240002,37.240002,885900,37.445555777777855,38.71000033333333,37.92559996000001,40.35145001499987,37.26200866699219,38.91,0.059094161681813445,0.02200666699219056,0.0
2019-04-01,37.700001,39.189999,37.68,38.91,38.91,754700,37.46222266666674,38.550952714285714,38.03459998000001,40.30400000499987,37.64873123168945,38.830002,-3.24150287409546,0.0,1.2612687683105435
2019-04-02,38.950001,38.950001,38.23,38.830002,38.830002,446700,37.57666744444451,38.39285747619048,38.12380004000001,40.257400004999866,37.976741790771484,39.330002,-2.197425097295941,-0.853260209228516,0.0
2019-04-03,39.240002,40.25,39.110001,39.330002,39.330002,775600,37.63111211111118,38.34904804761905,38.26020012000001,40.221300019999866,38.50212097167969,39.16,-2.104960554846432,0.0,0.8278810283203129
2019-04-04,39.299999,39.77,38.82,39.16,39.16,435000,37.93000088888895,38.356191,38.39640016000001,40.18160002999987,38.88502883911133,39.639999,-0.702173546702422,-0.27497116088866846,0.0
2019-04-05,39.32,39.779999,39.16,39.639999,39.639999,399300,38.24222277777784,38.42142904761905,38.51940010000001,40.14680003499987,39.29619216918945,39.950001,-0.8673230057613017,-0.34380683081054997,0.0
2019-04-08,39.5,40.029999,38.93,39.950001,39.950001,383300,38.554445222222284,38.497143333333334,38.63880012000001,40.10980004999987,39.52415084838867,39.619999,-1.0659577996289122,0.0,0.42585015161132844
2019-04-09,40.049999,40.290001,39.419998,39.619999,39.619999,504500,38.85111166666673,38.49666704761905,38.76200012000001,40.06890004999987,39.738975524902344,40.18,0.3002941138447373,0.11897652490234378,0.0
2019-04-10,39.790001,40.400002,39.5,40.18,40.18,793700,39.206667222222286,38.541428857142854,38.90980010000001,40.03280003999987,39.87371826171875,39.849998,-0.7622741121982323,0.0,0.3062817382812497
2019-04-11,40.400002,40.509998,39.57,39.849998,39.849998,437600,39.49666677777785,38.54761919047619,39.04320006000001,40.013550024999866,40.02232360839844,41.049999,0.4324356764043956,0.17232560839843813,0.0
2019-04-12,40.41,41.119999,40.029999,41.049999,41.049999,549000,39.734444444444506,38.655238142857144,39.10500006000001,39.99080002999987,40.267860412597656,40.869999,-1.905331562620363,0.0,0.7821385874023434
2019-04-15,41.18,41.610001,40.540001,40.869999,40.869999,496100,39.96111077777785,38.71428566666667,39.16820006000001,39.97365002999987,40.55702590942383,41.540001,-0.7657770937948196,-0.31297309057617184,0.0
2019-04-16,40.82,41.700001,40.700001,41.540001,41.540001,582200,40.206666222222296,38.85428580952381,39.240000060000014,39.96360003999987,40.83149337768555,41.139999,-1.7056032866114994,0.0,0.7085076223144497
2019-04-17,42.009998,42.009998,40.73,41.139999,41.139999,672200,40.42666611111118,38.967619190476185,39.31260008000002,39.95205002999987,41.14012908935547,41.080002,0.0003162113724544738,0.0,-0.0001300893554656568
2019-04-18,41.049999,41.439999,40.48,41.080002,41.080002,432400,40.58666644444451,39.12380980952381,39.36520010000002,39.94570004999987,41.281620025634766,40.75,0.4907936120226218,0.0,-0.20161802563476527
2019-04-22,41.119999,41.18,40.23,40.75,40.75,292000,40.67555522222229,39.214762190476186,39.449600120000014,39.94595004499987,41.27005386352539,41.389999,1.2762058000623082,0.5200538635253906,0.0
2019-04-23,40.939999,41.59,40.549999,41.389999,41.389999,662700,40.87222188888896,39.449047809523805,39.53720014000001,39.94240004999987,41.29933166503906,41.02,-0.2190561419461271,0.0,0.0906673349609406
2019-04-24,41.240002,41.580002,40.77,41.02,41.02,481700,40.965555222222285,39.648571523809515,39.605800140000014,39.93725005499987,41.29401779174805,39.25,0.6680102187909404,0.0,-0.27401779174804375
2019-04-25,40.98,41.02,38.880001,39.25,39.25,652600,40.89888877777784,39.749047761904755,39.63760014000001,39.91875004999987,40.99522018432617,39.130001,4.446420851786425,0.0,-1.7452201843261719
2019-04-26,38.919998,39.220001,38.099998,39.130001,39.130001,643400,40.68555566666673,39.85285728571428,39.66460018000001,39.89840004999987,40.51089859008789,38.919998,3.5289996289238292,0.0,-1.3808975900878906
2019-04-29,39.25,39.59,38.779999,38.919998,38.919998,652400,40.468888888888955,39.945238142857136,39.685200160000015,39.87950003499987,40.161556243896484,39.84,3.1900264843191537,1.2415582438964847,0.0
2019-04-30,39.02,39.939999,38.560001,39.84,39.84,905600,40.27999988888896,40.06904757142856,39.70280018000001,39.86020002999987,39.860504150390625,37.27,0.051466240940315225,0.0,-0.02050415039062159
2019-05-01,39.990002,40.25,37.200001,37.27,37.27,2336000,39.850000000000065,39.990952333333325,39.66640018000001,39.829300024999874,39.47178268432617,38.09,5.907654103370455,2.2017826843261687,0.0
2019-05-02,36.98,38.25,36.98,38.09,38.09,1318100,39.517777555555625,39.95571414285713,39.621000160000015,39.80400001499987,38.958194732666016,40.400002,2.2793245803780837,0.8681947326660122,0.0
2019-05-03,38.189999,40.459999,37.880001,40.400002,40.400002,1004600,39.47888888888896,40.006666523809514,39.62960018000002,39.78500001999988,39.038997650146484,39.599998,-3.3688224813788774,0.0,1.3610043498535163
2019-05-06,38.639999,39.959999,38.459999,39.599998,39.599998,910200,39.279999888888966,40.0276188095238,39.591000160000014,39.75849999999987,39.03936767578125,38.650002,-1.4157332134682163,0.0,0.5606303242187494
2019-05-07,38.900002,39.48,38.139999,38.650002,38.650002,755100,39.01666677777785,39.98047609523809,39.50680018000001,39.72700000499987,38.89543533325195,37.650002,0.6350150596420473,0.0,-0.2454333332519525
2019-05-08,38.560001,38.990002,37.610001,37.650002,37.650002,921500,38.83888922222229,39.87095233333332,39.41440022000002,39.696000024999876,38.82046127319336,37.349998,3.108789405093149,0.0,-1.1704592731933587
2019-05-09,37.18,37.43,36.18,37.349998,37.349998,813500,38.64111111111119,39.762857047619036,39.31700016000001,39.658500024999874,38.62908935546875,37.259998,3.424608899493785,0.0,-1.2790913554687506
2019-05-10,37.139999,37.41,36.049999,37.259998,37.259998,630700,38.456666666666734,39.62380933333333,39.21260012000002,39.620300004999876,38.148704528808594,34.299999,2.3851491586461995,0.0,-0.8887065288085907
2019-05-13,36.080002,36.529999,34.18,34.299999,34.299999,1226500,37.84111100000007,39.359523666666654,39.05360010000002,39.56454999499987,37.35708236694336,36.009998,8.912779755309497,3.0570833669433597,0.0
2019-05-14,34.389999,36.259998,34.380001,36.009998,36.009998,1217600,37.70111077777785,39.119523619047605,38.930800020000014,39.51509997499988,36.68204879760742,36.330002,1.8662894610752792,0.6720507976074188,0.0
2019-05-15,35.619999,37.139999,35.25,36.330002,36.330002,853000,37.50555544444452,38.903333285714275,38.852400060000015,39.47249999499988,36.32121276855469,34.5,-0.024192763450199783,0.0,0.00878923144531285
2019-05-16,35.299999,35.59,34.130001,34.5,34.5,1711000,36.84999966666674,38.56809514285713,38.762200100000015,39.433999989999876,35.93098449707031,32.669998,4.147781150928442,0.0,-1.4309844970703125
2019-05-17,34.099998,34.310001,32.5,32.669998,32.669998,1465400,36.079999666666744,38.16476176190476,38.65020006000002,39.401349974999874,35.17837905883789,32.900002,7.677934534424799,2.508381058837891,0.0
2019-05-20,31.51,33.68,31.0,32.900002,32.900002,1440800,35.44111077777786,37.77523795238094,38.54100008000002,39.36784999499988,34.5282096862793,34.259998,4.948959231915233,1.6282076862792962,0.0
2019-05-21,33.43,35.389999,33.169998,34.259998,34.259998,1464100,35.06444366666675,37.46619023809522,38.433600020000014,39.34364999499988,34.33866882324219,32.830002,0.2296288027868082,0.0,-0.07867082324218444
2019-05-22,33.919998,34.07,32.700001,32.830002,32.830002,748800,34.56222188888897,37.058571333333326,38.305400020000015,39.31329999499988,33.78616714477539,31.799998999999996,2.912473611105446,0.0,-0.9561651447753903
2019-05-23,32.25,32.259998,31.459999,31.799999,31.799999,1553900,33.95555533333342,36.61952366666666,38.14699998000002,39.27079999499988,33.22392272949219,32.669998,4.477747717829135,1.4239237294921878,0.0
2019-05-24,32.209999,32.860001000000004,31.98,32.669998,32.669998,708200,33.774444111111194,36.306190238095226,38.02459992000002,39.20714997499988,33.006622314453125,32.240002000000004,1.030377517785968,0.0,-0.33662431445312535
2019-05-28,32.73,33.029999,31.790001,32.240002000000004,32.240002000000004,650900,33.35555566666675,35.978095047619036,37.87679994000002,39.14859997999988,32.99596405029297,32.040001000000004,2.344795295896584,0.0,-0.7559620502929647
2019-05-29,31.82,32.34,31.639999,32.040001000000004,32.040001000000004,494200,32.87888888888898,35.65047614285713,37.745600000000024,39.08479998999988,32.58564376831055,32.220001,1.7030048416994217,0.5456427683105431,0.0
2019-05-30,32.299999,32.77,31.76,32.220001,32.220001,754300,32.62555566666676,35.28761904761903,37.61480006000002,39.019649994999874,32.39195251464844,31.43,0.5336794205823707,0.0,-0.17195151464843406
2019-05-31,31.5,31.870001,31.1,31.43,31.43,1035100,32.487778111111204,35.0095238095238,37.48740008000002,38.95304999499988,32.317298889160156,31.74,2.8230954157179653,0.8872988891601565,0.0
2019-06-03,31.690001,32.529999,31.530001,31.74,31.74,930800,32.35888900000009,34.70714285714284,37.34540008000002,38.88349998499987,32.222496032714844,32.66,1.5201513318048057,0.4824960327148453,0.0
2019-06-04,32.0,32.689999,32.0,32.66,32.66,853200,32.18111144444453,34.33857133333332,37.269200060000024,38.82054998499987,32.23442840576172,32.700001,-1.3030361121808876,-0.42557159423827784,0.0
2019-06-05,33.060001,33.459999,31.83,32.700001,32.700001,519600,32.166666888888976,34.01000004761903,37.18660004000002,38.75504999499988,32.381961822509766,32.529999,-0.972596843315799,0.0,0.3180391774902347
2019-06-06,32.75,32.759998,31.959999,32.529999,32.529999,618500,32.24777800000008,33.718571333333315,37.094400040000025,38.68944997999988,32.422279357910156,33.23,-0.3311393956385929,-0.1077196420898403,0.0
2019-06-07,32.77,33.48,32.59,33.23,33.23,394800,32.310000444444526,33.50809504761904,37.020000020000026,38.62659998499988,32.71635818481445,33.709999,-1.5457171687798488,-0.5136418151855437,0.0
2019-06-10,33.610001000000004,34.450001,33.509998,33.709999,33.709999,500800,32.47333344444453,33.33476176190475,36.95460000000003,38.56114998499987,33.127384185791016,34.0,-1.7283145401724507,-0.5826148142089878,0.0
2019-06-11,34.25,34.5,33.799999,34.0,34.0,490400,32.69111111111119,33.17952376190475,36.889799960000026,38.49539997499987,33.50641632080078,34.360001000000004,-1.451716703527114,-0.49358367919921875,0.0
2019-06-12,34.150002,34.48,33.779999,34.360001000000004,34.360001000000004,561200,32.92888888888896,33.18238099999999,36.79879998000003,38.42869997499987,33.7996711730957,34.779999,-1.6307619633197938,-0.5603298269043009,0.0
2019-06-13,34.610001000000004,35.25,34.419998,34.779999,34.779999,632800,33.30111100000008,33.123809619047606,36.71779992000003,38.36359997499987,34.26021194458008,33.650002,-1.4944999147927476,0.0,0.5197870554199184
2019-06-14,34.470001,34.470001,33.369999,33.650002,33.650002,533100,33.51333344444452,32.996190571428556,36.604199920000035,38.28884999499988,34.3991813659668,33.970001,2.2263872851086197,0.7491793659667962,0.0
2019-06-17,33.869999,34.529999,33.380001,33.970001,33.970001,622300,33.65888911111119,32.970952523809515,36.50039994000003,38.209199989999874,34.399879455566406,35.29000100000001,1.265464948224178,0.4298784555664028,0.0
2019-06-18,34.490002000000004,35.700001,34.220001,35.29000100000001,35.29000100000001,605600,33.94666688888898,33.09571457142856,36.41339998000003,38.13564999499987,34.58442687988281,35.09,-1.9993598756690263,0.0,0.7055741201171983
2019-06-19,35.52,35.77,34.759998,35.09,35.09,535600,34.23111144444454,33.20000019047618,36.316199960000034,38.05884998999988,34.8199462890625,35.36000100000001,-0.7696030519735063,-0.2700537109375034,0.0
2019-06-20,36.290001,36.290001,35.0,35.36000100000001,35.36000100000001,554600,34.467778222222314,33.25238128571428,36.23100000000003,37.986899994999874,35.043540954589844,35.07,-0.8949661664607059,0.0,0.31646004541016737
2019-06-21,35.189999,35.36000100000001,34.189999,35.07,35.07,1405800,34.618889444444534,33.35904785714285,36.12880000000003,37.920999994999875,35.24936294555664,35.169998,0.5114426733864852,0.17936294555664034,0.0
2019-06-24,34.959999,35.91,34.84,35.169998,35.169998,605600,34.74888922222232,33.51952399999999,36.03520000000003,37.85559998499988,35.45338821411133,34.66,0.8057726193539404,0.0,-0.2833902141113285
2019-06-25,35.130001,35.669998,34.630001,34.66,34.66,609000,34.78222244444454,33.61428599999999,35.90740002000003,37.792649984999876,35.43806838989258,35.0,2.24485975156544,0.7780683898925815,0.0
2019-06-26,35.310001,35.669998,34.91,35.0,35.0,688500,34.8066670000001,33.74571447619047,35.79000004000003,37.732649984999874,35.42184066772461,35.59,1.2052590506417409,0.4218406677246094,0.0
2019-06-27,35.200001,35.84,34.98,35.59,35.59,941200,35.02222233333344,33.91476204761904,35.67100002000003,37.67309998499988,35.38691329956055,36.560001,-0.570628548579535,-0.20308670043945654,0.0
2019-06-28,35.669998,36.790001,35.650002,36.560001,36.560001,1116700,35.310000111111215,34.12142871428571,35.57940006000003,37.62064999499987,35.7008171081543,37.41,-2.350065285407686,-0.8591838918457029,0.0
2019-07-01,38.490002,38.799999,37.080002,37.41,37.41,1047600,35.54555555555566,34.40619061904762,35.50600002000003,37.57294998999988,36.31147384643555,36.639999,-2.9364505575098896,0.0,1.0985261535644497
2019-07-02,37.23,37.490002,36.32,36.639999,36.639999,441100,35.71777766666677,34.6395239047619,35.423800000000035,37.52064999499988,36.623966217041016,37.240002,-0.04375759660634125,-0.016032782958987468,0.0
2019-07-03,36.830002,37.299999,36.02,37.240002,37.240002,512400,35.92666666666677,34.85761923809524,35.340800060000035,37.46859999499987,36.88370895385742,37.130001,-0.9567481928238756,0.0,0.35629304614257507
2019-07-05,36.990002,37.34,36.59,37.130001,37.130001,610700,36.15555566666677,35.06857161904762,35.26300008000003,37.415999989999875,37.16389846801758,36.02,0.09129401320936698,0.0,-0.03389746801757809
2019-07-08,36.77,36.799999,35.630001,36.02,36.02,669800,36.25000033333343,35.23476214285714,35.198400080000035,37.35459999499987,37.1507453918457,36.529999,3.1392154132307044,1.1307453918457,0.0
2019-07-09,36.689999,37.0,35.970001,36.529999,36.529999,789900,36.457778000000104,35.39190495238095,35.14640004000003,37.29824999499988,36.92591094970703,36.43,1.0837995087463175,0.0,-0.3959119497070347
2019-07-10,36.880001,37.18,36.09,36.43,36.43,1161000,36.61666688888899,35.5214288095238,35.09660008000004,37.23939998999988,36.90412521362305,36.09,1.3014691562532175,0.0,-0.47412521362304716
2019-07-11,36.349998,36.48,36.0,36.09,36.09,488100,36.67222244444454,35.620952619047614,35.021600080000034,37.17959999499988,36.74235916137695,36.73,1.8075898070849257,0.6523591613769497,0.0
2019-07-12,36.23,36.82,36.119999,36.73,36.73,335900,36.69111122222232,35.733809714285705,35.01080008000004,37.12150000499988,36.62347412109375,36.689999,-0.29002417344472337,0.0,0.10652587890624687
2019-07-15,36.93,37.169998,36.139999,36.689999,36.689999,407700,36.611111111111214,35.824762095238086,34.98280006000004,37.060700009999884,36.70451354980469,37.209999,0.03955996238835343,0.014514549804687249,0.0
2019-07-16,36.450001,37.380001,36.369999,37.209999,37.209999,507400,36.674444444444546,35.994285761904756,34.91900000000003,37.015000014999885,36.78179931640625,37.279999,-1.1507651037393292,-0.4281996835937534,0.0
2019-07-17,37.18,37.610001,37.080002,37.279999,37.279999,485800,36.67888855555565,36.151904714285706,34.872600020000036,36.96740001499988,36.95748519897461,37.25,-0.8651121504198195,0.0,0.3225138010253872
2019-07-18,37.25,37.419998,36.84,37.25,37.25,496900,36.692221777777874,36.24523799999999,34.844599980000034,36.91715001999989,37.14714813232422,37.360001,-0.2761123964450503,-0.10285186767578125,0.0
2019-07-19,37.34,37.830002,37.060001,37.360001,37.360001,548800,36.84111077777788,36.35333328571428,34.83879996000003,36.87090001999989,37.32534408569336,38.080002,-0.09276475743840996,-0.03465691430663753,0.0
2019-07-22,37.619999,38.119999,37.549999,38.080002,38.080002,412300,37.013333333333435,36.482857142857135,34.85340004000003,36.83525003499989,37.54924392700195,39.279999,-1.3937973874004714,-0.5307580729980472,0.0
2019-07-23,38.459999,39.299999,38.27,39.279999,39.279999,546900,37.329999888888985,36.683333285714276,34.89380006000003,36.80175002999989,37.97548294067383,40.52,-3.3210694820184914,-1.3045160593261684,0.0
2019-07-24,39.23,40.599998,39.0,40.52,40.52,892900,37.82222211111121,36.938095285714276,35.018200080000035,36.78740003499989,38.55418395996094,40.41,-4.851470977391573,0.0,1.9658160400390656
2019-07-25,40.509998,40.860001,40.139999,40.41,40.41,580200,38.23111100000009,37.2119048095238,35.10620012000003,36.78970002999989,39.22297286987305,40.41,-2.9374588718805983,0.0,0.0
2019-07-26,40.549999,40.779999,40.009998,40.41,40.41,452400,38.64444444444453,37.469523857142846,35.18780008000004,36.79225001999989,39.79194641113281,40.73,-1.5294570375332446,-0.6180535888671841,0.0
2019-07-29,40.900002,40.900002,39.93,40.73,40.73,593100,39.03555566666676,37.71428576190475,35.31240008000004,36.799850024999884,40.2969970703125,39.939999,-1.0631056461760298,0.0,0.4330029296874969
2019-07-30,40.330002,40.619999,39.639999,39.939999,39.939999,1393100,39.33111122222232,37.875238047619035,35.457800100000036,36.81385002499989,40.5463981628418,39.700001,1.5182753580985233,0.0,-0.6063991628417966
2019-07-31,40.07,40.630001,39.169998,39.700001,39.700001,1011700,39.60333355555565,37.984285714285704,35.59380008000003,36.82465002499989,40.53219985961914,39.490002,2.0962187371711662,0.0,-0.8321988596191403
2019-08-01,39.549999,40.720001,38.459999,39.490002,39.490002,1291900,39.84000033333343,38.12000014285714,35.698400160000034,36.83170002499989,40.34783172607422,37.34,2.172270657454568,0.0,-0.8578297260742218
2019-08-02,38.990002,38.990002,37.27,37.34,37.34,849600,39.75777788888899,38.12476195238095,35.788600120000034,36.825250019999885,39.80719757080078,36.360001,6.607385031603583,0.0,-2.467197570800778
2019-08-05,36.139999,36.68,35.810001,36.360001,36.360001,996400,39.43333366666677,38.08809528571428,35.87980016000003,36.80540001499989,38.85301971435547,37.080002,6.85648692461662,2.493018714355472,0.0
2019-08-06,36.93,37.259998,36.25,37.080002,37.080002,614500,39.05111166666677,38.13857157142857,35.96800024000003,36.787000034999885,38.20754623413086,36.529999,3.0408418913538866,0.0,-1.127544234130859
2019-08-07,36.470001,36.950001,36.060001,36.529999,36.529999,838500,38.62000044444455,38.13857157142857,36.05380018000003,36.770400039999885,37.56834411621094,38.810001,2.8424449620459638,1.038345116210941,0.0
2019-08-08,37.060001,38.82,37.009998,38.810001,38.810001,896800,38.44222277777788,38.251904952380954,36.18920018000003,36.76955004499989,37.371726989746094,38.07,-3.705936545206237,0.0,1.438274010253906
2019-08-09,38.709999,38.98,38.049999,38.07,38.07,604200,38.14666722222232,38.34619066666667,36.30620016000003,36.767650039999886,37.49894332885742,38.029999,-1.5000175233584934,0.0,0.5710566711425784
2019-08-12,38.150002,38.450001,37.66,38.029999,38.029999,856700,37.934445000000096,38.40809538095238,36.43820014000003,36.76760002999988,37.85548400878906,39.389999,-0.45888770917646904,-0.17451499121093406,0.0
2019-08-13,37.16,39.970001,36.66,39.389999,39.389999,1927400,37.90000033333343,38.536666809523815,36.59120012000003,36.786600024999885,38.19258117675781,36.970001,-3.039903157251135,0.0,1.1974178232421906
2019-08-14,38.400002,38.669998,36.68,36.970001,36.970001,988600,37.62000022222232,38.525238333333334,36.677400140000024,36.784650024999884,38.34625244140625,37.02,3.722616727563103,1.3762514414062466,0.0
2019-08-15,37.189999,37.669998,36.599998,37.02,37.02,645700,37.58444466666677,38.51285742857143,36.76380012000003,36.78505002999989,38.10858917236328,38.259998,2.9405434153519128,1.0885891723632781,0.0
2019-08-16,37.27,38.580002,37.27,38.259998,38.259998,738000,37.795555444444545,38.56095257142857,36.87840010000003,36.795500029999886,37.98843002319336,39.240002,-0.7097961082137111,-0.2715679768066437,0.0
2019-08-19,39.240002,39.82,38.860001,39.240002,39.240002,638800,38.03555544444455,38.65047642857143,36.99860014000003,36.81105003499988,38.270957946777344,39.009998,-2.4695311004893763,0.0,0.9690440532226532
2019-08-20,38.959999,39.310001,38.599998,39.009998,39.009998,522500,38.31111088888899,38.69476195238095,37.10460012000003,36.81995002499988,38.44417953491211,39.09,-1.4504447426218623,-0.5658184650878937,0.0
2019-08-21,39.490002,39.540001,39.09,39.09,39.09,561400,38.342221888888986,38.68571438095238,37.206400120000026,36.79260001999989,38.78190231323242,38.700001,-0.78817520278225,0.0,0.30809768676758154
2019-08-22,39.18,39.57,38.700001,38.700001,38.700001,492000,38.4122220000001,38.59904776190477,37.29320012000002,36.759900014999886,39.11309814453125,36.52,1.0674344544106076,0.0,-0.4130971445312497
2019-08-23,38.669998,38.779999,36.380001,36.52,36.52,1021600,38.24444433333343,38.41380966666667,37.32800014000002,36.71755000499989,38.99570846557617,37.32,6.779048372333429,2.4757084655761687,0.0
2019-08-26,37.419998,37.639999,36.75,37.32,37.32,560000,38.01444444444454,38.26666680952382,37.40140010000002,36.67695000999989,38.55837631225586,36.279999,3.3182645022932986,0.0,-1.238376312255859
2019-08-27,37.560001,37.560001,35.970001,36.279999,36.279999,739100,37.93777755555565,38.05476200000001,37.44760006000002,36.62705001499989,38.112060546875,36.560001,5.049783895735509,1.8320615468750034,0.0
2019-08-28,36.27,37.040001,35.900002,36.560001,36.560001,633300,37.88666655555565,37.89380971428572,37.473000060000025,36.57545001499989,37.54852294921875,37.400002,2.7038345792680647,0.9885219492187503,0.0
2019-08-29,37.119999,37.889999,37.049999,37.400002,37.400002,550800,37.791111444444546,37.784285952380955,37.51920010000003,36.57240003499989,37.27043533325195,37.509998,-0.3464349193030725,-0.1295666667480475,0.0
2019-08-30,37.790001,38.07,37.209999,37.509998,37.509998,716800,37.59888877777788,37.69000004761905,37.56220004000002,36.59370002499989,37.347198486328125,37.02,-0.43401632192003325,0.0,0.16279951367187806
2019-09-03,37.259998,37.490002,36.43,37.02,37.02,694600,37.377777888888986,37.674761952380955,37.60120004000002,36.59860001999989,37.29679489135742,37.529999,0.747690144131331,0.27679489135741875,0.0
2019-09-04,37.5,38.150002,37.5,37.529999,37.529999,359300,37.20444444444453,37.73047614285714,37.64840006000003,36.60525000999989,37.46023941040039,39.07,-0.18587687572175512,-0.06975958959960593,0.0
2019-09-05,38.200001,39.200001,37.84,39.07,39.07,816600,37.245555444444534,37.82523795238095,37.73660006000002,36.61220000999989,37.91854476928711,38.959999,-2.94715953599409,0.0,1.151455230712891
2019-09-06,39.110001,39.400002,38.650002,38.959999,38.959999,485000,37.51666644444454,37.94095223809524,37.81580004000002,36.621349999999886,38.262733459472656,39.049999,-1.7896959918488373,-0.6972655405273471,0.0
2019-09-09,39.25,39.73,38.790001,39.049999,39.049999,666800,37.70888855555565,37.952380714285724,37.88500002000003,36.644149984999885,38.59518814086914,39.509998,-1.164688529520472,-0.45481085913085906,0.0
2019-09-10,38.869999,39.779999,38.009998,39.509998,39.509998,594500,38.06777733333343,38.02095204761905,37.94399996000002,36.66929997499989,38.96331024169922,41.27,-1.3836694152725197,-0.5466877583007843,0.0
2019-09-11,39.560001,41.43,39.369999,41.27,41.27,927700,38.59111055555565,38.175237809523814,38.02119996000002,36.70044996999989,39.53700637817383,41.18,-4.199160702268415,0.0,1.732993621826175
2019-09-12,41.619999,41.669998,40.450001,41.18,41.18,854600,39.01111033333343,38.26047595238096,38.11199998000002,36.73124996999989,40.10599899291992,41.009998,-2.608064611656333,0.0,1.0740010070800778
2019-09-13,41.540001,41.779999,41.0,41.009998,41.009998,667100,39.39999922222231,38.45285676190476,38.187399900000024,36.7551499599999,40.55522537231445,40.900002,-1.108931114031144,0.0,0.45477262768554993
2019-09-16,40.380001,41.049999,40.349998,40.900002,40.900002,660400,39.83111055555565,38.63761876190476,38.26279992000003,36.781899974999895,40.79958724975586,40.52,-0.24551282477722436,0.0,0.10041475024414126
2019-09-17,40.57,40.880001,40.18,40.52,40.52,491600,40.16333288888898,38.74523790476191,38.352799920000024,36.7983499749999,41.0157585144043,40.119999,1.2234909042554138,0.0,-0.49575851440429375
2019-09-18,40.66,40.779999,39.66,40.119999,40.119999,336300,40.27999944444454,38.78714252380952,38.42459992000002,36.8161999749999,40.945579528808594,39.540001,2.0577780393478915,0.0,-0.8255805288085938
2019-09-19,40.0,40.580002,39.439999,39.540001,39.540001,709700,40.34444411111121,38.81238076190476,38.486799940000026,36.8267999899999,40.69234085083008,39.040001,2.9143647488276025,0.0,-1.1523398508300815
2019-09-20,39.860001,42.950001,38.549999,39.040001,39.040001,3943000,40.34333322222232,38.80999985714285,38.545799960000025,36.8343999949999,40.67014694213867,36.98,4.175578638275843,0.0,-1.6301459421386753
2019-09-23,37.82,38.0,36.549999,36.98,36.98,2863000,40.06222233333344,38.72809504761904,38.55079996000003,36.8399499999999,39.96843338012695,36.720001,8.081215197747312,0.0,-2.9884333801269563
2019-09-24,37.48,37.849998,36.450001,36.720001,36.720001,1913900,39.556666888889,38.7376189047619,38.55140000000003,36.8486999999999,39.1983757019043,36.259998,6.7493862592876654,0.0,-2.4783747019042934
2019-09-25,36.509998,37.0,35.040001000000004,36.259998,36.259998,17529300,39.010000000000105,38.68714261904761,38.53239998000003,36.8585499849999,39.217533111572266,37.389999,8.156467939055768,2.9575351115722626,0.0
2019-09-26,36.32,37.669998,36.060001,37.389999,37.389999,2078900,38.60777788888899,38.739999761904755,38.534599980000024,36.8712499899999,38.142242431640625,36.310001,2.01188406461477,0.0,-0.7522434316406219
2019-09-27,37.68,38.07,35.86000100000001,36.310001,36.310001,1216400,38.09777777777788,38.728094999999996,38.51580000000003,36.8836499849999,37.2541389465332,35.209999,2.600214597992447,0.0,-0.9441379465332034
2019-09-30,36.150002,36.349998,34.52,35.209999,35.209999,1425200,37.50777766666677,38.62380914285714,38.472799960000025,36.8883499799999,36.59272384643555,32.779999,3.927080050287827,0.0,-1.3827248464355435
2019-10-01,35.509998,35.799999,32.529999,32.779999,32.779999,2258800,36.69222211111121,38.39857109523809,38.366799900000025,36.8843499649999,35.67177200317383,32.759998,8.821760498448556,0.0,-2.8917730031738316
2019-10-02,32.5,32.799999,31.719999,32.759998,32.759998,1470600,35.93888844444454,38.195713857142856,38.23639988000003,36.887849949999904,35.27437973022461,32.610001000000004,7.6751583752374035,0.0,-2.5143817302246063
2019-10-03,32.580002,33.119999,31.790001,32.610001000000004,32.610001000000004,1633700,35.22444400000009,37.96142823809524,38.07819990000003,36.886649964999904,34.42701721191406,32.68,5.571960000596315,1.8170162119140585,0.0
2019-10-04,32.950001,33.490002000000004,32.380001,32.68,32.68,1161800,34.746666222222316,37.65714252380952,37.92359990000003,36.88469996499991,33.64805603027344,32.509998,2.9622277548146814,0.0,-0.9680560302734378
2019-10-07,32.470001,32.830002,32.330002,32.509998,32.509998,1412400,34.2788881111112,37.34999961904761,37.76559986000002,36.88669994999991,33.091278076171875,31.83,1.7880040354720166,0.0,-0.5812800761718719
2019-10-08,32.110001000000004,32.509998,31.709999,31.83,31.83,1502800,33.7866661111112,37.006190142857136,37.587599860000026,36.88689994499991,32.727745056152344,31.860001,2.820436871355154,0.8977450561523455,0.0
2019-10-09,32.130001,32.150002,31.5,31.860001,31.860001,867400,33.17222188888898,36.64190457142857,37.42599990000002,36.89219995499991,32.569942474365234,32.0,2.2283159199060725,0.7099414743652339,0.0
2019-10-10,31.940001,32.48,31.83,32.0,32.0,801500,32.69333288888898,36.200475999999995,37.271999880000024,36.904299954999914,32.4685173034668,32.169998,1.4641165733337402,0.4685173034667969,0.0
2019-10-11,32.52,32.73,32.040001000000004,32.169998,32.169998,1069200,32.355555000000095,35.771428285714286,37.125599800000025,36.907749944999914,32.39405822753906,32.099998,0.6964881612335284,0.0,-0.22406022753906285
2019-10-14,32.049999,32.52,31.9,32.099998,32.099998,602600,32.279999333333436,35.34714257142857,37.020799760000024,36.90759992999991,32.30792999267578,32.43,0.647763257417592,0.20793199267578188,0.0
2019-10-15,32.09,32.849998,32.009998,32.43,32.43,582600,32.24333288888899,34.94380914285714,36.94219974000003,36.91064992999991,32.37999725341797,32.09,-0.15418669929704276,0.0,0.050002746582030966
2019-10-16,32.380001,32.720001,32.049999,32.09,32.09,472400,32.1855550000001,34.54238057142857,36.84239970000003,36.90879993499991,32.44326400756836,32.459999,1.1008538721357306,0.35326400756835596,0.0
2019-10-17,32.299999,32.790001000000004,32.099998,32.459999,32.459999,1157900,32.16111044444454,34.17761866666667,36.76099970000003,36.91139992499991,32.54541778564453,32.330002,0.2631509189033797,0.0,-0.08541878564452787
2019-10-18,32.32,32.48,31.940001,32.330002,32.330002,686300,32.14111088888898,33.83428538095239,36.63139972000002,36.92434993499992,32.531986236572266,32.240002000000004,0.6247578845564726,0.0,-0.20198423657226527
2019-10-21,32.68,33.07,32.110001000000004,32.240002000000004,32.240002000000004,1386200,32.18666666666676,33.51047590476191,36.514799760000024,36.93114994999991,32.643402099609375,32.610001000000004,1.2512409261307456,0.40340009960937095,0.0
2019-10-22,32.299999,33.02,32.189999,32.610001000000004,32.610001000000004,1114100,32.270000000000095,33.30238071428572,36.406399800000024,36.93459995499991,32.68103790283203,32.400002,0.21783778182658514,0.0,-0.07103690283202724
2019-10-23,32.619999,32.740002000000004,32.049999,32.400002,32.400002,1089000,32.31444466666676,33.09666647619048,36.26659986000002,36.93559995999991,32.68731689453125,32.630001,0.8867743110980344,0.28731489453124937,0.0
2019-10-24,32.43,32.779999,31.93,32.630001,32.630001,1230000,32.365556111111204,32.92380947619048,36.179799860000024,36.934499974999916,32.702919006347656,33.330002,0.22346921272744127,0.07291800634765622,0.0
2019-10-25,33.0,33.689999,32.810001,33.330002,33.330002,900500,32.502223222222305,32.73047628571429,36.10599990000002,36.93234999499991,32.87902069091797,34.0,-1.3530791539767433,-0.4509813090820316,0.0
2019-10-28,33.959999,34.389999,33.700001,34.0,34.0,1030900,32.67666766666675,32.62047623809524,36.020799940000025,36.92954998999991,33.22291564941406,32.799999,-2.2855422076056984,0.0,0.7770843505859375
2019-10-29,33.849998,34.029999,32.509998,32.799999,32.799999,1496800,32.75555644444452,32.50571433333333,35.89199988000003,36.92459997999991,33.38273239135742,33.150002,1.776626247328307,0.5827333913574222,0.0
2019-10-30,33.169998,33.23,32.580002,33.150002,33.150002,905900,32.83222344444452,32.52333352380953,35.774799960000024,36.92199999999991,33.44453430175781,33.150002,0.8884835112764453,0.0,0.0
2019-10-31,33.25,33.889999,32.889999,33.150002,33.150002,917800,32.92333455555564,32.54190514285714,35.656000000000034,36.91945000999991,33.58579635620117,34.209999,1.3146133632244463,0.43579435620117124,0.0
2019-11-01,33.369999,34.23,33.119999,34.209999,34.209999,1155800,33.14222311111119,32.61809552380952,35.566199960000034,36.92320000999992,33.7039909362793,35.27,-1.479123292931714,-0.5060080637207065,0.0
2019-11-04,34.560001,35.43,34.450001,35.27,35.27,1183900,33.43777855555564,32.74142885714286,35.54119996000003,36.92770001499992,33.957916259765625,36.810001,-3.7201126743248594,-1.3120837402343781,0.0
2019-11-05,35.560001,37.150002,35.34,36.810001,36.810001,1723500,33.92777844444452,32.946190904761906,35.53099998000003,36.949200029999915,34.66164016723633,36.34,-5.836350922032498,0.0,2.1483608327636716
2019-11-06,36.77,36.77,36.009998,36.34,36.34,1496600,34.34000055555563,33.160952809523806,35.53220000000003,36.96915003999992,35.357425689697266,36.490002,-2.7038368472832626,-0.9825743103027378,0.0
2019-11-07,36.84,36.959999,36.189999,36.490002,36.490002,866000,34.69111166666675,33.381429047619044,35.53080002000003,36.98415003999991,35.94541549682617,35.759998,-1.492426619143033,0.0,0.5445865031738251
2019-11-08,36.52,36.599998,35.369999,35.759998,35.759998,982600,34.88666700000008,33.560476571428566,35.49799994000003,36.99305002999992,36.31394577026367,35.16,1.5490710325645676,0.0,-0.5539477702636688
2019-11-11,35.189999,35.599998,34.599998,35.16,35.16,1656100,35.148889333333415,33.70285761904762,35.45099998000003,37.001550034999916,36.301513671875,32.48,3.2466259154579165,0.0,-1.1415136718750034
2019-11-12,33.0,33.049999,31.309999,32.48,32.48,5278600,35.07444466666675,33.72095295238095,35.36019998000003,37.00000002999992,35.68612289428711,30.51,9.871068024282984,0.0,-3.2061228942871125
2019-11-13,32.02,32.200001,29.799999,30.51,30.51,4791800,34.781111111111194,33.62952438095238,35.21980000000003,36.986650029999915,34.65470504760742,29.249999999999996,13.58474286334782,0.0,-4.14470504760742
2019-11-14,30.25,30.530001,29.190001,29.25,29.25,3386000,34.230000111111195,33.49428628571428,35.02340000000003,36.943100034999915,33.19692611694336,29.440001,13.493764502370459,3.9469261169433594,0.0
2019-11-15,29.5,30.110001,29.4,29.440001,29.440001,2308200,33.58222244444453,33.35047685714286,34.83300004000003,36.901750044999915,31.795207977294922,28.330000000000002,8.000023428310763,0.0,-2.355206977294923
2019-11-18,29.309999,29.4,27.959999,28.33,28.33,3406800,32.6400001111112,33.16000057142857,34.61860006000003,36.85365003999991,30.495046615600586,28.379999,7.6422400833059925,2.1650466156005876,0.0
2019-11-19,28.48,28.540001,27.889999,28.379999,28.379999,2203300,31.755555555555638,32.97619090476191,34.39600008000003,36.808000044999915,29.678579330444336,27.92,4.5756884291797695,0.0,-1.2985803304443344
2019-11-20,28.139999,28.389999,27.58,27.92,27.92,1570500,30.803333111111197,32.75285752380952,34.129000080000026,36.75535003999991,29.06633186340332,27.469999000000005,4.105773149725353,0.0,-1.1463318634033186
2019-11-21,27.93,27.93,27.32,27.469999,27.469999,1322400,29.882222111111194,32.518095476190474,33.854800060000024,36.71005003999991,28.617752075195312,27.139999,4.178205740725768,0.0,-1.1477530751953111
2019-11-22,27.52,27.690001,26.93,27.139999,27.139999,1840400,28.991110888888972,32.25666680952381,33.577400080000025,36.660700044999906,28.165300369262695,28.209999000000003,3.7778239021405113,1.0253013692626958,0.0
2019-11-25,27.32,28.389999,27.32,28.209999,28.209999,1375500,28.516666333333415,32.01285714285714,33.32360002000002,36.61380003999991,28.039194107055664,28.549999,-0.6054764232509748,-0.17080489294433576,0.0
2019-11-26,28.219999,28.82,28.049999,28.549999,28.549999,1703300,28.29888844444453,31.753333285714284,33.084200000000024,36.568250034999906,28.131921768188477,29.5,-1.4643686390725377,-0.4180772318115231,0.0
2019-11-27,28.74,29.66,28.639999,29.5,29.5,1380900,28.326666222222304,31.596190476190475,32.87180002000002,36.52685003999991,28.395092010498047,29.190001,-3.7454508118710277,0.0,1.1049079895019531
2019-11-29,29.379999,29.559999,29.129999,29.190001,29.190001,566500,28.29888844444453,31.407619000000004,32.66480002000002,36.483350049999906,28.67544937133789,28.41,-1.762766738727101,0.0,0.5145516286621081
2019-12-02,29.25,29.370001,28.389999,28.41,28.41,1271700,28.30777733333342,31.18190461904762,32.45220000000002,36.43060005499991,28.966812133789062,27.52,1.9599159936257036,0.0,-0.5568121337890624
2019-12-03,27.870001,28.1,27.110001,27.52,27.52,1393400,28.212221888888976,30.863333238095237,32.26300000000002,36.372750054999905,28.86908531188965,27.860001,4.902199534482736,1.3490853118896489,0.0
2019-12-04,27.879999,28.200001,27.48,27.860001,27.860001,1374200,28.205555333333418,30.510476142857144,32.08580000000002,36.310250054999905,28.754344940185547,29.02,3.2101360663466827,0.8943439401855464,0.0
2019-12-05,28.459999,29.1,28.35,29.02,29.02,1884900,28.37777766666675,30.13952371428572,31.94100004000002,36.25550004999991,28.760950088500977,29.18,-0.8926599293556962,-0.259049911499023,0.0
2019-12-06,29.299999,29.76,28.799999,29.18,29.18,2088100,28.604444444444525,29.79857133333333,31.776800060000024,36.19375005499991,28.81707000732422,29.5,-1.2437628261678582,-0.36292999267578097,0.0
2019-12-09,29.24,29.73,29.24,29.5,29.5,2180800,28.747777888888972,29.465714095238095,31.640600040000024,36.12695004999991,28.985952377319336,29.360001,-1.7425343141717424,0.0,0.5140476226806641
2019-12-10,29.5,29.870001,29.299999,29.360001,29.360001,2291000,28.837778111111195,29.160952333333334,31.523600080000023,36.062400054999905,29.351743698120117,30.360001,-0.028124324246049145,-0.008257301879883272,0.0
2019-12-11,29.43,30.469999,29.4,30.360001,30.360001,1439300,28.93333377777786,28.932380952380953,31.47520012000002,36.00310005499991,29.689035415649414,31.91,-2.2100314962130154,-0.6709655843505864,0.0
2019-12-12,30.59,32.049999,30.35,31.91,31.91,2224900,29.235555888888978,28.905238095238094,31.458200160000025,35.95025005499991,30.238008499145508,31.849999999999998,-5.23971012489656,0.0,1.6719915008544923
2019-12-13,31.91,31.940001,31.139999,31.85,31.85,1471300,29.6177781111112,28.969047619047622,31.443000140000024,35.89825005499991,30.721994400024414,32.790001000000004,-3.5416188382279037,-1.1280055999755874,0.0
2019-12-16,32.119999,32.830002,32.0,32.790001000000004,32.790001000000004,1322800,30.20333377777787,29.137619095238094,31.445200160000024,35.85145004999991,31.319053649902344,33.130001,-4.4859631144801115,-1.47094735009766,0.0
2019-12-17,32.830002,33.150002,32.450001,33.130001,33.130001,1373200,30.788889333333422,29.31333338095238,31.45760022000002,35.81585005499991,31.996335983276367,33.639999,-3.4218683444157842,-1.1336650167236328,0.0
2019-12-18,33.41,33.779999,33.169998,33.639999,33.639999,1365300,31.302222555555645,29.56619047619047,31.493800200000024,35.789000059999914,32.677024841308594,33.919998,-2.8625867637255555,-0.9629741586914093,0.0
2019-12-19,33.619999,33.970001,33.419998,33.919998,33.919998,1271300,31.828889000000093,29.829999952380945,31.535000140000026,35.76725004999991,33.180572509765625,33.84,-2.179910182289441,0.0,0.7394254902343746
2019-12-20,34.009998,34.34,33.779999,33.84,33.84,2046600,32.311111222222316,30.11190471428571,31.571800140000022,35.744650044999915,33.66958999633789,33.560001,-0.5035756609400496,0.0,0.17041000366211279
2019-12-23,34.060001,34.150002,33.400002,33.560001,33.560001,994900,32.777777888888984,30.401904809523803,31.599600200000022,35.71430004499991,33.8696403503418,33.5,0.9226440438479043,0.0,-0.3096393503417971
2019-12-24,33.630001,33.73,33.369999,33.5,33.5,333200,33.12666666666676,30.70476199999999,31.627600240000024,35.68560003499991,33.90678787231445,34.16,1.2142921561625466,0.4067878723144531,0.0
2019-12-26,33.5,34.189999,33.27,34.16,34.16,691900,33.37666666666676,30.98809538095237,31.662200240000026,35.65780002999991,33.94456100463867,33.509998,-0.6306762159289366,0.0,0.21543899536132471
2019-12-27,34.009998,34.16,33.41,33.509998,33.509998,1017400,33.561110888888976,31.2242858095238,31.690600200000027,35.63140001499991,33.96162414550781,33.790001000000004,1.3477355191361378,0.45162614550780944,0.0
2019-12-30,33.450001,33.990002000000004,33.029999,33.790001000000004,33.790001000000004,618100,33.67222200000009,31.42857157142856,31.71720024000003,35.60220001499991,33.90309143066406,33.669998,0.33468608261970384,0.0,-0.11309043066405877
2019-12-31,33.630001,34.07,33.52,33.669998,33.669998,844600,33.73222166666676,31.641904761904748,31.74400016000003,35.577550014999915,33.91697311401367,35.32,0.733516865708374,0.24697511401367223,0.0
2020-01-02,34.259998,35.32,34.009998,35.32,35.32,1750900,33.91888844444454,31.97095238095237,31.80560012000003,35.56035002499991,34.23118591308594,34.299999,-3.082712590356916,0.0,1.0888140869140628
2020-01-03,34.700001,34.880001,34.060001,34.299999,34.299999,1477800,33.96111077777787,32.29380947619046,31.839400080000033,35.542850024999915,34.385414123535156,34.860001000000004,0.24902369103613262,0.08541512353515657,0.0
2020-01-06,33.75,34.880001,33.529999,34.860001000000004,34.860001000000004,1549900,34.07444422222232,32.6271428095238,31.88860006000003,35.52295002999991,34.48905563354492,36.009998,-1.064100274853928,-0.37094536645508214,0.0
2020-01-07,35.299999,36.299999,35.169998,36.009998,36.009998,1911500,34.346666111111205,32.95999985714285,31.95620000000003,35.520650014999916,34.95012283325195,37.040001,-2.943280271073744,-1.05987516674805,0.0
2020-01-08,36.060001,37.360001,36.060001,37.040001,37.040001,1726500,34.739999555555656,33.334285619047606,32.030399980000034,35.52170000999992,35.54348373413086,37.02,-4.0402732868963405,0.0,1.4965172658691372
2020-01-09,37.220001,37.389999,36.419998,37.02,37.02,1424400,35.05777733333343,33.692380857142844,32.090799980000035,35.52110001499992,36.009368896484375,36.0,-2.7299597609822475,0.0,1.0106311035156281
2020-01-10,35.939999,36.77,35.779999,36.0,36.0,1628400,35.334444222222324,34.008571285714275,32.15480000000003,35.51635000999992,36.28839111328125,36.810001,0.80108642578125,0.28839111328125,0.0
2020-01-13,36.130001,36.91,35.66,36.810001,36.810001,1045400,35.669999777777875,34.31571414285713,32.22799998000003,35.51550001499992,36.61436080932617,37.040001,-0.5314865127926182,-0.19564019067382787,0.0
2020-01-14,36.939999,37.310001,36.599998,37.040001,37.040001,751600,36.04444455555566,34.559999904761895,32.30579996000003,35.51450000999992,36.83896255493164,36.509998,-0.5427603662007353,0.0,0.201038445068356
2020-01-15,36.950001,36.959999,36.16,36.509998,36.509998,1323600,36.176666555555656,34.78190457142856,32.351799940000035,35.50249999999993,36.860965728759766,37.290001,0.9612921062328257,0.35096772875976257,0.0
2020-01-16,36.939999,37.330002,36.700001,37.290001,37.290001,824000,36.508889000000096,34.99619028571427,32.392199960000035,35.49479999499993,36.882381439208984,37.52,-1.093106864735703,-0.40761956079101225,0.0
2020-01-17,37.330002,37.639999,37.099998,37.52,37.52,1061600,36.80444444444454,35.20523785714285,32.406399940000036,35.485749984999934,37.161651611328125,37.43,-0.9550863237523404,0.0,0.3583483886718781
2020-01-21,37.43,37.709999,37.23,37.43,37.43,1338300,36.96222244444454,35.38571409523808,32.428199940000034,35.47709998499994,37.390907287597656,37.880001,-0.10444219183100044,-0.039092712402343466,0.0
2020-01-22,37.540001,38.27,37.540001,37.880001,37.880001,1418300,37.05555577777787,35.574285666666654,32.45599992000004,35.46829999499994,37.5755729675293,37.91,-0.8036642672493677,-0.30442803247070316,0.0
2020-01-23,37.619999,38.25,37.169998,37.91,37.91,989200,37.15444466666676,35.768095190476174,32.498999960000035,35.45809998999994,37.775630950927734,37.290001,-0.3544422291539494,0.0,0.13436904907226221
2020-01-24,38.389999,38.389999,36.84,37.290001,37.290001,1395800,37.297778111111214,35.94571423809522,32.541599980000036,35.44644999999994,37.89156723022461,35.970001,1.6132105499933154,0.0,-0.6015662302246128
2020-01-27,35.49000200000001,36.259998,35.259998,35.970001,35.970001,1550600,37.20444477777788,36.06333333333331,32.61140000000003,35.425400004999936,37.49803924560547,36.080002,4.248090639768026,1.5280382456054653,0.0
2020-01-28,36.490002,36.509998,35.75,36.080002,36.080002,1856500,37.097778222222324,36.154761999999984,32.72280004000003,35.40655002499994,37.25961685180664,35.259998,3.2694423126878993,0.0,-1.1796148518066403
2020-01-29,36.48,36.639999,35.259998,35.259998,35.259998,1551700,36.95888933333343,36.23809533333332,32.84300000000003,35.37760001999994,36.882328033447266,34.299999,4.601049703540149,0.0,-1.6223300334472626
2020-01-30,35.0,35.139999,33.43,34.299999,34.299999,1501600,36.62666688888899,36.26238095238094,32.94019996000004,35.34475001999994,36.17882537841797,33.650002,5.477628085114431,0.0,-1.878826378417969
2020-01-31,34.139999,34.490002000000004,33.330002,33.650002,33.650002,1917300,36.19666711111121,36.261428761904746,33.04660000000004,35.305300024999944,35.43545150756836,33.759998,5.305941757650888,1.7854495075683587,0.0
2020-02-03,33.790001000000004,34.119999,33.369999,33.759998,33.759998,1368400,35.78888911111121,36.18714295238093,33.15419998000004,35.268400019999945,34.99848556518555,35.82,3.6685060383757837,1.2384875651855438,0.0
2020-02-04,34.630001,35.98,34.599998,35.82,35.82,1665400,35.56000011111121,36.25952395238094,33.31219998000004,35.242100009999945,34.911376953125,36.43,-2.536636088428253,-0.9086230468750003,0.0
2020-02-05,36.669998,36.700001,35.59,36.43,36.43,1411300,35.39555566666676,36.33428580952379,33.49140000000004,35.220500009999945,35.09099578857422,35.599998,-3.6755536959258333,0.0,1.339004211425781
2020-02-06,36.709999,36.860001,35.59,35.599998,35.599998,1287700,35.20777755555565,36.31476199999999,33.660599980000036,35.19155000499995,35.432640075683594,35.0,-0.47010655538914814,0.0,0.16735792431640562
2020-02-07,35.139999,35.25,34.509998,35.0,35.0,1511200,35.09999966666676,36.21761909523808,33.79640000000004,35.16145000499994,35.59846878051758,35.369999,1.7099108014787947,0.5984687805175781,0.0
2020-02-10,34.860001000000004,35.369999,34.630001,35.369999,35.369999,1680300,35.02111044444454,36.13904761904761,33.932800000000036,35.14204999999994,35.803489685058594,37.290001,1.2255886268433138,0.4334906850585938,0.0
2020-02-11,37.040001,38.950001,36.509998,37.290001,37.290001,4433700,35.24666633333343,36.20047623809522,34.08860002000004,35.13284999999994,36.47922897338867,37.610001,-2.1742343922472,-0.8107720266113247,0.0
2020-02-12,37.779999,38.810001,37.5,37.610001,37.610001,2546100,35.61444433333343,36.23857147619046,34.25700002000004,35.12630001499994,36.845420837402344,37.580002,-2.032917155725822,0.0,0.7645801625976532
2020-02-13,37.009998,37.93,36.849998,37.580002,37.580002,1454000,36.05111100000009,36.2642858095238,34.44040006000004,35.11500002499994,36.982383728027344,37.25,-1.5902560941126525,0.0,0.5976182719726566
2020-02-14,37.580002,37.790001,37.169998,37.25,37.25,1389900,36.438889000000096,36.299523999999984,34.63500006000004,35.11490002499993,37.34605407714844,35.77,0.2578632943582215,0.0,-0.0960540771484375
2020-02-18,36.470001,36.830002,35.669998,35.77,35.77,1093100,36.433333444444536,36.22714299999999,34.79320004000004,35.10330002499993,37.37104797363281,36.529999,4.475951841299438,1.6010479736328094,0.0
2020-02-19,36.099998,36.689999,35.950001,36.529999,36.529999,1024200,36.444444444444535,36.180000095238086,34.94340002000004,35.08395000999994,37.17709732055664,37.110001,1.7714162011245718,0.6470983205566441,0.0
2020-02-20,36.259998,37.5,36.029999,37.110001,37.110001,1596500,36.61222255555564,36.164762047619035,35.102000040000036,35.071500024999935,37.03369903564453,34.720001,-0.20561024602361416,0.0,0.07630196435546566
2020-02-21,36.68,36.77,34.34,34.720001,34.720001,1495800,36.581111555555644,36.01428585714285,35.206400060000036,35.05185001999993,36.681148529052734,32.59,5.6484662228342986,0.0,-1.961147529052731
2020-02-24,33.0,33.240002000000004,32.200001,32.59,32.59,1758000,36.27222277777787,35.76095252380952,35.27100004000003,35.02655000999993,35.687347412109375,30.750000000000004,9.503981012916144,0.0,-3.0973474121093716
2020-02-25,32.950001,32.990002000000004,30.709999,30.75,30.75,1465300,35.54555600000009,35.449523904761904,35.278800020000034,34.99355001999994,34.72819900512695,29.82,12.937232536998222,0.0,-3.978199005126953
2020-02-26,31.360001,31.610001,29.74,29.82,29.82,1739000,34.680000333333425,35.15666671428571,35.23700002000003,34.95635002999993,33.54544448852539,28.030001,12.493106936704864,0.0,-3.7254444885253903
2020-02-27,29.01,29.4,27.33,28.030001,28.030001,2578100,33.6188891111112,34.773333333333326,35.160600040000034,34.92500003999993,31.925199508666992,29.690001000000002,13.896533605785436,3.8951985086669936,0.0
2020-02-28,27.18,29.76,27.0,29.690001,29.690001,2997800,32.77888922222231,34.508095380952376,35.098600040000036,34.89340005499993,30.609102249145508,30.73,3.0956592057558674,0.9191012491455091,0.0
2020-03-02,29.75,30.82,29.219999,30.73,30.73,2202600,32.218889222222316,34.33809542857143,35.05060002000003,34.86540004499993,30.182279586791992,30.26,-1.782363856843502,0.0,0.5477204132080082
2020-03-03,30.84,31.809999,29.75,30.26,30.26,2068600,31.52222266666676,34.17666676190476,34.983000040000036,34.84420004499993,30.016403198242188,32.310001,-0.8050125636411567,-0.24359680175781406,0.0
2020-03-04,30.889999,32.41,30.280001,32.310001,32.310001,1747100,30.988889333333425,34.10761928571429,34.95080010000003,34.842400059999925,30.216175079345703,31.420000000000005,-6.480426666202507,0.0,2.0938259206542966
2020-03-05,30.969999,32.150002,30.870001,31.42,31.42,1570200,30.622222555555645,33.89809547619048,34.90240010000004,34.83500004999993,30.757408142089844,29.68,-2.1088219538833797,0.0,0.662591857910158
2020-03-06,30.08,30.6,28.73,29.68,29.68,1755800,30.298889222222314,33.57666690476191,34.82480008000004,34.81210005999993,30.935155868530273,25.280001,4.228961821193645,0.0,-1.2551558685302737
2020-03-09,27.35,27.790001,24.91,25.280001,25.280001,2533500,29.691111555555647,33.085238476190476,34.66040010000004,34.77435005499993,30.059785842895508,26.110001,18.90737600404173,4.779784842895509,0.0
2020-03-10,26.82,27.129999,23.709999,26.110001,26.110001,2477600,29.278889444444538,32.66190519047619,34.49940012000004,34.74590006499993,29.073068618774414,22.5,11.348401016049037,0.0,-2.9630676187744136
2020-03-11,24.93,25.0,21.559999,22.5,22.5,3952100,28.66444488888898,32.04904809523809,34.27920016000004,34.695050074999926,27.51161003112793,21.15,22.273822360568577,0.0,-5.01161003112793
2020-03-12,20.709999,22.5,19.0,21.15,21.15,3600300,27.715555888888975,31.28047661904762,34.026400140000035,34.639600064999925,25.38884735107422,24.84,20.041831447159435,4.23884735107422,0.0
2020-03-13,23.040001,24.879999,20.389999,24.84,24.84,2650500,27.06111144444453,30.672381333333334,33.84980018000003,34.60360005999992,24.1666202545166,22.559999,-2.710868540593391,0.0,0.6733797454833983
2020-03-16,21.549999,23.32,20.99,22.559999,22.559999,2163100,26.20555577777786,29.95714309523809,33.594600160000034,34.55530004999992,23.31470489501953,26.959999,3.345327697131236,0.75470589501953,0.0
2020-03-17,23.16,26.969999,22.030001,26.959999,26.959999,2771300,25.611111111111192,29.467143047619043,33.447800160000035,34.53295004499992,23.23831558227539,24.299999,-13.804464227630756,0.0,3.721683417724609
2020-03-18,24.549999,26.07,22.27,24.299999,24.299999,2577300,24.819999888888972,28.920952523809518,33.236600120000034,34.49575003999992,23.483829498291016,25.26,-3.358722367474106,-0.8161695017089841,0.0
2020-03-19,24.110001,26.09,22.559999,25.26,25.26,2359000,24.32888877777786,28.384285904761903,33.021600160000034,34.45875003999992,24.188724517822266,25.620001,-4.240995574733713,-1.071275482177736,0.0
2020-03-20,26.35,27.1,24.559999,25.620001,25.620001,3325300,24.366666555555636,27.837143047619044,32.79320016000003,34.423350039999924,24.80202293395996,26.290001,-3.1927323735859243,-0.8179780660400375,0.0
2020-03-23,26.290001,28.209999,24.209999,26.290001,26.290001,2344700,24.386666555555635,27.43571447619047,32.57860018000004,34.39215004999992,25.55200958251953,27.450000999999997,-2.807118255645821,-0.7379914174804689,0.0
2020-03-24,28.17,29.110001,26.540001,27.450001,27.450001,1937700,24.936666666666742,27.190952619047614,32.40760020000003,34.363250054999924,26.16106605529785,28.27,-4.695573397983296,-1.2889349447021488,0.0
2020-03-25,27.559999,29.01,25.85,28.27,28.27,1631700,25.727777777777856,27.072857380952374,32.23680018000003,34.33605005999993,26.78248405456543,29.339999999999996,-5.261817988802865,-1.4875159454345699,0.0
2020-03-26,28.690001,29.84,27.99,29.34,29.34,2028500,26.227777777777852,27.05000023809523,32.082800160000026,34.31275005999993,27.660724639892578,28.120001,-5.7235015681916215,0.0,1.6792753601074217
2020-03-27,27.85,29.16,27.129999,28.120001,28.120001,1666900,26.845555777777847,27.054285952380944,31.915000220000028,34.28155005999993,28.07398223876953,28.98,-0.16365134990737454,-0.04601876123046722,0.0
2020-03-30,28.200001,29.879999,27.4,28.98,28.98,1449400,27.070000333333404,27.020476380952374,31.748800200000026,34.25255006499993,28.510356903076172,28.5,-1.6205765939400572,0.0,0.46964309692382855
2020-03-31,28.92,29.540001,28.0,28.5,28.5,1149800,27.536667111111186,26.914285904761897,31.568400200000028,34.22680005499993,28.67407989501953,26.15,0.6108066491913376,0.0,-0.17407989501953125
2020-04-01,27.389999,27.700001,25.940001,26.15,26.15,1424500,27.635556000000072,26.71857161904761,31.342800200000028,34.187700049999926,28.405195236206055,25.27,8.624073561017424,0.0,-2.255195236206056
2020-04-02,26.030001,27.23,24.82,25.27,25.27,1496400,27.596667000000068,26.38333347619047,31.090600180000028,34.13760004499993,27.749582290649414,24.25,9.81235572081288,0.0,-2.4795822906494145
2020-04-03,25.370001,26.059999,23.9,24.25,24.25,1374500,27.37000022222229,26.0419049047619,30.81740018000003,34.08340004499993,27.0640869140625,26.659999999999997,11.604482119845361,2.8140869140625,0.0
2020-04-06,24.780001,26.9,24.440001,26.66,26.66,2065800,27.282222333333404,25.898095380952377,30.60480016000003,34.03990003999993,26.572500228881836,27.75,-0.32820619324142614,-0.0874997711181642,0.0
2020-04-07,27.02,28.209999,26.860001,27.75,27.75,1581900,27.224444555555625,26.015714380952378,30.44040014000003,34.00330003999993,26.443279266357422,28.620001,-4.7089035446579395,-1.3067207336425781,0.0
2020-04-08,28.190001,29.690001,27.799999,28.620001,28.620001,1350300,27.144444666666733,26.135238190476187,30.29120012000003,33.970550054999926,26.881290435791016,28.540001,-6.07515899181479,0.0,1.7387105642089828
2020-04-09,29.25,29.700001,27.66,28.540001,28.540001,1759800,27.1911113333334,26.42285728571428,30.156800180000033,33.93995005999993,27.505388259887695,27.93,-3.6251321088331596,0.0,1.0346127401123049
2020-04-13,28.5,28.5,27.51,27.93,27.93,1119000,27.074444666666736,26.74571442857142,30.029400200000033,33.90460005999993,28.03515625,28.209999000000003,0.376499283924097,0.10515625000000028,0.0
2020-04-14,28.690001,29.700001,28.129999,28.209999,28.209999,1151900,27.042222333333402,26.906190571428564,29.92060014000003,33.86770005499993,28.57185935974121,27.020000000000003,1.2827379389173716,0.0,-0.3618603597412111
2020-04-15,27.299999,27.469999,26.549999,27.02,27.02,1570100,27.138889000000066,27.118571571428568,29.785800180000027,33.82000004999993,28.441608428955078,27.34,5.261319130107619,1.4216084289550786,0.0
2020-04-16,27.360001,27.790001,26.73,27.34,27.34,1447700,27.368889000000067,27.136666857142853,29.61620018000003,33.76965004999993,28.174362182617188,27.75,3.0518002290314103,0.8343621826171876,0.0
2020-04-17,28.07,28.780001,27.32,27.75,27.75,1239100,27.757777888888956,27.300952619047614,29.442600180000028,33.72520005499993,28.06081199645996,28.110000999999997,1.1200432304863457,0.31081199645996094,0.0
2020-04-20,27.59,28.639999,27.02,28.110001,28.110001,838000,27.91888911111118,27.43666695238095,29.29280024000003,33.67955004999993,27.98956298828125,28.48,-0.42845253445117437,-0.12043801171875046,0.0
2020-04-21,27.549999,29.02,27.440001,28.48,28.48,1654400,28.00000022222229,27.572857380952378,29.16240024000003,33.63630004499993,27.945371627807617,28.690001,-1.8772063630350535,-0.5346283721923832,0.0
2020-04-22,29.24,29.24,28.48,28.690001,28.690001,1139900,28.00777800000007,27.6871430952381,29.028800280000027,33.59965004999993,28.32400131225586,29.690001000000002,-1.2757046879996254,-0.3659996877441394,0.0
2020-04-23,28.84,29.84,28.65,29.690001,29.690001,1246300,28.135555777777846,27.793809761904765,28.876800280000026,33.565450059999925,28.731952667236328,30.969999,-3.226838331072036,-0.9580483327636706,0.0
2020-04-24,29.84,31.0,29.25,30.969999,30.969999,1362800,28.473333444444513,27.922381142857148,28.744000240000023,33.538150054999925,29.236961364746094,32.360001000000004,-5.595859513117542,-1.7330376352539076,0.0
2020-04-27,31.1,32.669998,30.950001,32.360001000000004,32.360001000000004,1230300,28.93444477777785,28.066190714285717,28.639600220000023,33.51950005999992,30.046611785888672,32.869999,-7.148915768300909,-2.313389214111332,0.0
2020-04-28,32.880001,33.209999,32.450001,32.869999,32.869999,1213100,29.58444466666674,28.2923810952381,28.552000200000023,33.50020005499992,31.025341033935547,35.36000100000001,-5.611980596848978,-1.844657966064453,0.0
2020-04-29,33.299999,35.709999,33.290001000000004,35.36000100000001,35.36000100000001,1659800,30.475555888888966,28.596190666666672,28.543800220000026,33.49355006499992,32.191917419433594,34.419998,-8.959512135099816,0.0,3.1680835805664174
2020-04-30,34.650002,34.900002,34.009998,34.419998,34.419998,1254500,31.21666677777786,28.878095333333334,28.501600200000027,33.479600059999925,33.194664001464844,32.52,-3.5599479074204363,0.0,1.225333998535156
2020-05-01,33.310001,33.75,31.57,32.52,32.52,1652000,31.706666666666745,29.18142866666667,28.409800180000026,33.45580006499993,33.59259033203125,31.57,3.2982482534786186,0.0,-1.0725903320312469
2020-05-04,32.099998,32.450001,30.610001,31.57,31.57,1430800,32.050000000000075,29.481428666666673,28.346800160000026,33.42740006499992,33.4454231262207,32.75,5.940523047895796,1.8754231262207028,0.0
2020-05-05,31.809999,33.93,31.719999,32.75,32.75,1107800,32.50111100000007,29.88619057142858,28.350000160000025,33.40435005999993,33.340904235839844,33.619999,1.8042877430224238,0.5909042358398438,0.0
2020-05-06,33.060001,33.849998,32.290001000000004,33.619999,33.619999,903000,32.93777744444452,30.217619095238103,28.40740014000003,33.38205004499992,33.13766860961914,34.799999,-1.4346531966906344,-0.48233039038085934,0.0
2020-05-07,33.970001,34.84,33.580002,34.799999,34.799999,993500,33.363333000000075,30.553333333333338,28.50700012000003,33.359650044999924,33.191078186035156,35.830002,-4.623335805167246,-1.6089208139648434,0.0
2020-05-08,35.43,35.849998,34.880001,35.830002,35.830002,1078500,33.74888866666674,30.896666714285722,28.663000140000026,33.33620005499992,33.818302154541016,36.240002,-5.614568052379636,-2.0116998454589847,0.0
2020-05-11,35.23,36.779999,34.599998,36.240002,36.240002,2387300,34.12333344444451,31.26333342857144,28.794000160000028,33.31535006499992,34.708858489990234,43.849998,-4.225009452289111,-1.5311435100097626,0.0
2020-05-12,46.599998,48.68,43.66,43.849998,43.849998,9444000,35.06666644444451,32.02142857142859,29.056400120000024,33.33255005499991,38.06972122192383,44.77,-13.181931680079373,-5.780276778076171,0.0
2020-05-13,42.48,45.689999,42.400002,44.77,44.77,3820400,36.216666666666725,32.810000047619056,29.346600120000026,33.352750054999916,40.10798263549805,43.279999,-10.41326192651766,0.0,4.662017364501956
2020-05-14,43.889999,44.220001,41.529999,43.279999,43.279999,2842100,37.41222211111117,33.58428571428573,29.566000080000027,33.36945005499992,41.581573486328125,40.009998,-3.924273458675153,0.0,1.6984255136718716
2020-05-15,41.02,41.73,37.73,40.009998,40.009998,4241500,38.349999666666726,34.18761895238096,29.737800040000025,33.37100003999992,42.12812423706055,42.360001,5.2939923592611615,2.118126237060544,0.0
2020-05-18,40.93,42.880001,40.93,42.360001,42.360001,2013300,39.41777755555562,34.88333328571429,29.991400060000025,33.385350034999924,42.89775848388672,45.459999,1.2694935580542641,0.5377574838867218,0.0
2020-05-19,42.77,46.439999,42.709999,45.459999,45.459999,3234400,40.73333311111117,35.709523666666676,30.39500002000002,33.425950029999925,43.01238250732422,47.75,-5.384110309100061,-2.4476164926757846,0.0
2020-05-20,46.029999,47.860001,45.82,47.75,47.75,2429600,42.17222211111117,36.627142714285725,30.82780000000002,33.48290002499992,43.77274703979492,45.279999,-8.329325571110111,0.0,3.977252960205078
2020-05-21,47.580002,48.290001,44.52,45.279999,45.279999,2054300,43.22222177777783,37.417142619047624,31.283399980000024,33.52390000999993,44.403045654296875,44.779999,-1.936734463494846,0.0,0.8769533457031216
2020-05-22,45.0,45.549999,44.509998,44.779999,44.779999,1309500,44.17111033333339,38.135713952380954,31.755999960000022,33.565150009999925,45.21234893798828,46.009998,0.9654978732542729,0.4323499379882847,0.0
2020-05-26,46.150002,46.869999,45.400002,46.009998,46.009998,1159100,44.41111033333339,38.851904380952384,32.17939992000002,33.60114999499993,45.92097854614258,45.849998,-0.1934784997326558,0.0,0.08901945385742493
2020-05-27,46.169998,46.630001,44.040001,45.849998,45.849998,1466100,44.531110111111175,39.49428519047619,32.64519990000002,33.640049984999926,46.15118408203125,46.48,0.6568944278498129,0.30118608203125063,0.0
2020-05-28,45.950001,47.470001,45.470001,46.48,46.48,1810900,44.88666577777784,40.142380476190475,33.035599920000024,33.682299989999926,46.13411331176758,47.529999,-0.7441624101385945,-0.34588668823241875,0.0
2020-05-29,46.34,47.82,45.610001,47.529999,47.529999,1458800,45.72222144444451,40.72190419047619,33.50019992000002,33.72299998999993,46.287384033203125,47.279999,-2.614380376479435,0.0,1.2426149667968716
2020-06-01,47.389999,48.66,46.580002,47.279999,47.279999,1252200,46.26888788888895,41.334285190476194,33.940599900000024,33.77454997999993,46.77592468261719,47.220001,-1.0661470559312176,0.0,0.5040743173828091
2020-06-02,47.419998,47.880001,46.599998,47.220001,47.220001,999600,46.46444366666673,42.034285238095244,34.372599900000026,33.825549984999924,46.97345733642578,49.25,-0.5221170231957898,-0.2465436635742222,0.0
2020-06-03,48.18,49.540001,47.84,49.25,49.25,1262200,46.631110333333396,42.87619,34.83179988000002,33.88049999499992,47.59937286376953,48.200001,-3.351527180163388,0.0,1.6506271362304688
2020-06-04,48.470001,49.240002,47.59,48.200001,48.200001,779600,46.95555500000007,43.611904333333335,35.24679988000002,33.92529998999993,47.97423553466797,50.5,-0.4683930718840266,-0.22576546533203157,0.0
2020-06-05,48.799999,51.029999,48.799999,50.5,50.5,1604600,47.59111066666674,44.41571390476191,35.69139988000002,33.982749999999925,48.63066101074219,48.639999,-3.7016613648669554,0.0,1.8693389892578125
2020-06-08,50.650002,51.07,48.290001,48.639999,48.639999,1294500,47.88333300000007,45.07476152380953,36.07739986000002,34.03049999499992,49.060401916503906,49.52,0.8643152243977289,0.42040291650390316,0.0
2020-06-09,48.220001,50.18,47.709999,49.52,49.52,1314300,48.291111000000065,45.726666190476195,36.505399840000024,34.08459998999992,49.32193374633789,49.650002,-0.39997224083625305,-0.1980662536621125,0.0
2020-06-10,49.77,50.369999,49.0,49.650002,49.650002,1136500,48.6433334444445,46.36523761904762,36.91879988000002,34.15024999999992,49.511417388916016,45.740002,-0.27912307251062146,0.0,0.138584611083985
2020-06-11,48.0,48.299999,45.599998,45.740002,45.740002,1329100,48.44444488888895,46.45523780952381,37.263599920000026,34.19235000999992,49.086509704589844,46.32,7.31636982567217,3.346507704589847,0.0
2020-06-12,47.509998,47.98,44.82,46.32,46.32,1529100,48.3377783333334,46.52904733333334,37.66699992000002,34.24255001499992,48.4407844543457,48.02,4.578550203682433,2.120784454345703,0.0
2020-06-15,45.459999,48.16,45.25,48.02,48.02,1174700,48.42666711111117,46.754761666666674,38.12199992000002,34.29985000999992,47.87929916381836,49.07,-0.2930046567714364,-0.14070083618164375,0.0
2020-06-16,49.529999,49.689999,47.68,49.07,49.07,846600,48.40666711111117,47.18619033333334,38.61839992000002,34.35819999999992,47.967288970947266,48.240002,-2.2472203567408493,0.0,1.1027110290527347
2020-06-17,48.759998,49.860001,47.700001,48.240002,48.240002,1082100,48.41111166666673,47.46619038095239,39.049999960000015,34.41185001999992,47.83943176269531,50.18000000000001,-0.8303694458899162,-0.40057023730468444,0.0
2020-06-18,48.02,50.360001,47.610001,50.18,50.18,1537900,48.37555611111117,47.69095233333334,39.49859996000002,34.47765001999991,48.31291198730469,49.150002,-3.720781213023739,0.0,1.8670880126953122
2020-06-19,51.0,51.900002,49.099998,49.150002,49.150002,2347100,48.43222311111117,47.757619095238105,39.90919998000002,34.535750034999914,49.12234878540039,50.84,-0.05626289618382927,-0.02765321459961001,0.0
2020-06-22,49.16,51.349998,48.619999,50.84,50.84,1125500,48.578889777777846,48.02238104761906,40.35519996000002,34.594600034999914,49.68431854248047,50.160000000000004,-2.273173598582877,0.0,1.1556814575195347
2020-06-23,50.73,51.689999,50.119999,50.16,50.16,1237100,48.635556222222284,48.27857157142858,40.799799960000016,34.650600039999915,50.004722595214844,48.48,-0.3095642041171309,0.0,0.15527740478515284
2020-06-24,49.119999,49.91,48.330002,48.48,48.48,1225100,48.94000044444451,48.396190714285716,41.20519998,34.697750044999914,49.96360778808594,50.040001,3.0602470876360166,1.4836077880859406,0.0
2020-06-25,48.25,50.150002,47.630001,50.040001,50.040001,919900,49.353333888888955,48.59571466666667,41.665600000000005,34.75040005999992,49.877227783203125,48.32,-0.3252861981295157,0.0,0.16277321679687162
2020-06-26,49.400002,50.48,48.119999,48.32,48.32,2084600,49.38666722222229,48.68333371428572,42.08520000000001,34.78565005999991,49.74245071411133,48.389999,2.943813563972119,1.4224507141113278,0.0
2020-06-29,48.080002,48.950001,47.810001,48.389999,48.389999,864600,49.31111155555563,48.7242860952381,42.49799998,34.82170005499991,49.34617233276367,47.220001,1.9759730368328148,0.0,-0.9561733327636688
2020-06-30,45.25,48.5,45.060001,47.220001,47.220001,4736200,49.197778111111184,48.721429047619054,42.88019998000001,34.85275006999991,48.703399658203125,43.509998,3.1414625726143495,0.0,-1.4833986582031216
2020-07-01,47.91,47.919998,43.02,43.509998,43.509998,6542200,48.45666677777785,48.54476223809525,43.18079994000001,34.865800049999905,48.179229736328125,44.099998,10.731399565516233,4.669231736328122,0.0
2020-07-02,44.540001,45.200001,43.93,44.099998,44.099998,10770700,47.89555522222229,48.29952404761906,43.48899988000001,34.8837000399999,47.54486083984375,46.150002,7.8114807167196485,3.4448628398437506,0.0
2020-07-06,44.950001,46.880001,44.389999,46.150002,46.150002,6277600,47.3744443333334,48.201905047619064,43.81819990000001,34.913850054999905,46.81237030029297,44.439999,1.4352508593455058,0.0,-0.6623683002929681
2020-07-07,45.650002,46.400002,44.290001,44.439999,44.439999,3809100,46.738888666666725,47.91333357142859,44.087599900000015,34.93835004499991,45.886348724365234,43.16,3.2546124142919854,0.0,-1.4463497243652341
2020-07-08,44.689999,45.189999,42.509998,43.16,43.16,3173200,46.147777555555614,47.65238123809526,44.30359988000001,34.958950039999905,45.09254837036133,44.330002,4.477637558761194,1.9325483703613315,0.0
2020-07-09,43.41,44.529999,42.68,44.330002,44.330002,3137600,45.51333322222227,47.4052384761905,44.53279994000001,34.995700049999904,44.61232376098633,44.529999,0.6368638579947002,0.2823217609863278,0.0
2020-07-10,44.150002,45.09,43.400002,44.529999,44.529999,1624100,45.09222200000005,47.161428809523834,44.716199900000014,35.034750039999906,44.64573287963867,43.380001,0.25990092575271634,0.0,-0.11573387963867532
2020-07-13,45.139999,45.599998,43.16,43.380001,43.380001,1879600,44.535555555555604,47.04904780952384,44.89539996000001,35.070350054999906,44.46402359008789,44.02,2.4988994123994845,1.0840225900878906,0.0
2020-07-14,43.43,44.049999,42.189999,44.02,44.02,1452500,44.179999888888936,46.93952400000003,45.12539996000001,35.10350005999991,44.10456466674805,45.619999,0.19210510392558777,0.08456466674804375,0.0
2020-07-15,45.43,46.599998,44.18,45.619999,45.619999,1844000,44.41444444444449,46.82523823809526,45.40639994000001,35.15005004999991,44.50053024291992,44.150002,-2.4538991267406165,0.0,1.119468757080078
2020-07-16,45.540001,45.66,43.529999,44.150002,44.150002,1260800,44.42000044444449,46.59095261904764,45.634399980000005,35.19475006499991,44.69193649291992,44.84,1.2274846395701664,0.5419344929199212,0.0
2020-07-17,44.330002,45.700001,44.330002,44.84,44.84,1050700,44.27444466666672,46.42904776190479,45.85880000000001,35.25505006999991,44.76158142089844,46.790001,-0.17488532359849668,-0.07841857910156591,0.0
2020-07-20,44.689999,46.880001,44.540001,46.790001,46.790001,1754700,44.53555600000006,46.267619238095264,46.09860004000001,35.32520008499991,45.11983871459961,45.360001,-3.569485466350786,0.0,1.6701622854003872
2020-07-21,47.029999,47.290001,45.029999,45.360001,45.360001,1228900,44.78000055555562,46.087143000000026,46.28920002000001,35.38895008499991,45.63542556762695,45.25,0.6071970051917684,0.0,-0.2754245676269562
2020-07-22,45.610001,46.59,45.169998,45.25,45.25,1394900,44.882222555555614,45.82095252380955,46.469399980000006,35.45180008499991,45.69272232055664,46.169998,0.97839186863346,0.4427223205566406,0.0
2020-07-23,45.509998,46.98,45.419998,46.169998,46.169998,1568800,45.06444466666673,45.630952428571455,46.515799980000004,35.52010008499991,45.95772933959961,44.709999,-0.459754536702363,0.0,0.21226866040039027
2020-07-24,45.57,45.720001,44.369999,44.709999,44.709999,1073500,45.21222222222229,45.4514285714286,46.514599960000005,35.584500079999906,45.919307708740234,47.240002,2.704783573670469,1.209308708740231,0.0
2020-07-27,45.25,47.400002,45.02,47.240002,47.240002,1621400,45.57000022222229,45.318095285714314,46.59380002000001,35.661400084999904,46.07027053833008,46.66,-2.4761460883721362,0.0,1.1697314616699188
2020-07-28,47.040001,48.419998,46.240002,46.66,46.66,2479800,45.685555888888956,45.23904766666669,46.72680006,35.7347000849999,46.370784759521484,49.240002,-0.6198354918099276,-0.2892152404785122,0.0
2020-07-29,46.66,49.709999,46.57,49.240002,49.240002,2733300,46.25111144444452,45.27952400000002,46.86440008,35.8200501049999,46.94492721557617,49.150002,-4.6609965296586005,0.0,2.295074784423825
2020-07-30,48.099998,49.490002,47.259998,49.150002,49.150002,2161100,46.73000055555562,45.371428809523835,46.93820014,35.905300124999904,47.45816421508789,50.720001,-3.4421927081754946,-1.69183778491211,0.0
2020-07-31,49.810001,50.91,48.18,50.720001,50.720001,1851600,47.16666722222229,45.714762285714315,46.997600160000005,35.9967501299999,48.371009826660156,51.759998,-4.631291654232907,-2.348991173339847,0.0
2020-08-03,51.0,52.080002,50.93,51.759998,51.759998,2040100,47.87777800000006,46.079524190476214,47.12720014000001,36.0951001199999,49.400146484375,51.869999,-4.559218714855829,-2.359851515625003,0.0
2020-08-04,51.27,52.150002,50.110001,51.869999,51.869999,1850700,48.613333444444514,46.35190500000002,47.26900014000001,36.1921501199999,50.214664459228516,52.43,-3.1913140017054644,-1.6553345407714843,0.0
2020-08-05,52.200001,52.860001,51.549999,52.43,52.43,2242500,49.30888922222229,46.732381238095265,47.397400180000005,36.292650109999904,51.06386947631836,52.259998,-2.605627548505894,0.0,1.3661305236816403
2020-08-06,52.84,52.970001,51.98,52.259998,52.259998,1276000,50.147778000000066,47.1657144761905,47.52560018,36.39275008999991,51.77559280395508,51.810001,-0.9269139199831675,0.0,0.48440519604492493
2020-08-07,52.0,52.939999,50.599998,51.810001,51.810001,856500,50.655555666666736,47.521904904761925,47.6322002,36.48875008999991,52.03877258300781,50.490002,0.44155873111798,0.0,-0.22877158300781275
2020-08-10,51.540001,52.43,50.490002,50.490002,50.490002,1152900,51.08111144444451,47.80571457142859,47.69140026,36.5792000899999,51.94563674926758,50.959999,2.8830158280991576,1.4556347492675812,0.0
2020-08-11,50.509998,52.669998,50.509998,50.959999,50.959999,1294100,51.27222222222228,48.16666685714288,47.76500026000001,36.6708500799999,51.8881721496582,52.029999,1.8213759181160887,0.9281731496581997,0.0
2020-08-12,51.860001,52.880001,50.91,52.029999,52.029999,2165000,51.59222188888896,48.548095380952404,47.86120022,36.7643500649999,51.94386291503906,49.849998,-0.16555081033335028,0.0,0.08613608496093406
2020-08-13,52.0,52.25,48.209999,49.849998,49.849998,3837500,51.49555488888896,48.74952390476193,47.873200180000005,36.843600054999904,51.679161071777344,46.57,3.6693342932076836,0.0,-1.8291630717773444
2020-08-14,49.450001,49.740002,45.66,46.57,46.57,3713400,50.91888844444451,48.86476190476192,47.84060016,36.9124500599999,50.82071304321289,46.209999,9.127577932602298,0.0,-4.25071304321289
2020-08-17,47.119999,47.91,46.0,46.209999,46.209999,1558000,50.289999555555625,48.92999995238097,47.75480014000001,36.9777500449999,49.73971176147461,44.459999,7.638417740443158,0.0,-3.529712761474606
2020-08-18,46.209999,47.310001,44.290001,44.459999,44.459999,2368300,49.40444388888895,48.819047476190484,47.67120014000001,37.0343000299999,48.519927978515625,43.689999,9.131644331606083,0.0,-4.059928978515622
2020-08-19,44.669998,45.34,43.529999,43.689999,43.689999,1473000,48.452221777777844,48.73952357142858,47.55460012000001,37.081700029999894,46.93857192993164,43.57,7.435506990814169,0.0,-3.2485729299316404
2020-08-20,43.189999,43.75,42.790001,43.57,43.57,1501300,47.536666111111174,48.65952357142857,47.43300008000002,37.12320002999989,45.559627532958984,42.43,4.566507993938453,0.0,-1.989627532958984
2020-08-21,43.400002,43.740002,42.18,42.43,42.43,1798100,46.641110333333394,48.481428428571434,47.366800040000015,37.1513000249999,44.68385314941406,42.77,5.3119329470046255,2.253853149414063,0.0
2020-08-24,42.900002,43.299999,42.189999,42.77,42.77,1151300,45.73111044444451,48.38904752380953,47.29580004000001,37.1834500249999,43.88922119140625,42.060001,2.616837015212174,0.0,-1.1192211914062469
2020-08-25,43.330002,43.490002,41.360001,42.060001,42.060001,2160400,44.62333288888895,48.142380809523814,47.17660006000001,37.2113000199999,43.395809173583984,43.900002,3.175958492212078,1.3358081735839846,0.0
2020-08-26,42.5,44.040001,42.310001,43.900002,43.900002,1805000,43.96222222222228,48.01095233333334,47.0732001,37.2520000399999,43.22940444946289,42.279999,-1.5275569931343282,0.0,0.67059755053711
2020-08-27,44.740002,44.880001,41.849998,42.279999,42.279999,2158000,43.4855554444445,47.67952361904763,46.954000040000004,37.2876000349999,43.28572082519531,44.299999,2.3787177128251966,1.005721825195316,0.0
2020-08-28,42.32,44.490002,42.32,44.299999,44.299999,1112000,43.273333222222284,47.44857109523811,46.83640002,37.3467000299999,43.33964920043945,44.5,-2.1678325535866185,-0.9603497995605466,0.0
2020-08-31,44.52,45.0,43.810001,44.5,44.5,2301100,43.27777777777784,47.152380571428594,46.74339998000001,37.4166500299999,43.72102737426758,43.09,-1.7505002825447682,0.0,0.7789726257324219
2020-09-01,44.549999,44.91,42.459999,43.09,43.09,1940400,43.211111222222286,46.739523523809545,46.588399980000005,37.4858500299999,43.943450927734375,44.259998,1.9806241070651462,0.8534509277343716,0.0
2020-09-02,43.5,44.290001,43.029999,44.259998,44.259998,2105500,43.287777666666734,46.377142523809546,46.47039994000001,37.559950014999906,44.04652404785156,39.240002,-0.4823180338789002,0.0,0.21347395214844056
2020-09-03,41.970001,42.0,38.619999,39.240002,39.240002,3514300,42.933333444444514,45.749047380952405,46.28559998000001,37.6145000249999,43.4332389831543,39.0,10.68612836246619,0.0,-4.1932369831543
2020-09-04,39.509998,40.599998,38.009998,39.0,39.0,2487400,42.51444455555563,45.117618904761926,46.06479996000001,37.6676000299999,42.46407699584961,37.540001,8.88224870730669,0.0,-3.4640769958496094
2020-09-08,37.82,39.259998,37.529999,37.540001,37.540001,2158900,42.012222333333405,44.43809509523811,45.84919998,37.715700034999905,41.13454818725586,37.900002,9.575245315672376,3.5945471872558628,0.0
2020-09-09,38.709999,39.0,37.849998,37.900002,37.900002,1840000,41.34555566666674,43.8385712857143,45.63940004,37.76785004999991,40.0653190612793,36.66,5.71323732721517,0.0,-2.1653170612792962
2020-09-10,38.360001,38.830002,36.139999,36.66,36.66,2675700,40.72111133333341,43.157618952380965,45.42820001999999,37.81545005499991,38.89276123046875,36.490002,6.09045616603588,0.0,-2.2327612304687534
2020-09-11,36.860001,37.509998,36.040001,36.490002,36.490002,1348200,39.85333388888896,42.41761909523811,45.2878001,37.85685006999991,38.146156311035156,38.259998,4.53865228901648,1.6561543110351593,0.0
2020-09-14,37.080002,38.490002,36.82,38.259998,38.259998,1423700,39.16000033333341,41.865714333333344,45.17100009999999,37.90540006499991,37.8619384765625,39.450001,-1.04040654533621,-0.39805952343750306,0.0
2020-09-15,39.049999,39.560001,39.0,39.450001,39.450001,1283400,38.75555600000007,41.52666676190478,45.03700008,37.95515006999991,38.167598724365234,38.599998,-3.2507027709194882,0.0,1.282402275634766
2020-09-16,39.689999,40.049999,38.470001,38.599998,38.599998,1359200,38.12666711111118,41.16428576190477,44.92020006,38.00220005499991,38.371849060058594,37.889999,-0.591059460524857,0.0,0.22814893994140562
2020-09-17,37.380001,38.150002,37.0,37.889999,37.889999,1495500,37.97666677777785,40.85142861904763,44.81480004,38.04960004999991,38.390316009521484,38.220001,1.3204460879544526,0.5003170095214813,0.0
2020-09-18,39.669998,40.419998,37.549999,38.220001,38.220001,3336200,37.8900002222223,40.590952523809534,44.69260002,38.103100054999906,38.921546936035156,38.52,1.835546618732827,0.7015459360351528,0.0
2020-09-21,37.16,38.619999,36.860001,38.52,38.52,1457600,37.99888900000007,40.35047633333334,44.572400040000005,38.15640004999991,38.84313201904297,40.75,0.8388681698934725,0.3231320190429656,0.0
2020-09-22,39.18,40.91,38.970001,40.75,40.75,2157000,38.31555544444451,40.27047633333334,44.519800020000005,38.2150500499999,39.06098175048828,38.630001,-4.144830060151457,0.0,1.6890182495117188
2020-09-23,40.82,40.990002,38.52,38.630001,38.630001,1577900,38.53444444444452,40.07333352380953,44.41200004,38.262300054999905,39.15752029418945,39.470001,1.3655689374417908,0.5275192941894531,0.0
2020-09-24,37.880001,39.84,37.709999,39.470001,39.470001,797300,38.86555544444452,39.9500001904762,44.28900008000001,38.3121500599999,39.22998809814453,40.049999,-0.6080894243085329,-0.2400129018554722,0.0
2020-09-25,39.439999,40.060001,38.889999,40.049999,40.049999,985600,39.06444444444452,39.766666714285726,44.20700002,38.365600049999905,39.40736389160156,41.209999,-1.6045820835062623,-0.6426351083984372,0.0
2020-09-28,40.860001,41.360001,40.369999,41.209999,41.209999,966600,39.25999977777785,39.715714333333345,44.13440000000001,38.4198500399999,40.028053283691406,40.990002,-2.8681042101180276,0.0,1.1819457163085971
2020-09-29,41.400002,41.990002,40.360001,40.990002,40.990002,968000,39.52555577777785,39.55809542857145,44.01840002000001,38.4652500499999,40.3316764831543,40.560001,-1.606063636800262,0.0,0.6583255168457001
2020-09-30,41.0,41.759998,40.209999,40.560001,40.560001,1574700,39.82222266666675,39.37047642857144,43.922400020000005,38.508800054999895,40.620277404785156,41.540001,0.1486104617826723,0.0602764047851565,0.0
2020-10-01,41.25,41.549999,40.490002,41.540001,41.540001,741400,40.191111555555636,39.29666695238096,43.84820004,38.5525500549999,41.03376388549805,41.740002,-1.2186738139509188,-0.5062371145019497,0.0
2020-10-02,40.330002,42.130001,40.0,41.740002,41.740002,728500,40.54888955555563,39.176667142857156,43.75960012,38.595600059999896,41.26719284057617,42.959999,-1.1327482912526574,-0.47280915942382507,0.0
2020-10-05,42.52,43.099998,42.02,42.959999,42.959999,914300,40.79444500000008,39.35380985714287,43.724600120000005,38.642200059999894,41.65479278564453,42.5,-3.0381895827219925,0.0,1.3052062143554721
2020-10-06,43.220001,44.139999,42.32,42.5,42.5,989000,41.22444488888897,39.520476523809535,43.62980008,38.68510006999989,42.061614990234375,43.709999,-1.031494140625,-0.438385009765625,0.0
2020-10-07,43.860001,44.669998,43.630001,43.709999,43.709999,1177500,41.695555777777855,39.81428595238097,43.57080006000001,38.73445006499989,42.73927307128906,44.529999,-2.2208326490946404,-0.9707259287109409,0.0
2020-10-08,44.099998,44.669998,43.93,44.529999,44.529999,530200,42.193333555555625,40.13000009523811,43.476600000000005,38.78930005499989,43.325172424316406,45.419998,-2.705651477071873,-1.2048265756835903,0.0
2020-10-09,44.900002,45.91,44.900002,45.419998,45.419998,1043200,42.661111222222296,40.54714285714287,43.40199992000001,38.848900044999894,44.15727615356445,45.169998,-2.780101061289229,0.0,1.2627218464355465
2020-10-12,45.790001,46.209999,44.759998,45.169998,45.169998,706100,43.125555222222296,40.960476000000014,43.29099986,38.903950034999895,44.69659423828125,45.459999,-1.0480491093197517,-0.47340376171874965,0.0
2020-10-13,45.049999,46.25,44.759998,45.459999,45.459999,685900,43.66999944444452,41.30333319047621,43.16499988,38.96370003999989,45.123905181884766,44.93,-0.739317697994753,0.0,0.33609381811523775
2020-10-14,45.779999,46.139999,44.630001,44.93,44.93,608300,44.04666600000007,41.56428552380954,43.0261999,39.01940003499989,45.377132415771484,46.669998,0.9951756416013458,0.44713241577148466,0.0
2020-10-15,44.990002,47.52,44.43,46.669998,46.669998,1388500,44.59444333333341,41.94857123809525,42.910999860000004,39.08440003499989,45.72011184692383,45.990002,-2.0353250348889484,0.0,0.9498861530761715
2020-10-16,46.689999,46.990002,45.150002,45.990002,45.990002,1051800,44.93111033333341,42.33428566666667,42.785599940000004,39.13775004499989,45.92567825317383,46.32,-0.13986463150440573,-0.06432374682616882,0.0
2020-10-19,46.48,47.169998,46.029999,46.32,46.32,725000,45.355554777777854,42.71999990476191,42.67579992000001,39.197850049999886,46.12369155883789,45.799999,-0.42380924257795693,0.0,0.19630844116210966
2020-10-20,46.610001,47.189999,45.59,45.799999,45.799999,750300,45.58777700000008,43.06666652380953,42.58199986,39.25255003999989,46.270835876464844,46.16,1.0280281369980904,0.47083687646484407,0.0
2020-10-21,46.0,46.950001,45.860001,46.16,46.16,761600,45.76888822222231,43.32428557142858,42.48599988,39.30330004999988,46.4061164855957,47.740002,0.5331812946180817,0.24611648559570654,0.0
2020-10-22,46.349998,47.939999,46.150002,47.740002,47.740002,691800,46.02666644444453,43.75809514285715,42.40019994,39.35680005499988,46.6536750793457,47.200001,-2.2755066509094277,0.0,1.0863269206542938
2020-10-23,47.860001,48.0,47.02,47.200001,47.200001,849800,46.252222333333414,44.126190380952394,42.3472,39.40770005999988,46.957252502441406,46.450001,-0.5142976534229184,0.0,0.24274849755859407
2020-10-26,46.66,46.959999,45.48,46.450001,46.450001,713600,46.36222255555563,44.4309523809524,42.34480002,39.45995006499988,46.898345947265625,46.73,0.9652205330751762,0.4483449472656247,0.0
2020-10-27,46.630001,47.189999,46.27,46.73,46.73,889900,46.562222555555635,44.69380957142859,42.35520004,39.50955005999988,46.97221374511719,45.150002,0.5183260113785376,0.0,-0.24221374511719063
2020-10-28,45.939999,46.299999,44.709999,45.150002,45.150002,1216100,46.39333411111119,44.89190480952382,42.369000099999994,39.55010006499988,46.790931701660156,45.59,3.6343956344900175,1.6409297016601556,0.0
2020-10-29,45.299999,46.07,44.57,45.59,45.59,1250200,46.34888944444452,45.13142857142858,42.40700011999999,39.595500074999876,46.45005416870117,45.470001,1.8864974088641553,0.0,-0.8600541687011685
2020-10-30,45.610001,45.66,43.939999,45.470001,45.470001,873700,46.25444511111119,45.318571428571445,42.44500013999999,39.63640007499988,45.987125396728516,45.790001,1.137286970212541,0.5171243967285122,0.0
2020-11-02,45.689999,46.540001,44.900002,45.790001,45.790001,1116200,46.2533342222223,45.511428523809535,42.51220015999999,39.677750079999875,45.88079833984375,46.990002,0.19829075750348507,0.09079733984375338,0.0
2020-11-03,46.299999,47.209999,46.130001,46.990002,46.990002,928600,46.34555666666674,45.70333342857144,42.59660019999999,39.72555008999987,45.92732620239258,47.43,-2.2614934079113658,-1.0626757976074188,0.0
2020-11-04,46.970001,48.950001,46.970001,47.43,47.43,1091200,46.31111200000007,45.938095333333344,42.704000179999994,39.77330008499987,46.398826599121094,56.209999,-2.174095300187447,-1.031173400878906,0.0
2020-11-05,49.470001,56.279999,49.130001,56.209999,56.209999,4735100,47.31222288888896,46.53333342857144,42.95020012,39.86480007999987,48.288673400878906,57.200001,-14.092378117852478,-7.921325599121097,0.0
2020-11-06,56.040001,58.82,56.040001,57.200001,57.200001,2883400,48.50666733333341,47.13666685714287,43.24860016,39.96435007999987,50.82993698120117,56.57,-11.136475362646985,0.0,6.370064018798828
2020-11-09,59.009998,60.77,56.32,56.57,56.57,2113600,49.60000066666674,47.66761933333335,43.494000180000015,40.067350074999865,53.25070571899414,56.869999,-5.867587557019373,-3.3192942810058597,0.0
2020-11-10,56.439999,57.200001,54.23,56.869999,56.869999,1220400,50.90222255555563,48.22476223809525,43.74140016000001,40.171300059999865,54.822792053222656,58.529999,-3.5998012709255436,-2.0472069467773437,0.0
2020-11-11,57.259998,59.59,57.200001,58.529999,58.529999,1245900,52.340000222222294,48.8471431904762,44.05020014000001,40.287650064999866,56.63724899291992,58.27999899999999,-3.2338117878322103,0.0,1.8927500070800747
2020-11-12,58.759998,59.509998,57.330002,58.279999,58.279999,931200,53.7633333333334,49.48285742857144,44.33060016,40.40755006499987,57.686302185058594,59.480000000000004,-1.0186973663836247,-0.5936968149414028,0.0
2020-11-13,58.93,60.139999,58.439999,59.48,59.48,1080800,55.2844443333334,50.092857523809535,44.73540012,40.53670005499986,58.17521286010742,60.27,-2.193656926517443,-1.304787139892575,0.0
2020-11-16,59.970001,60.450001,58.93,60.27,60.27,1031100,56.75999966666674,50.77285742857144,45.160800120000005,40.669250064999865,58.596988677978516,60.759998,-2.7758608296357847,-1.6730113220214875,0.0
2020-11-17,60.0,61.189999,59.07,60.759998,60.759998,1228400,58.24111055555563,51.46047638095239,45.625200060000004,40.79395005499987,59.379356384277344,60.83000200000001,-2.272287131613565,-1.3806416157226593,0.0
2020-11-18,61.23,61.93,60.02,60.830002,60.830002,1199700,58.7544442222223,52.17619080952382,46.083800060000016,40.91595006499987,59.949729919433594,63.20000099999999,-1.447101843867121,-0.8802720805664066,0.0
2020-11-19,60.470001,63.380001,60.32,63.200001,63.200001,1079400,59.42111088888896,52.98761942857143,46.61460008000002,41.053950079999865,60.62205123901367,64.779999,-4.079034367398711,-2.5779497609863284,0.0
2020-11-20,63.040001,65.07,62.950001,64.779999,64.779999,1770500,60.33333300000007,53.79904785714286,47.180400020000015,41.20285007499987,61.648719787597656,66.459999,-4.833712968106632,-3.1312792124023474,0.0
2020-11-23,65.879997,67.269997,65.08000200000001,66.459999,66.459999,1194300,61.39888855555562,54.71619061904762,47.744400040000016,41.35830007499987,62.943824768066406,67.019997,-5.290662480951271,-3.51617423193359,0.0
2020-11-24,67.300003,67.629997,65.82,67.019997,67.019997,1392600,62.34222166666674,55.69571423809525,48.29579996000001,41.50695005499987,64.26719665527344,66.900002,-4.107431315949724,0.0,2.752800344726566
2020-11-25,66.769997,67.910004,65.82,66.900002,66.900002,641900,63.29999977777785,56.65619052380954,48.861800040000006,41.653400059999875,65.31259155273438,66.410004,-2.372810762046951,0.0,1.5874104472656256
2020-11-27,67.82,68.18,66.08000200000001,66.410004,66.410004,482300,64.07000022222229,57.668571571428586,49.432200140000006,41.79755006999987,66.20159912109375,67.650002,-0.31381548916372703,-0.2084048789062507,0.0
2020-11-30,66.58000200000001,68.019997,66.07,67.650002,67.650002,1207900,64.89000044444451,58.71904785714288,50.02080016,41.949550079999874,66.78915405273438,68.75,-1.272502471272101,-0.8608479472656256,0.0
2020-12-01,68.93,69.199997,66.139999,68.75,68.75,1077600,65.77777844444451,59.82761923809527,50.62540016,42.11445007999987,67.22459411621094,69.699997,-2.2187721946022725,-1.5254058837890625,0.0
2020-12-02,69.0,70.650002,68.629997,69.699997,69.699997,1143000,66.76333344444451,60.9661904761905,51.2044001,42.28030006999987,67.81362915039062,69.0,-2.706410230705421,0.0,1.8863678496093712
2020-12-03,70.0,70.849998,68.959999,69.0,69.0,974400,67.40777777777784,62.01428561904764,51.811800080000005,42.43975006499987,68.36882781982422,71.139999,-0.9147422901098278,-0.6311721801757812,0.0
2020-12-04,69.5,71.360001,69.470001,71.139999,71.139999,712400,68.1144444444445,63.143333190476206,52.44520004,42.621850054999875,68.98028564453125,72.32,-3.0358636292203953,-2.159713355468753,0.0
2020-12-07,71.389999,72.980003,70.230003,72.32,72.32,1649100,68.76555566666673,63.91047609523811,53.09060006000001,42.820500054999876,69.9429702758789,73.18,-3.2868220742824765,-2.377029724121087,0.0
2020-12-08,72.239998,73.980003,71.110001,73.18,73.18,1343600,69.4500004444445,64.67142842857145,53.730000079999996,43.03265005499988,70.8246078491211,70.83000200000002,-3.218628246623275,0.0,2.355392150878913
2020-12-09,73.879997,73.889999,69.010002,70.83000200000002,70.83000200000002,1409200,69.88666711111118,65.35047614285716,54.326800080000005,43.23770006499988,71.2461166381836,68.849998,0.5874835894873643,0.0,-0.4161146381835721
2020-12-10,69.660004,71.489998,68.690002,68.849998,68.849998,1344300,70.15777755555563,65.9209522857143,54.89260002000001,43.441800049999884,71.10590362548828,70.08000200000001,3.2765514756997987,2.255905625488282,0.0
2020-12-11,68.199997,70.470001,67.83000200000001,70.08000200000001,70.08000200000001,1347400,70.42777755555564,66.47095242857144,55.46340004000002,43.643750054999884,70.7532730102539,71.57,0.9607177383555137,0.6732710102538988,0.0
2020-12-14,71.41999799999998,72.910004,70.800003,71.57,71.57,873400,70.74111088888897,67.10380961904762,56.06000000000002,43.847950054999885,70.80622100830078,73.660004,-1.0671775767768785,-0.7637789916992119,0.0
2020-12-15,71.440002,74.239998,71.010002,73.660004,73.660004,1372600,71.18111166666674,67.77904790476191,56.674000100000015,44.06495007499988,70.93924713134766,72.099998,-3.6936691839608704,0.0,2.7207568686523445
2020-12-16,73.58000200000002,73.940002,71.190002,72.099998,72.099998,866600,71.52555588888896,68.34238114285715,57.26600006000002,44.26390005999988,71.15486145019531,73.349998,-1.3108690374785958,-0.9451365498046869,0.0
2020-12-17,72.089996,74.400002,72.040001,73.349998,73.349998,803000,71.77111133333341,68.94190495238095,57.85880004000001,44.47355004999988,71.77167510986328,74.57,-2.151769506710441,-1.5783228901367181,0.0
2020-12-18,74.57,77.139999,73.58000200000002,74.57,74.57,3666100,72.02111133333341,69.59619057142856,58.45960006000002,44.69800004999988,73.05912017822266,74.599998,-2.026122866806138,-1.510879821777337,0.0
2020-12-21,73.82,75.25,73.269997,74.599998,74.599998,873200,72.17888888888898,70.13904757142856,59.043200060000025,44.94460003499987,73.45393371582031,78.110001,-1.5362792425003642,-1.1460642841796869,0.0
2020-12-22,75.25,78.400002,75.010002,78.110001,78.110001,1232400,72.98777766666676,70.77380957142857,59.70200012000003,45.20460003499988,74.28932189941406,76.900002,-4.891408336540586,0.0,3.8206791005859344
2020-12-23,78.099998,78.940002,76.860001,76.900002,76.900002,1116700,73.88222255555564,71.27095257142858,60.330800180000026,45.47660004499988,75.25467681884766,77.83000200000002,-2.13956454923414,-1.6453251811523444,0.0
2020-12-24,78.0,79.379997,77.019997,77.83000200000002,77.83000200000002,530000,74.74333366666674,71.7857147142857,60.98880022000003,45.760000054999885,76.12588500976562,78.190002,-2.1895373846121653,-1.7041169902343967,0.0
2020-12-28,78.889999,79.769997,77.91999799999998,78.190002,78.190002,1106500,75.47888944444452,72.32333376190475,61.61920030000003,46.02675006499988,76.93175506591797,74.43,-1.6092171657471475,0.0,1.2582469340820381
2020-12-29,78.449997,78.5,73.699997,74.43,74.43,982600,75.56444455555565,72.70523833333333,62.188000260000024,46.28610006999988,77.14817810058594,76.33000200000002,3.6519926112937395,2.7181781005859307,0.0
2020-12-30,75.0,78.360001,75.0,76.33000200000002,76.33000200000002,1106500,76.03444500000009,73.11857166666665,62.78820030000003,46.53295008499988,76.98705291748047,75.959999,0.8608029611743583,0.0,-0.6570509174804471
2020-12-31,76.66999799999998,76.730003,75.589996,75.959999,75.959999,870100,76.3244451111112,73.46190495238093,63.39140030000003,46.79125008499988,76.70211791992188,76.010002,0.9769864793203575,0.7421189199218787,0.0
2021-01-04,77.029999,78.529999,75.379997,76.010002,76.010002,1166900,76.48444533333343,73.76238138095236,63.988400340000034,47.045000094999885,76.48136901855469,79.089996,0.6201381478120306,0.47136701855468743,0.0
2021-01-05,75.980003,79.989998,75.510002,79.089996,79.089996,1519700,76.98333400000008,74.24285738095236,64.61540022000004,47.312350069999894,76.41841125488281,79.389999,-3.3779047670165347,-2.671584745117187,0.0
2021-01-06,78.589996,81.300003,78.5,79.389999,79.389999,1307500,77.12555600000009,74.6357145238095,65.25920018000004,47.5778500599999,77.13399505615234,83.239998,-2.8416727198191034,-2.2560039438476593,0.0
2021-01-07,80.370003,83.449997,80.239998,83.239998,83.239998,989000,77.8300000000001,75.15571442857141,65.99500012000003,47.8568000449999,78.30602264404297,82.370003,-5.92740926778618,0.0,4.933975355957031
2021-01-08,84.32,84.690002,81.440002,82.370003,82.370003,1062000,78.33444455555565,75.5933336190476,66.70780018000004,48.1273000599999,79.67878723144531,85.220001,-3.2672279598614127,-2.6912157685546845,0.0
2021-01-11,79.739998,85.449997,79.690002,85.220001,85.220001,1331000,79.11555555555564,76.27857166666665,67.50920016000003,48.406700064999896,80.76033782958984,87.209999,-5.233117951277837,-4.459663170410153,0.0
2021-01-12,86.519997,91.089996,86.519997,87.209999,87.209999,2380200,80.53555544444453,77.15285742857141,68.34160014000004,48.702150054999905,82.88465881347656,87.529999,-4.959683793280899,-4.325340186523434,0.0
2021-01-13,90.019997,90.660004,86.989998,87.529999,87.529999,946800,81.77999955555563,77.98380966666666,69.18280010000004,48.994900049999906,84.66181945800781,88.68,-3.2767960410832306,-2.868179541992191,0.0
2021-01-14,87.599998,90.209999,87.449997,88.68,88.68,1938400,83.19333300000008,78.79857157142857,70.04060008000003,49.295800049999905,85.91073608398438,88.269997,-3.1227603924398193,0.0,2.769263916015632
2021-01-15,88.75,89.279999,85.589996,88.269997,88.269997,1279300,84.55555466666675,79.49428552380952,70.86619998000003,49.60640003499991,86.70364379882812,92.940002,-1.7745023840568146,-1.5663532011718786,0.0
2021-01-19,91.010002,93.629997,90.139999,92.940002,92.940002,1899500,86.09444422222231,80.48666666666666,71.77640002000003,49.9447500449999,88.49002075195312,91.900002,-4.788015012143944,0.0,4.449981248046882
2021-01-20,94.059998,95.0,90.879997,91.900002,91.900002,1449300,87.48444455555563,81.3700001904762,72.49020008000002,50.2830000549999,89.53923797607422,93.269997,-2.56884001365504,-2.360764023925782,0.0
2021-01-21,93.0,93.790001,91.540001,93.269997,93.269997,915100,88.59888888888896,82.26047623809525,73.21160000000002,50.6160500399999,90.2839126586914,93.870003,-3.201548662329856,-2.9860843413085973,0.0
2021-01-22,92.410004,94.529999,92.029999,93.870003,93.870003,983800,89.87666666666674,83.17809552380955,73.95760006000002,50.9466500549999,91.14067840576172,91.489998,-2.907557800161441,0.0,2.7293245942382782
2021-01-25,95.480003,96.230003,90.849998,91.489998,91.489998,1259700,90.57333300000008,83.81523823809526,74.65000004000001,51.2610000399999,92.09683990478516,89.910004,0.6632877014437756,0.0,-0.6068419047851563
2021-01-26,92.879997,93.260002,89.269997,89.910004,89.910004,1203300,90.87333355555562,84.43476214285717,75.27760014000002,51.5678500549999,91.88465881347656,87.230003,2.1962570633147362,0.0,-1.9746548134765618
2021-01-27,87.089996,90.110001,85.57,87.230003,87.230003,1606200,90.84000066666674,84.88238123809526,75.85660022000002,51.8643500699999,90.7190170288086,87.050003,3.9997866660724495,0.0,-3.4890140288085973
2021-01-28,87.58000200000002,88.470001,85.150002,87.050003,87.050003,1498300,90.65888988888895,85.30428604761907,76.40800028000001,52.1585500899999,89.53601837158203,84.07,2.855847542684206,0.0,-2.4860153715820275
2021-01-29,87.489998,88.769997,83.940002,84.07,84.07,1392200,90.19222355555561,85.76333366666668,76.88400028000002,52.4438000899999,88.141357421875,87.279999,4.842818391667667,4.071357421875007,0.0
2021-02-01,85.809998,87.66999799999998,84.16999799999998,87.279999,87.279999,1427800,89.56333433333339,86.28476209523812,77.41440030000001,52.743500084999894,86.86758422851562,87.82,-0.47251922113837175,-0.41241477148437866,0.0
2021-02-02,89.82,90.199997,86.779999,87.82,87.82,1521900,89.11000077777783,86.84952404761907,77.95420026000002,53.043850084999896,86.54016876220703,86.620003,-1.4573345909735391,0.0,1.279831237792962
2021-02-03,88.32,89.470001,85.349998,86.620003,86.620003,1235700,88.37111255555561,87.35476219047621,78.42260030000001,53.3364000949999,86.52061462402344,89.050003,-0.114740674826067,-0.09938837597655947,0.0
2021-02-04,87.239998,90.559998,86.059998,89.050003,89.050003,1109700,87.83555700000005,87.82904823809527,78.90800038000002,53.6392501099999,86.76441192626953,88.0,-2.566637840237324,0.0,2.2855910737304725
2021-02-05,90.75,91.980003,87.839996,88.0,88.0,1165000,87.4477794444445,88.23904828571432,79.33880040000001,53.9358001049999,87.47344207763672,88.730003,-0.5983612754128196,-0.5265579223632812,0.0
2021-02-08,89.5,91.769997,87.839996,88.730003,88.730003,2363500,87.31666822222229,88.50047709523813,79.77300052000001,54.231000114999894,88.12610626220703,94.029999,-0.6806003802264778,-0.6038967377929652,0.0
2021-02-09,92.279999,96.660004,89.010002,94.029999,94.029999,2296100,88.0722233333334,89.05571500000003,80.31560046000001,54.546300114999895,89.13890838623047,94.400002,-5.201627848331185,-4.891090613769535,0.0
2021-02-10,95.75,98.519997,93.5,94.400002,94.400002,1766700,88.88888988888895,89.49285790476195,80.87540042000002,54.8565001199999,90.7713623046875,99.58000199999998,-3.8438979008840497,-3.6286396953125006,0.0
2021-02-11,95.0,100.440002,95.0,99.580002,99.580002,1487400,90.61222344444451,90.0819056666667,81.51400042000002,55.1900501349999,92.56642150878906,89.91999799999998,-7.043161629190298,0.0,7.013580491210931
2021-02-12,91.730003,98.029999,89.58000200000002,89.91999799999998,89.91999799999998,7156500,90.90555666666673,90.19571514285718,81.93740038000001,55.46285011999989,93.13909149169922,91.949997,3.579952806159138,3.2190934916992404,0.0
2021-02-16,92.25,92.610001,90.220001,91.949997,91.949997,2142600,91.36444522222229,90.35142928571432,82.38240038000002,55.750500114999895,93.26068115234375,90.309998,1.4254314248033677,0.0,-1.3106841523437538
2021-02-17,92.160004,93.419998,88.800003,90.309998,90.309998,1687400,91.77444466666672,90.44857219047621,82.80860034000001,56.039450104999894,92.6972427368164,87.639999,2.6433892035037063,0.0,-2.387244736816413
2021-02-18,88.760002,89.489998,86.510002,87.639999,87.639999,1326200,91.6177775555556,90.19619109523812,83.13860034000001,56.3198000999999,91.07840728759766,90.279999,3.923332184882445,3.438408287597653,0.0
2021-02-19,89.57,92.110001,89.33000200000002,90.279999,90.279999,1463200,91.87111077777782,90.11904809523811,83.49780032000002,56.607450094999905,89.7398452758789,87.470001,-0.5983094041916165,0.0,0.5401537241210974
2021-02-22,89.010002,89.989998,87.220001,87.470001,87.470001,873400,91.7311105555556,89.84285780952382,83.78360034,56.8767001049999,89.09912872314453,84.650002,1.8624988047553983,0.0,-1.629127723144535
2021-02-23,84.550003,85.349998,80.550003,84.650002,84.650002,1892300,90.68888866666671,89.40381014285715,84.06000034000003,57.1259501199999,87.492431640625,89.309998,3.3578612799383034,2.8424296406249994,0.0
2021-02-24,84.07,89.529999,82.82,89.309998,89.309998,1484100,90.12333266666671,89.30000061904764,84.46920034000003,57.3933500999999,86.69309997558594,82.510002,-2.9301288579292724,0.0,2.6168980244140556
2021-02-25,88.970001,89.110001,82.459999,82.510002,82.510002,1229600,88.22666600000004,88.94761957142858,84.71780034000003,57.6247000999999,86.21707153320312,84.300003,4.49287291642912,3.707069533203125,0.0
2021-02-26,83.489998,85.879997,82.150002,84.300003,84.300003,1078200,87.60222211111115,88.80809576190478,84.97240040000004,57.826950124999904,85.00838470458984,86.809998,0.8403104144490242,0.70838170458984,0.0
2021-03-01,86.809998,87.370003,85.199997,86.809998,86.809998,822700,87.03111111111113,88.79666695238096,85.23540028000004,58.0371501149999,84.746337890625,84.949997,-2.3772147873739073,0.0,2.063660109374993
2021-03-02,87.839996,88.110001,84.839996,84.949997,84.949997,874500,86.43555544444446,88.83857157142859,85.49240026000003,58.2455001049999,85.2502670288086,80.639999,0.3534667915392599,0.0,-0.30027002880859754
2021-03-03,84.32,85.940002,80.16999799999998,80.639999,80.639999,1145900,85.65777766666669,88.5223810952381,85.63820028000004,58.44865010999991,84.4312973022461,75.610001,4.7015108497782725,0.0,-3.7912983022460907
2021-03-04,80.040001,80.75,73.529999,75.610001,75.610001,1827900,84.02777788888892,87.94095257142858,85.65900030000005,58.61490010999991,82.66112518310547,74.610001,9.3256501651223,0.0,-7.051124183105472
2021-03-05,76.639999,77.620003,69.639999,74.610001,74.610001,2503700,82.59888900000003,87.36904771428573,85.65920036000006,58.7606501199999,80.69055938720703,71.66999799999998,8.149789982186215,0.0,-6.080558387207034
2021-03-08,74.699997,76.300003,71.129997,71.66999799999998,71.66999799999998,2386800,81.15666633333336,86.54142842857144,85.53040030000005,58.8802501099999,78.16896057128906,73.779999,9.067898357258342,6.498962571289084,0.0
2021-03-09,75.160004,75.529999,73.120003,73.779999,73.779999,2481900,79.43111088888891,85.86428552380954,85.46800024000005,59.0227501099999,76.04309844970703,73.099998,3.067361724560375,0.0,-2.2630994497070276
2021-03-10,74.970001,76.809998,72.959999,73.099998,73.099998,1613500,78.38555488888892,85.1199995714286,85.37340016000006,59.1643501049999,74.56090545654297,76.510002,1.998505467186154,1.4609074565429694,0.0
2021-03-11,75.260002,77.110001,75.07,76.510002,76.510002,1605800,77.51999922222224,84.28571400000001,85.33980016000005,59.3168501249999,74.39739227294922,71.459999,-2.7612203265277415,0.0,2.1126097270507813
2021-03-12,74.239998,74.879997,70.699997,71.459999,71.459999,3726800,75.81444377777781,83.1933329047619,85.28040014000004,59.44490012999991,74.09066772460938,71.099998,3.681316486737397,0.0,-2.6306687246093787
2021-03-15,71.33000200000002,71.610001,69.440002,71.099998,71.099998,2903800,74.27555500000004,81.83714223809524,85.17580006000004,59.56800011999991,73.48079681396484,71.800003,3.3485216328203613,2.3807988139648444,0.0
2021-03-16,72.0,72.730003,70.650002,71.800003,71.800003,1410300,73.29333322222227,80.97428533333334,85.09260014000004,59.6893501399999,72.90879821777344,73.389999,1.5442829685862738,1.1087952177734337,0.0
2021-03-17,71.16999799999998,73.93,70.800003,73.389999,73.389999,1814400,73.04666633333338,80.09047590476192,85.04020008000005,59.81990013999991,72.51094818115234,68.43,-1.197780121032103,0.0,0.8790508188476593
2021-03-18,70.58000200000002,72.739998,68.0,68.43,68.43,2215200,72.3599995555556,79.04857123809525,84.82700016000007,59.92595013499991,71.31829071044922,69.059998,4.220796011178155,2.888290710449212,0.0
2021-03-19,67.769997,70.18,66.529999,69.059998,69.059998,3525100,72.06999955555561,78.1638092857143,84.62040014000006,60.02500012499991,70.5439453125,67.470001,2.148779837062849,0.0,-1.4839473125000069
2021-03-22,69.529999,69.970001,67.239998,67.470001,67.470001,2069300,71.36888866666672,77.0776189047619,84.30500020000005,60.121350124999914,70.0533218383789,65.849998,3.8288436343418906,0.0,-2.58332083837891
2021-03-23,67.650002,68.0,65.25,65.849998,65.849998,2275000,70.56333311111116,76.04809495238095,83.97460010000005,60.19810011499992,68.98600769042969,67.260002,4.762353509000392,3.136009690429688,0.0
2021-03-24,67.32,71.989998,64.07,67.260002,67.260002,6624500,69.53555533333339,75.2199997142857,83.61540012000005,60.291200129999915,68.36453247070312,66.739998,1.6421802525416591,0.0,-1.104530470703125
2021-03-25,62.560001,67.790001,62.080002,66.739998,66.739998,6850300,69.01111077777783,74.1452378095238,83.20600010000005,60.37730011999991,67.45703125,70.550003,1.0743681023184928,0.7170332500000001,0.0
2021-03-26,67.650002,70.650002,66.620003,70.550003,70.550003,3104700,68.95000022222229,73.57571404761904,82.86640018000006,60.48180012499991,67.55363464355469,66.790001,-4.247155533707512,0.0,2.9963683564453163
2021-03-29,70.0,70.800003,66.629997,66.790001,66.790001,2750600,68.39333333333337,72.74190442857143,82.42860020000006,60.5870501199999,67.4643783569336,66.58000200000001,1.009698078809117,0.0,-0.67437735693359
2021-03-30,65.949997,66.82,63.720001,66.58000200000001,66.58000200000001,1939600,67.63666700000005,71.77857128571429,81.99480030000004,60.68835012999991,66.98711395263672,68.370003,0.6114628122671298,0.4071119526367113,0.0
2021-03-31,67.510002,69.129997,66.589996,68.370003,68.370003,1740200,67.63000066666672,70.98904776190477,81.50340032000004,60.790100144999904,67.06591033935547,71.400002,-1.9074047146736681,-1.3040926606445282,0.0
2021-04-01,69.690002,71.720001,69.620003,71.400002,71.400002,2061900,67.89000111111118,70.54904790476192,81.09340032000004,60.90175015499991,68.34773254394531,75.260002,-4.274887073609169,-3.052269456054688,0.0
2021-04-05,72.309998,75.690002,71.83000200000002,75.260002,75.260002,3054600,68.75555677777783,70.5323812857143,80.73320042000006,61.03685015499991,69.57147979736328,75.470001,-7.558493291877295,-5.688522202636719,0.0
2021-04-06,75.260002,76.089996,74.510002,75.470001,75.470001,3016500,69.82444600000005,70.57333366666667,80.36520038000006,61.163300159999906,71.07865905761719,74.349998,-5.81865891638561,0.0,4.391341942382809
2021-04-07,74.779999,76.129997,74.139999,74.349998,74.349998,1578000,70.61222333333339,70.7009527142857,80.02240038000006,61.2893001399999,72.67485046386719,76.220001,-2.2530565987813636,-1.6751475361328119,0.0
2021-04-08,75.58000200000002,76.389999,74.900002,76.220001,76.220001,1913100,71.66555700000006,70.81714328571427,79.74860032000007,61.416200144999905,74.06867218017578,76.209999,-2.822525310415852,0.0,2.151328819824215
2021-04-09,75.529999,76.620003,75.07,76.209999,76.209999,1252200,72.29444544444452,70.96523857142856,79.52820024000007,61.546450139999905,74.93635559082031,80.0,-1.6712287441175322,-1.2736434091796838,0.0
2021-04-12,78.839996,82.220001,77.599998,80.0,80.0,4142500,73.76222311111118,71.13142895238094,79.38720018000008,61.70405013999991,76.32586669921875,79.089996,-4.5926666259765625,0.0,3.67413330078125
2021-04-13,80.510002,81.730003,78.269997,79.089996,79.089996,1975400,75.15222244444452,71.49476214285713,79.28760010000008,61.84930011499991,77.25214385986328,81.279999,-2.3237479239937224,-1.837852140136718,0.0
2021-04-14,79.760002,82.75,79.199997,81.279999,81.279999,2723100,76.58666644444452,71.97952409523809,79.16760010000007,62.014100109999916,78.3914566040039,81.66999799999998,-3.553816967930939,-2.8885423959960974,0.0
2021-04-15,82.66999799999998,83.449997,81.150002,81.66999799999998,81.66999799999998,1703600,77.72777711111118,72.44952385714285,79.04460006000006,62.18050010499991,79.57613372802734,81.41999799999998,-2.5638108525148184,0.0,2.0938642719726346
2021-04-16,81.980003,82.519997,80.589996,81.41999799999998,81.41999799999998,1512200,78.41222111111118,72.83190476190477,78.94059996000006,62.35150008999991,80.49818420410156,77.029999,-1.132171233777746,0.0,0.9218137958984158
2021-04-19,80.91999799999998,81.610001,76.559998,77.029999,77.029999,2195200,78.58555422222229,73.24142852380953,78.70019988000007,62.519100094999914,80.30355072021484,75.769997,4.24971019435537,0.0,-3.27355172021484
2021-04-20,76.779999,78.699997,74.870003,75.769997,75.769997,4518700,78.74333188888895,73.5609522857143,78.45559982000006,62.67745008999991,79.62813568115234,76.510002,5.09190818781785,3.85813868115234,0.0
2021-04-21,75.550003,76.970001,74.75,76.510002,76.510002,1687300,78.77555422222228,73.99142852380953,78.21119980000006,62.82925008999992,78.5713119506836,76.010002,2.6941705617568714,0.0,-2.0613099506835937
2021-04-22,77.360001,78.440002,75.599998,76.010002,76.010002,2696100,78.75333233333339,74.47523823809526,77.85079986000007,62.98710010499992,77.61418151855469,77.870003,2.110484773510054,1.6041795185546874,0.0
2021-04-23,76.690002,79.120003,76.370003,77.870003,77.870003,1864500,78.51666600000004,74.9804763809524,77.52019988000006,63.16065011999992,76.88490295410156,77.849998,-1.2650571567313724,0.0,0.9851000458984345
2021-04-26,77.800003,78.339996,77.129997,77.849998,77.849998,1275200,78.3788884444445,75.50952400000001,77.08559980000007,63.32825009999991,76.65685272216797,75.58000200000002,-1.5326208201470097,0.0,1.1931452778320306
2021-04-27,77.83000200000002,78.089996,75.519997,75.58000200000002,75.58000200000002,1418300,77.7455554444445,75.74904776190476,76.79879988000008,63.48350011499991,76.71265411376953,74.559998,1.498613500657898,0.0,-1.1326521137695096
2021-04-28,75.470001,75.709999,73.75,74.559998,74.559998,1780600,76.9555554444445,76.11904761904762,76.45099990000007,63.63940009999992,76.38396453857422,71.93,2.4463071184286056,0.0,-1.8239665385742256
2021-04-29,76.139999,76.139999,70.769997,71.93,71.93,2415400,75.90111122222228,76.37380942857143,76.08339994000006,63.77895009999992,75.75859832763672,67.139999,5.322672497757141,0.0,-3.828598327636712
2021-04-30,70.629997,71.190002,66.57,67.139999,67.139999,3604900,74.8022223333334,76.31523780952382,75.67339994000007,63.88655009999992,73.99402618408203,67.029999,10.20856015217103,0.0,-6.854027184082028
2021-05-03,68.190002,68.389999,66.300003,67.029999,67.029999,2306000,73.8311114444445,76.10714242857144,75.20839994000006,64.00095008499993,71.89012145996094,,7.2506676599546624,,
