date,open,high,low,close,adj_close,volume,9-day,21-day,50-day,200-day,adj_close_1_days,true_adj_close_1_days,percent_change,buy_profit,sell_profit
2018-11-13,21.99,22.93,21.459999,21.940001,20.936106,11600,21.323104111111107,22.09074033333331,23.763348059999984,24.099466130000017,20.951744079589844,20.182253,-4.504361328015231,0.0,-0.015638079589844978
2018-11-14,21.84,22.120001,20.26,21.15,20.182253,16300,21.070759555555554,21.94351419047617,23.64388905999998,24.08696300500002,20.784582138061523,20.554411,-1.7277440280778968,0.6023291380615241,0.0
2018-11-15,20.68,21.68,20.5,21.540001,20.554411,8200,20.87142911111111,21.8385476190476,23.534726579999983,24.07055544000002,20.60152244567871,20.28722,-4.356910449174488,0.0,-0.047111445678709174
2018-11-16,21.379999,22.1,21.139999,21.26,20.28722,13100,20.69542422222222,21.72903676190474,23.41527443999998,24.055978080000024,20.626489639282227,20.516239,-2.979822957280221,0.3392696392822252,0.0
2018-11-19,21.42,22.66,21.360001,21.5,20.516239,12600,20.64983266666666,21.644518047619027,23.293554839999977,24.045097640000023,20.636390686035156,20.563948000000003,-4.016787506813227,0.12015168603515747,0.0
2018-11-20,21.469999,22.25,19.809999,21.549999,20.563948,23200,20.57667333333333,21.557272761904738,23.173550299999977,24.031998410000025,20.485393524169922,21.3846,-4.940164850263231,-0.07855447583007802,0.0
2018-11-21,21.5,22.6,21.450001,22.41,21.3846,6300,20.627566333333327,21.51092376190474,23.04009437999998,24.02503445500003,20.614505767822266,23.751123,-8.012022455054595,-0.7700942321777333,0.0
2018-11-23,19.860001,25.0,19.860001,24.889999,23.751123,5600,21.017746222222215,21.596805571428547,22.957012439999982,24.031320795000028,20.853212356567383,22.806423000000002,-16.218508660577356,0.0,2.897910643432617
2018-11-26,24.700001,24.700001,21.99,23.9,22.806423,21500,21.220258111111107,21.57499428571426,22.87481929999998,24.032080280000027,21.301300048828125,22.634655,-10.873221553020391,0.0,1.5051229511718738
2018-11-27,23.76,24.49,23.68,23.719999,22.634655,9100,21.408985777777772,21.588626190476166,22.796038779999982,24.03103580500003,21.71384048461914,22.920931,-8.457666947544393,-0.920814515380858,0.0
2018-11-28,24.34,24.92,23.68,24.02,22.920931,9800,21.71328333333333,21.579083619047594,22.708717279999984,24.033407470000025,22.282564163208008,22.539234,-7.233288246427942,0.0,0.6383668367919917
2018-11-29,24.049999,24.790001,22.610001,23.620001,22.539234,10200,21.93381922222222,21.56908676190474,22.621751059999983,24.032925530000025,22.60454750061035,22.443811,-4.299125556301403,0.0,-0.06531350061035113
2018-11-30,24.299999,24.59,22.82,23.52,22.443811,20600,22.17344044444444,21.54727547619045,22.533827419999984,24.033195150000026,22.85611915588379,23.083153,-2.8226226365485143,0.4123081558837889,0.0
2018-12-03,24.25,24.799999,23.5,24.190001,23.083153,14700,22.45865311111111,21.57726590476188,22.482658379999986,24.035196525000025,22.938337326049805,21.833095999999998,-5.17430186939717,0.0,0.14481567395019468
2018-12-04,24.200001,24.200001,22.450001,22.879999,21.833096,21000,22.599669555555558,21.552728333333306,22.416379519999985,24.034539075000026,22.843536376953125,22.119368,-0.15936461818410275,1.0104403769531238,0.0
2018-12-06,22.74,23.790001,22.74,23.18,22.119368,15300,22.681310444444446,21.564542809523783,22.368000239999983,24.032950180000025,22.62836456298828,22.606032999999996,-2.379790496167897,0.5089965629882798,0.0
2018-12-07,23.35,23.74,22.719999,23.690001,22.606033,15600,22.554078222222223,21.644517571428548,22.328783619999985,24.032613200000025,22.555788040161133,22.720539,-4.787728627950949,-0.05024495983886723,0.0
2018-12-10,23.76,23.950001,23.1,23.809999,22.720539,13900,22.544535555555555,21.71585838095236,22.29528103999998,24.03284875000002,22.527854919433594,22.300674,-5.384897666591281,0.0,0.19268408056640496
2018-12-11,23.889999,23.889999,23.370001,23.370001,22.300674,2900,22.507426555555558,21.781292238095215,22.25490291999998,24.029992610000022,22.426010131835938,22.415186,-4.039327461578034,0.12533613183593673,0.0
2018-12-12,23.690001,23.77,23.07,23.49,22.415186,13400,22.45123266666667,21.88489614285712,22.25124477999998,24.02780353500002,22.44988250732422,21.947605,-4.427916103345167,0.0,-0.03469650732422025
2018-12-13,23.24,23.24,22.66,23.0,21.947605,7300,22.385496111111117,21.930790857142835,22.236713259999977,24.02511955000002,22.425552368164062,21.728130000000004,-2.4975983992866846,0.0,-0.47794736816406314
2018-12-14,23.129999,23.66,22.77,22.77,21.72813,10200,22.305976,21.968506285714266,22.20162355999998,24.020960125000023,22.370105743408203,21.766294,-1.756233010943331,0.641975743408203,0.0
2018-12-17,23.030001,23.4,22.799999,22.809999,21.766294,9600,22.159658333333333,22.04393680952379,22.175286379999978,24.016377205000026,22.251441955566406,22.386555,-2.4487376980314424,0.4851479555664078,0.0
2018-12-18,23.139999,24.299999,22.889999,23.459999,22.386555,11500,22.22115377777778,22.13118176190474,22.160972679999983,24.015320900000024,22.22135353088379,22.043027999999996,-5.279818933991475,0.0,0.16520146911621225
2018-12-19,23.610001,24.059999,23.1,23.1,22.043028,17000,22.212671555555556,22.214791666666645,22.135208099999982,24.011601845000023,22.224559783935547,22.252962,-3.7897844851275084,0.18153178393554725,0.0
2018-12-20,23.09,23.790001,22.709999,23.32,22.252962,19300,22.173441444444443,22.297492761904742,22.11726825999998,24.008885200000023,22.2653865814209,21.947605,-4.5223559973374865,0.0,-0.012424581420898306
2018-12-21,23.049999,23.629999,22.74,23.0,21.947605,92700,22.08755988888889,22.363381190476172,22.094366379999983,24.006248470000024,22.292512893676758,21.976232999999997,-3.0760308970575747,0.34490789367675845,0.0
2018-12-24,23.01,23.58,23.01,23.030001,21.976233,3900,22.051510888888888,22.39155419047617,22.071082879999985,24.002762490000023,22.31507682800293,22.062113,-3.104316721467224,0.3388438280029291,0.0
2018-12-26,23.379999,23.379999,22.610001,23.120001,22.062113,15300,22.012280555555556,22.311125142857126,22.053333979999984,23.997815675000023,22.251195907592773,21.918978,-3.7578073305759156,0.0,-0.18908290759277335
2018-12-27,23.1,23.389999,22.68,22.969999,21.918978,9800,22.009099777777777,22.26886585714284,22.03195893999998,23.994374220000022,22.16718864440918,21.604076000000003,-3.495038705011792,0.0,-0.2482106444091805
2018-12-28,23.0,23.0,22.610001,22.639999,21.604076,7300,21.995316,22.219790666666647,21.99856041999998,23.989689045000024,22.084774017333984,21.985775,-2.4524072755745934,0.4806980173339852,0.0
2018-12-31,23.389999,23.84,22.610001,23.040001,21.985775,21700,22.019702777777777,22.17525942857141,21.983101739999984,23.98747942000002,22.086671829223633,21.260548,-4.137713235239735,0.0,-0.10089682922363252
2019-01-02,23.02,23.02,22.030001,22.280001,21.260548,13800,21.894590888888885,22.114369619047597,21.956573739999985,23.981596425000024,21.977863311767578,20.52578,-1.3560936924213804,0.0,-0.7173153117675781
2019-01-03,22.33,22.33,21.51,21.51,20.52578,3400,21.726007777777777,22.02303480952379,21.921266699999983,23.973079220000027,21.749420166015625,20.411274,1.1130644631130795,0.0,-1.223640166015624
2019-01-04,22.0,22.0,21.0,21.389999,20.411274,13100,21.521375777777777,21.895802476190457,21.881570199999985,23.966446795000028,21.472530364990234,22.500311,0.38584090158318773,1.0612563649902356,0.0
2019-01-07,21.41,23.610001,19.030001,23.48,22.500311,15000,21.582787555555555,21.9275746190476,21.884417839999983,23.97025955500003,21.27921485900879,22.107418,-9.373020191615039,0.0,1.2210961409912109
2019-01-08,23.440001,23.440001,22.16,23.07,22.107418,7800,21.597363666666663,21.927005571428552,21.887614099999983,23.975084985000027,21.242799758911133,22.021175,-7.920243784520449,0.0,0.8646182410888663
2019-01-09,23.139999,23.24,22.02,22.98,22.021175,17200,21.592814999999995,21.89915519047617,21.862748399999983,23.981180400000024,21.303447723388672,22.04034,-7.295701812930064,-0.7177272766113276,0.0
2019-01-10,22.700001,23.049999,22.299999,23.0,22.04034,26000,21.606299666666658,21.86676476190474,21.856587499999982,23.987182645000026,21.47265625,21.513288,-6.640625,0.0,0.5676837500000005
2019-01-11,22.790001,22.9,21.870001,22.450001,21.513288,18800,21.596212111111104,21.82927019047617,21.824426759999984,23.98984077000003,21.642822265625,21.637862999999996,-3.5954507724743547,0.1295342656250007,0.0
2019-01-14,21.709999,22.860001,21.709999,22.58,21.637863,7200,21.557555222222216,21.792254809523786,21.80220065999998,23.99288550000003,21.71621322631836,21.254553,-3.825450724896541,0.0,-0.07835022631835997
2019-01-15,21.719999,22.209999,21.639999,22.18,21.254553,9300,21.556889111111108,21.759252333333308,21.76925475999998,23.99146182500003,21.516996383666992,21.398293,-2.989195745414822,0.2624433836669908,0.0
2019-01-16,22.51,22.51,20.950001,22.33,21.398293,5300,21.653834999999997,21.743545809523784,21.74815353999998,23.991701990000028,21.37060546875,21.177895,-4.296437667935506,0.0,0.027687531249998898
2019-01-17,21.59,22.370001,21.59,22.1,21.177895,6800,21.739015111111108,21.715526809523784,21.72474373999998,23.993250215000025,21.202960968017578,20.670006,-4.059000144716847,0.0,-0.025065968017578655
2019-01-18,21.889999,22.18,21.0,21.57,20.670006,8900,21.535647888888885,21.633786380952355,21.70071857999998,23.990605040000027,21.047086715698242,20.2292,-2.424261865098554,0.0,-0.3770807156982414
2019-01-22,21.610001,21.82,21.110001,21.110001,20.2292,4100,21.326956999999997,21.547413619047592,21.68677131999998,23.98509426000003,20.891712188720703,20.401688,-1.034054007289234,0.6625121887207044,0.0
2019-01-23,21.309999,21.51,21.1,21.290001,20.401688,9200,21.147014,21.459257714285688,21.67035743999998,23.982194385000028,20.7615966796875,20.41127,-2.481936568779401,0.35990867968749995,0.0
2019-01-24,21.049999,21.67,21.049999,21.299999,20.41127,6800,20.96600622222222,21.386098904761877,21.66005157999998,23.978014475000027,20.62018585205078,21.034149,-3.191611173076667,0.208915852050783,0.0
2019-01-25,21.24,21.950001,21.24,21.950001,21.034149,6900,20.91276855555556,21.341237761904736,21.675944479999984,23.97642726500003,20.555011749267578,20.784998,-6.355303814029084,0.0,0.4791372507324212
2019-01-28,21.950001,21.950001,21.08,21.690001,20.784998,8600,20.818005777777778,21.280422761904738,21.67196811999999,23.97183949000003,20.564088821411133,20.650839,-5.190927278375257,0.0,0.22090917858886883
2019-01-29,21.959999,22.0,21.5,21.549999,20.650839,7400,20.750926444444442,21.220035190476167,21.666262779999983,23.966628345000032,20.633554458618164,20.41127,-4.252643080780818,0.0,0.017284541381837215
2019-01-30,21.940001,21.940001,21.0,21.299999,20.41127,27600,20.641257222222222,21.16323490476188,21.670843119999986,23.959413100000027,20.684465408325195,20.602926,-2.8898292045685277,0.27319540832519706,0.0
2019-01-31,21.059999,21.969999,21.059999,21.5,20.602926,16000,20.577371777777774,21.097384952380928,21.671813419999985,23.953725270000028,20.70554542541504,20.689171,-3.695137556209121,0.10261942541503899,0.0
2019-02-01,21.610001,21.610001,21.52,21.59,20.689171,2800,20.57950122222222,21.0701765238095,21.679852439999987,23.946524170000025,20.696874618530273,20.679588,-4.136754893328979,0.0,-0.007703618530271683
2019-02-04,21.65,21.98,21.58,21.58,20.679588,6900,20.62954433333333,21.077500714285694,21.683119419999983,23.938990580000027,20.7082462310791,20.861662,-4.039637483414721,0.028658231079102592,0.0
2019-02-05,21.969999,21.969999,21.77,21.77,20.861662,3400,20.680652555555554,21.098947761904743,21.689073699999984,23.931608540000028,20.731159210205078,20.612509,-4.7718915470598136,0.0,0.13050278979492091
2019-02-06,21.969999,21.99,21.51,21.51,20.612509,6000,20.70301244444444,21.009052428571408,21.673631879999984,23.925162370000024,20.772302627563477,20.51668,-3.4295554274129474,0.0,-0.15979362756347726
2019-02-07,21.85,21.85,21.33,21.41,20.51668,6700,20.645515888888887,20.93330299999998,21.608943019999984,23.917146235000022,20.808116912841797,20.612509,-2.8112241343213604,0.29143691284179596,0.0
2019-02-08,21.85,21.85,21.450001,21.51,20.612509,4700,20.62635044444444,20.866223666666645,21.565064739999983,23.90994121000002,20.8204288482666,21.235388,-3.2058166049902366,0.20791984826660226,0.0
2019-02-11,21.83,22.379999,21.82,22.16,21.235388,6700,20.69130033333333,20.827892619047596,21.537079399999985,23.90793739000002,20.8830623626709,21.561199,-5.762353959066344,-0.35232563732910194,0.0
2019-02-12,22.07,22.5,22.059999,22.5,21.561199,5600,20.81907022222222,20.83017409523807,21.50988475999998,23.90732548500002,20.9623966217041,21.896599,-6.833792792426216,-0.5988023782958969,0.0
2019-02-13,22.799999,22.950001,22.74,22.85,21.896599,2100,20.962811666666667,20.842494857142835,21.497032059999977,23.907726590000017,21.173227310180664,21.896599,-7.338173697239989,0.0,0.0
2019-02-14,21.950001,22.98,21.950001,22.85,21.896599,9000,21.09697033333333,20.873068476190454,21.486087819999977,23.90812769500001,21.335346221923828,21.532451999999996,-6.628681742127672,0.0,0.5612527780761702
2019-02-15,22.969999,23.0,22.469999,22.469999,21.532452,8500,21.191733,20.879456999999974,21.455073799999973,23.905996685000012,21.540538787841797,21.465376000000006,-4.136449726402767,0.0,-0.008086787841797616
2019-02-19,22.530001,22.790001,22.26,22.4,21.465376000000006,6200,21.25881233333333,20.89314657142855,21.447719399999972,23.902392035000016,21.623947143554688,21.101233,-3.4645216805594243,0.0,-0.15857114355468127
2019-02-20,22.02,22.02,22.02,22.02,21.101233,3000,21.313115,20.913681190476165,21.427356699999976,23.897251245000017,21.568450927734375,21.407879,-2.0506315725051074,0.4672179277343744,0.0
2019-02-21,22.99,22.99,22.34,22.34,21.407879,2300,21.41213711111111,20.969808761904737,21.403393619999978,23.893311695000016,21.534568786621094,21.283298000000002,-3.6053321995474756,0.0,-0.12668978662109254
2019-02-22,22.16,22.639999,22.030001,22.209999,21.283298,4400,21.486669222222226,21.011790190476166,21.37464879999998,23.888417275000016,21.497783660888672,21.225803,-3.2067328733843166,0.0,-0.21448566088867338
2019-02-25,22.299999,22.5,22.15,22.15,21.225803,5800,21.485604222222225,21.05057747619045,21.353151379999982,23.882049685000016,21.414886474609375,21.216223,-3.3187969543594744,0.0,-0.1890834746093759
2019-02-26,22.200001,22.35,21.82,22.139999,21.216223,5800,21.44727355555556,21.059247666666643,21.32917211999998,23.874875335000016,21.347646713256836,21.637862999999996,-3.578827111704764,0.13142371325683655,0.0
2019-02-27,22.58,22.58,22.58,22.58,21.637863,800,21.41852511111112,21.09986028571426,21.32297727999998,23.870425745000016,21.44454574584961,21.024569,-5.028583942207215,0.0,0.19331725415039003
2019-02-28,22.91,22.91,21.940001,21.940001,21.024569,4100,21.321632888888892,21.117656952380926,21.308906059999977,23.862198295000017,21.408140182495117,21.944511,-2.424160406851766,0.38357118249511757,0.0
2019-03-01,22.67,23.0,22.309999,22.9,21.944511,4100,21.367417222222226,21.1906684285714,21.312470399999974,23.858475690000013,21.49062156677246,21.197058,-6.154490974792741,0.0,0.4538894332275376
2019-03-04,22.51,22.51,22.120001,22.120001,21.197058,5300,21.337604111111116,21.2189604285714,21.288680459999973,23.849735305000014,21.49835777282715,21.206636000000003,-2.8103218764449878,0.30129977282715004,0.0
2019-03-05,22.17,22.5,22.129999,22.129999,21.206636,3300,21.34931555555556,21.243601619047592,21.27195261999997,23.838102335000013,21.516450881958008,21.177895,-2.7724724164786165,0.0,-0.3098148819580082
2019-03-06,22.459999,22.73,22.1,22.1,21.177895,7200,21.323761777777783,21.267330523809495,21.25045127999997,23.82547198000001,21.47060203552246,21.110812999999997,-2.8479545903961108,0.0,-0.29270703552246147
2019-03-07,22.860001,22.91,22.02,22.030001,21.110813,4400,21.304596777777782,21.279194857142826,21.23371543999997,23.811842245000012,21.481266021728516,21.302466999999996,-2.49085317005425,0.37045302172851535,0.0
2019-03-08,22.02,22.889999,22.02,22.23,21.302467,6800,21.313115000000007,21.31204999999997,21.220240119999968,23.797510825000014,21.40428924560547,21.858265,-3.7143983553510194,0.10182224560546871,0.0
2019-03-11,22.49,22.809999,22.049999,22.809999,21.858265,4500,21.384453000000008,21.37593499999997,21.21616315999997,23.786432670000014,21.4451904296875,21.743275,-5.9833784749946775,0.0,0.4130745703124994
2019-03-12,22.809999,22.99,22.190001,22.690001,21.743275,2600,21.396165444444453,21.42978099999997,21.21264909999997,23.77430529000001,21.522939682006836,21.819937,-5.143504920926019,-0.22033531799316464,0.0
2019-03-13,22.99,22.99,22.35,22.77,21.819937,5500,21.484539666666674,21.457616666666635,21.21696631999997,23.761233275000013,21.60024070739746,21.896599,-5.137282795795076,-0.21969629260253853,0.0
2019-03-14,22.99,22.99,22.4,22.85,21.896599,1800,21.479216111111118,21.473588095238064,21.215182799999965,23.747453750000012,21.669248580932617,22.519476,-5.1674022716296895,-0.22735041906738118,0.0
2019-03-15,22.68,23.6,22.68,23.5,22.519476,49100,21.626151444444453,21.503248904761875,21.240361359999966,23.737025740000018,21.830284118652344,22.471563,-7.105173963181516,0.0,0.6891918813476572
2019-03-18,23.209999,23.709999,23.209999,23.450001,22.471563,3200,21.766698888888897,21.530628142857115,21.279277019999967,23.72583647000002,21.99547004699707,22.069089999999996,-6.202690366635507,0.0,0.4760929530029294
2019-03-19,23.299999,23.299999,22.92,23.030001,22.06909,4600,21.865720555555562,21.556182333333304,21.312433339999966,23.714674190000018,22.08953094482422,21.666615,-4.0836735316502155,0.0,-0.020440944824219542
2019-03-20,22.950001,23.16,22.370001,22.610001,21.666615,6400,21.92747633333334,21.565765142857114,21.295759419999968,23.696424860000022,22.092546463012695,22.049925,-2.2886090849235483,0.42593146301269513,0.0
2019-03-21,22.75,23.799999,22.52,23.01,22.049925,14300,22.010527222222226,21.610940952380922,21.294609559999966,23.679617820000022,22.13541030883789,21.848684,-3.800911304485488,0.0,-0.08548530883788885
2019-03-22,22.809999,23.200001,22.700001,22.799999,21.848684,6800,22.00946266666667,21.631931666666638,21.291159739999966,23.66275312000002,22.078174591064453,21.772024000000002,-3.165896669274181,0.0,-0.22949059106445446
2019-03-25,22.5,23.549999,21.4,22.719999,21.772024,10900,22.012657000000004,21.655204333333305,21.28579341999997,23.64441429500002,21.91736602783203,21.120398,-3.5327157020032,0.0,-0.14534202783203298
2019-03-26,22.66,22.93,21.75,22.040001,21.120398,15000,21.934930444444447,21.650185047619022,21.277935619999965,23.622580190000022,21.77027130126953,21.312052,-1.223818904229945,0.6498733012695297,0.0
2019-03-27,21.92,22.24,21.92,22.24,21.312052,2300,21.869980777777776,21.654748333333306,21.271419399999967,23.60141980000002,21.632991790771484,21.724111999999998,-2.729353458761304,0.32093979077148305,0.0
2019-03-28,22.08,22.76,21.93,22.67,21.724112,4500,21.781606999999997,21.6588554285714,21.28081057999997,23.58241457000002,21.50153160095215,21.388712,-5.154249664966269,0.0,0.2225803990478532
2019-03-29,22.639999,22.639999,22.0,22.32,21.388712,23100,21.66129022222222,21.676195571428543,21.28061895999997,23.561874610000018,21.41098403930664,21.110812999999997,-4.072652153644085,0.0,-0.022272039306638902
2019-04-01,22.450001,22.450001,22.02,22.030001,21.110813,7600,21.554815,21.63649566666664,21.27927731999997,23.53657785500002,21.361270904541016,21.024569,-3.0355427376466437,0.0,-0.25045790454101535
2019-04-02,22.139999,22.139999,21.870001,21.940001,21.024569,8200,21.483476555555555,21.62828190476188,21.286368579999966,23.51089730500002,21.305103302001953,21.034149,-2.8937906520516825,0.2805343020019535,0.0
2019-04-03,22.129999,22.129999,21.59,21.950001,21.034149,10100,21.370612555555553,21.620068238095214,21.302467559999968,23.48109110000002,21.274892807006836,21.407879,-3.0756636092780334,0.24074380700683662,0.0
2019-04-04,21.91,22.34,21.91,22.34,21.407879,3100,21.32163422222222,21.63101985714283,21.32259137999997,23.452963820000022,21.225351333618164,21.965926999999997,-4.989474782371691,-0.18252766638183715,0.0
2019-04-05,22.440001,22.83,22.34,22.83,21.965927,2700,21.343179,21.67173957142855,21.35368451999997,23.427674210000024,21.26785659790039,22.610567,-6.842502856327673,-0.69807040209961,0.0
2019-04-08,23.17,23.809999,23.15,23.5,22.610567,8000,21.50875333333333,21.734030047619026,21.38521287999997,23.402667335000025,21.500097274780273,22.572083,-8.510224362637134,0.0,1.1104697252197262
2019-04-09,23.4,23.700001,23.34,23.459999,22.572083,3800,21.648756777777777,21.76802138095236,21.420954579999965,23.37746804000002,21.784151077270508,22.004412,-7.143427085097029,0.0,0.7879319227294914
2019-04-10,23.33,23.33,22.07,22.870001,22.004412,4600,21.679901222222224,21.780456476190455,21.448026039999966,23.349952075000022,21.970787048339844,21.648415000000004,-3.9318492013190327,0.0,0.03362495166015478
2019-04-11,22.74,22.99,22.059999,22.5,21.648415,5600,21.70875711111111,21.77228876190474,21.47276893999997,23.31994473500002,22.052085876464844,21.66766,-1.9907294379340277,0.4036708764648438,0.0
2019-04-12,22.65,22.65,22.34,22.52,21.66766,2900,21.770629,21.761386904761885,21.49406361999997,23.290887300000023,22.028409957885742,21.937061,-2.1829042722657963,0.3607499578857407,0.0
2019-04-15,22.24,22.799999,22.24,22.799999,21.937061,5300,21.872017000000003,21.733652857142836,21.519021419999973,23.264125405000023,21.854137420654297,21.888952000000003,-4.148515880837112,0.0,0.08292357934570305
2019-04-16,22.76,23.0,22.709999,22.75,21.888952,9200,21.966995111111114,21.705909476190456,21.543208699999973,23.23973143500002,21.728164672851562,21.79274,-4.491583855597527,0.0,0.16078732714843724
2019-04-17,23.0,23.0,22.65,22.65,21.79274,7300,22.009757444444446,21.692749952380932,21.561830259999976,23.215662680000023,21.727588653564453,22.13911400000001,-4.0724562756536224,-0.06515134643554532,0.0
2019-04-18,22.49,23.01,22.219999,23.01,22.139114000000006,6400,22.02900044444445,21.715249904761883,21.592362359999974,23.18986361500002,21.75225257873535,21.561825,-5.466090487895045,0.0,0.38686142126465484
2019-04-22,22.549999,22.75,22.0,22.41,21.561825,7500,21.91247355555556,21.692007047619025,21.613265259999977,23.16146268000002,21.732994079589844,21.648415000000004,-3.0209991986173867,0.17116907958984484,0.0
2019-04-23,22.549999,22.549999,22.200001,22.5,21.648415,3300,21.809843777777782,21.682470428571406,21.63398337999997,23.13240388000002,21.713605880737305,22.033276,-3.495084974500868,0.06519088073730472,0.0
2019-04-24,22.219999,22.99,22.18,22.9,22.033276,5000,21.813050888888895,21.69491099999998,21.649941139999974,23.10161750000002,21.664278030395508,20.994152,-5.396165806133148,0.0,0.36899796960449294
2019-04-25,22.25,22.25,21.58,21.82,20.994152,3100,21.740355000000005,21.688899285714264,21.638600199999974,23.06777547000002,21.50425910949707,21.061503999999996,-1.4470251627082034,0.5101071094970706,0.0
2019-04-26,21.75,21.889999,21.75,21.889999,21.061504,2200,21.67300433333334,21.676968428571406,21.621898299999977,23.03545909000002,21.337947845458984,21.330906,-2.5219332104173016,0.27644384545898504,0.0
2019-04-29,22.0,22.17,21.559999,22.17,21.330906,4000,21.605653777777782,21.65824433333331,21.610584439999975,23.007200320000024,21.25055503845215,22.033276,-4.147248360612779,-0.08035096154785037,0.0
2019-04-30,22.17,22.9,22.129999,22.9,22.033276,14900,21.62168977777778,21.688937857142836,21.62060091999998,22.982976525000026,21.266115188598633,21.590685,-7.134868172058366,0.0,0.7671608114013679
2019-05-01,21.42,22.77,21.42,22.440001,21.590685,3700,21.599239222222227,21.71178890476188,21.623107099999974,22.95758597500003,21.16471290588379,21.994791,-5.68310177043312,-0.4259720941162115,0.0
2019-05-02,22.6,22.860001,22.6,22.860001,21.994791,3800,21.583203333333337,21.75798995238093,21.640978259999976,22.933407520000028,21.315786361694336,22.119871,-6.755094360256872,-0.6790046383056634,0.0
2019-05-03,22.809999,23.0,22.809999,22.99,22.119871,283200,21.645208444444446,21.80969099999998,21.655218099999974,22.91056781000003,21.598817825317383,21.98517,-6.051249128676014,0.0,0.521053174682617
2019-05-06,22.82,22.969999,22.290001,22.85,21.98517,4100,21.68262566666667,21.837181047619026,21.669255539999973,22.88700702500003,21.748302459716797,21.552202,-4.821433436687984,0.0,0.23686754028320323
2019-05-07,22.620001,22.68,22.309999,22.4,21.552202,5100,21.629173,21.817479857142835,21.67578351999997,22.86018763500003,21.74127769470215,21.850468,-2.9407245772225457,0.18907569470214725,0.0
2019-05-08,22.18,22.84,22.18,22.709999,21.850468,4000,21.724319222222228,21.781284666666643,21.688468419999978,22.83490713000003,21.820171356201172,21.715767,-3.918219652052067,0.0,0.03029664379882746
2019-05-09,21.41,22.700001,21.41,22.57,21.715767,80300,21.79701511111112,21.74050771428569,21.690026499999977,22.80919089000003,21.698633193969727,21.715767,-3.86073019951384,0.0,0.0
2019-05-10,22.57,22.700001,22.309999,22.57,21.715767,14100,21.83977744444445,21.726762714285694,21.703850459999977,22.784615955000028,21.5600528717041,20.84021,-4.474732513495342,0.0,0.15571412829589804
2019-05-13,22.190001,22.76,21.65,21.66,20.84021,5900,21.707214555555563,21.688276761904742,21.68176443999998,22.75166863500003,21.443450927734375,21.311663,-0.9997648765725999,0.603240927734376,0.0
2019-05-14,21.75,22.24,21.75,22.15,21.311663,6600,21.67621211111112,21.671324523809503,21.68405653999998,22.72103103000003,21.34058380126953,21.494474,-3.654249204200756,0.028920801269531893,0.0
2019-05-15,21.969999,22.379999,21.950001,22.34,21.494474,71200,21.620621333333343,21.650248952380934,21.689813299999983,22.697251845000032,21.295276641845703,21.359774,-4.676469821639645,0.0,0.19919735815429718
2019-05-16,22.33,22.33,22.01,22.200001,21.359774,3700,21.536166111111122,21.62504999999998,21.693450879999983,22.672799160000032,21.310016632080078,21.205828,-4.008938413651072,0.0,0.04975736791992347
2019-05-17,22.040001,22.040001,21.950001,22.040001,21.205828,3400,21.449572555555566,21.597101809523792,21.695351179999985,22.64705364500003,21.209197998046875,21.427120000000002,-3.7695234312971455,0.003369998046874656,0.0
2019-05-20,21.959999,22.290001,21.85,22.27,21.42712,4300,21.435674555555565,21.563197333333317,21.697844239999984,22.621511050000034,21.215578079223633,21.340528,-4.734718997648706,0.0,0.2115419207763658
2019-05-21,22.030001,22.200001,21.950001,22.18,21.340528,2400,21.379014555555568,21.552659380952363,21.687489499999984,22.595012385000036,21.233234405517578,21.205828,-4.268555430488826,0.0,0.10729359448242093
2019-05-22,22.0,22.040001,22.0,22.040001,21.205828,2000,21.322354666666676,21.53158380952379,21.676740559999985,22.568315770000037,21.188026428222656,20.541943,-3.865583181132087,0.0,0.017801571777344094
2019-05-23,22.1,22.23,21.35,21.35,20.541943,12700,21.191929777777787,21.460567952380934,21.651180679999985,22.540249470000035,21.10861587524414,21.042261,-1.130604799793259,0.5666728752441408,0.0
2019-05-24,21.610001,21.879999,21.6,21.870001,21.042261,4400,21.2143798888889,21.46285885714284,21.634093919999987,22.514875000000032,21.051687240600586,20.974907,-3.741717978885381,0.0,-0.009426240600586056
2019-05-28,21.93,22.0,21.799999,21.799999,20.974907,9200,21.176962555555566,21.458735190476173,21.603202539999987,22.489211300000033,21.012670516967773,20.974907,-3.611598711689052,0.0,0.0
2019-05-29,21.969999,21.969999,21.799999,21.799999,20.974907,11300,21.119232888888902,21.44178285714284,21.57326941999999,22.463547600000034,20.976158142089844,21.023020000000002,-3.7790866775276273,0.0012511420898420056,0.0
2019-05-30,21.85,21.950001,21.74,21.85,21.02302,10600,21.081815777777788,21.39367542857141,21.55234801999999,22.43883780500003,20.94321060180664,20.936424,-4.150065895621789,0.0,0.0798093981933583
2019-05-31,21.75,21.92,21.75,21.76,20.936424,5900,21.05188200000001,21.36252014285712,21.537744199999988,22.41179282000003,20.954816818237305,21.340528,-3.7002903573653345,0.018392818237305875,0.0
2019-06-03,21.93,22.18,21.799999,22.18,21.340528,10700,21.042260666666678,21.33136476190474,21.523556259999985,22.38786211500003,21.00769805908203,21.359774,-5.285400996023302,-0.3328299409179678,0.0
2019-06-04,22.18,22.24,21.82,22.200001,21.359774,5600,21.044399111111122,21.295169666666645,21.513778059999986,22.36459831000003,21.049846649169922,20.753613999999995,-5.180875220816785,0.0,0.3099273508300797
2019-06-05,21.91,21.91,21.57,21.57,20.753614,3700,20.99415311111112,21.23652414285712,21.493409859999982,22.33668684500003,21.02199935913086,20.878698,-2.540568571484195,0.2683853591308605,0.0
2019-06-06,21.74,21.98,21.32,21.700001,20.878698,2100,21.031570333333345,21.2044525238095,21.488575859999983,22.311445640000034,20.986818313598633,21.119234,-3.2865560070774533,0.10812031359863283,0.0
2019-06-07,21.889999,22.1,21.57,21.950001,21.119234,16900,21.040122888888902,21.169631857142836,21.484719499999983,22.28850088500003,20.999717712402344,21.215448,-4.329308630089159,-0.11951628759765498,0.0
2019-06-10,21.92,22.200001,21.559999,22.049999,21.215448,4400,21.06684966666668,21.145807142857123,21.47454621999998,22.26598965000003,20.978885650634766,21.23469,-4.857657133522927,-0.2365623493652329,0.0
2019-06-11,22.059999,22.07,22.059999,22.07,21.23469,4900,21.095714444444457,21.122898714285693,21.47146577999998,22.246380380000026,20.973600387573242,21.003777,-4.96782787687702,0.0,0.2610896124267583
2019-06-12,22.200001,22.200001,21.809999,21.83,21.003777,2900,21.093576333333345,21.1306876190476,21.469325059999978,22.223952120000025,21.02683448791504,21.148098000000005,-3.679182373270542,0.023057487915039587,0.0
2019-06-13,21.75,22.190001,21.58,21.98,21.148098,11100,21.117095666666682,21.122898809523786,21.47179563999998,22.202102795000023,21.065326690673828,21.282797,-4.161389032421166,-0.08277130932617283,0.0
2019-06-14,21.76,22.15,21.76,22.120001,21.282797,9900,21.110681111111123,21.11281895238093,21.47676859999998,22.181022065000025,21.07686996459961,21.513715999999995,-4.715782044496242,-0.20592703540038926,0.0
2019-06-17,22.1,22.370001,22.1,22.360001,21.513716,32200,21.127785777777788,21.1201495238095,21.478885339999973,22.16133370000003,21.14424705505371,21.773495,-5.437181979313371,-0.3694689449462878,0.0
2019-06-18,22.389999,22.629999,22.26,22.629999,21.773495,12100,21.241105888888896,21.147181285714264,21.475036699999972,22.14194557000003,21.224353790283203,21.994791,-6.211424091166767,-0.5491412097167974,0.0
2019-06-19,22.48,23.0,22.33,22.860001,21.994791,9400,21.365116222222227,21.174213238095216,21.462721179999974,22.12375904000003,21.354820251464844,21.888952000000003,-6.584342443970832,0.0,0.6399707485351556
2019-06-20,22.68,22.790001,22.51,22.75,21.888952,2500,21.45064044444445,21.200328666666646,21.449058559999976,22.102190035000035,21.5075626373291,22.119871,-5.461263132619334,-0.3813893626708982,0.0
2019-06-21,22.549999,22.99,22.299999,22.99,22.119871,13700,21.55113188888889,21.243854523809503,21.451367739999977,22.082251155000037,21.64940071105957,21.879333,-5.831227877078852,0.0,0.4704702889404295
2019-06-24,22.959999,22.959999,22.530001,22.74,21.879333,5300,21.622758888888892,21.30753976190474,21.455986099999983,22.060871805000033,21.747112274169922,21.561825,-4.366260887555306,0.0,0.13222072583007716
2019-06-25,22.41,22.41,22.41,22.41,21.561825,1200,21.684764222222228,21.33228090476188,21.45386939999998,22.03861825500003,21.729761123657227,21.167339,-3.0354255972457547,0.0,-0.16793612365722765
2019-06-26,22.0,22.0,22.0,22.0,21.167339,1200,21.686902111111113,21.341444333333307,21.43847495999998,22.013155815000033,21.60027313232422,22.033276,-1.8169403076171875,0.4329341323242204,0.0
2019-06-27,21.860001,22.99,21.709999,22.9,22.033276,9200,21.770288666666673,21.39184285714283,21.441361439999977,21.99031110000003,21.5372257232666,22.735649,-5.950979374381647,-0.4960502767333992,0.0
2019-06-28,22.85,23.629999,22.719999,23.629999,22.735649,121700,21.906059000000006,21.473396619047595,21.460219619999975,21.97116847000003,21.662708282470703,22.100628,-8.325394840386148,0.0,1.0729407175292955
2019-07-01,23.5,23.5,22.68,22.969999,22.100628,8800,21.942407111111116,21.52883490476188,21.45944989999997,21.94138463000003,21.74616813659668,22.447002,-5.32795349012998,-0.3544598634033207,0.0
2019-07-02,23.1,23.469999,20.17,23.33,22.447002,7500,21.992652777777785,21.581524142857116,21.477153439999974,21.91409354000003,21.759876251220703,22.639433000000004,-6.730063218085277,-0.6871257487792981,0.0
2019-07-03,23.629999,23.629999,23.33,23.530001,22.639433,5000,22.076039555555564,21.642460285714257,21.496973799999978,21.892710305000033,22.03386688232422,22.58148,-6.358410769620367,0.0,0.6055661176757816
2019-07-05,23.6,23.6,22.610001,23.379999,22.58148,6400,22.127329444444452,21.729501523809496,21.507937879999982,21.87274930000003,22.202667236328125,22.272409,-5.035636501403942,0.0,0.3788127636718741
2019-07-08,22.799999,23.629999,22.799999,23.059999,22.272409,12400,22.171004555555566,21.795868714285685,21.53350301999998,21.847676315000037,22.149765014648438,22.446264000000006,-3.9472420850996723,-0.12264398535156218,0.0
2019-07-09,22.870001,23.25,22.870001,23.24,22.446264000000006,7600,22.269275555555566,21.85906061904759,21.56119821999998,21.825469910000038,22.133283615112305,21.741196,-4.762118695730179,0.0,0.31298038488770175
2019-07-10,22.629999,22.940001,22.4,22.51,21.741196,14500,22.333037444444457,21.88409623809521,21.56940401999998,21.79997592500004,22.182661056518555,21.692902,-1.4541934406106036,0.0,-0.44146505651855605
2019-07-11,22.5,22.5,22.23,22.459999,21.692902,19900,22.295218111111122,21.90591585714283,21.562596539999976,21.78023241000004,21.97953224182129,22.040607,-2.139210950894124,0.28663024182128893,0.0
2019-07-12,22.4,23.4,22.33,22.82,22.040607,23200,22.217991222222235,21.955288714285686,21.571594979999976,21.764700250000036,21.88631820678711,21.866755,-4.091506543439487,0.0,0.15428879321289202
2019-07-15,22.41,22.950001,22.41,22.639999,21.866755,11200,22.192005333333345,21.98951047619045,21.569034259999977,21.75134236500004,21.797941207885742,22.204803,-3.7193367018888,-0.06881379211425909,0.0
2019-07-16,22.58,23.0,22.58,22.99,22.204803,7100,22.165094333333347,22.033415523809495,21.570732899999975,21.739532060000034,21.747180938720703,22.204803,-5.405911532315335,0.0,0.0
2019-07-17,23.0,23.889999,22.809999,22.99,22.204803,7400,22.116802111111124,22.066324428571402,21.57512555999998,21.72857773500003,21.85494613647461,22.687725,-4.937163390715046,-0.3498568635253889,0.0
2019-07-18,22.85,23.5,22.85,23.49,22.687725,9300,22.128607111111123,22.10985919047616,21.597836019999978,21.72041846000003,21.992708206176758,22.764996,-6.374166853227931,-0.6950167938232426,0.0
2019-07-19,23.309999,24.309999,23.219999,23.57,22.764996,11900,22.18333900000001,22.14653561904759,21.616126579999978,21.72125297500003,22.15700340270996,22.39797,-5.994894345736272,0.0,0.6079925972900391
2019-07-22,23.889999,23.889999,22.99,23.190001,22.39797,6000,22.177973000000012,22.17077457142854,21.62977063999998,21.719871920000028,22.32338523864746,22.504214999999995,-3.7370233893156706,-0.07458476135253989,0.0
2019-07-23,23.32,23.59,23.110001,23.299999,22.504215,10700,22.262752888888897,22.189076666666637,21.645539599999978,21.71497992000003,22.419979095458984,22.987137,-3.7769096236485473,-0.08423590454101415,0.0
2019-07-24,22.5,24.0,22.5,23.799999,22.987137,11900,22.406556777777787,22.24182923809521,21.68847813999998,21.71449984000003,22.4231014251709,23.083723000000006,-5.785284170932534,-0.5640355748291022,0.0
2019-07-25,23.459999,23.950001,23.09,23.9,23.083723000000006,8200,22.522458555555566,22.314300571428543,21.72391933999998,21.71440725500003,22.496294021606445,23.325184,-5.873246771521144,-0.5874289783935609,0.0
2019-07-26,23.709999,24.91,23.709999,24.15,23.325184,14100,22.684506222222232,22.417055095238066,21.76053353999998,21.71437689000003,22.595834732055664,23.470058,-6.435466948009667,-0.7293492679443361,0.0
2019-07-29,24.4,24.6,24.1,24.299999,23.470058,17300,22.825090111111123,22.485473285714257,21.80273921999998,21.71597741000003,22.77071762084961,23.769474,-6.293339267834498,-0.6993403791503923,0.0
2019-07-30,24.15,24.99,23.610001,24.610001,23.769474,20100,22.998942444444456,22.53470304761902,21.854012139999977,21.719361285000026,22.96223258972168,24.010939,-6.695523540524524,-0.8072414102783192,0.0
2019-07-31,24.6,25.0,24.6,24.860001,24.010939,22600,23.145966222222235,22.625670238095207,21.905688519999977,21.723713940000025,23.253801345825195,23.614937,-6.460979845394234,0.0,0.7571376541748052
2019-08-01,24.809999,24.9,24.110001,24.450001,23.614937,16400,23.240404111111122,22.68128619047616,21.951176699999976,21.727040835000025,23.436019897460938,22.909866,-4.14716180395683,0.0,0.17891710253906368
2019-08-02,24.280001,24.280001,23.719999,23.719999,22.909866,4100,23.297281444444454,22.694163952380922,21.985257459999975,21.726651515000025,23.407447814941406,21.248613,-1.3176694697946452,0.0,-0.4975818149414053
2019-08-05,23.01,23.129999,22.0,22.0,21.248613,16500,23.157770111111123,22.630694095238066,21.999390859999977,21.716524570000026,23.065702438354492,22.687725,4.844101992520419,1.8170894383544933,0.0
2019-08-06,22.33,23.5,22.33,23.49,22.687725,7500,23.124502111111124,22.650471047619018,22.032300139999975,21.716169650000026,22.78474235534668,22.455923,-3.0023739661699396,0.0,-0.09701735534667932
2019-08-07,23.16,24.049999,23.07,23.25,22.455923,6000,23.054746555555564,22.65093099999997,22.061920459999975,21.715514525000025,22.519073486328125,22.938845,-3.143769951276882,0.06315048632812648,0.0
2019-08-08,23.74,24.6,23.52,23.75,22.938845,16200,23.01182000000001,22.707961904761877,22.10119921999997,21.71875309000002,22.404603958129883,22.764996,-5.664825439453125,0.0,0.5342410418701178
2019-08-09,23.84,23.860001,23.23,23.57,22.764996,8200,22.933479777777787,22.759013999999972,22.13603873999997,21.720597575000024,22.34551429748535,22.938845,-5.195102683558119,-0.41948170251464845,0.0
2019-08-12,23.5,23.75,23.5,23.75,22.938845,4100,22.841187666666674,22.80178723809521,22.17608715999997,21.723502155000023,22.549474716186523,23.209284,-5.05484330026727,-0.38937028381347716,0.0
2019-08-13,23.709999,24.16,23.709999,24.030001,23.209284,9400,22.752114888888897,22.86571719047616,22.213462279999973,21.72981055000002,22.730209350585938,22.987137,-5.4090370175767415,0.0,0.47907464941406275
2019-08-14,23.540001,23.969999,23.41,23.799999,22.987137,10200,22.682359333333338,22.902971190476165,22.246009539999974,21.72842393500002,22.7828369140625,22.996794,-4.273790456619345,-0.2043000859375006,0.0
2019-08-15,23.950001,24.0,23.49,23.809999,22.996794,7400,22.692018000000004,22.940685047619024,22.29087313999997,21.731665980000017,22.7647647857666,22.340018999999998,-4.389896086234189,0.0,0.23202921423339973
2019-08-16,23.950001,23.950001,23.110001,23.129999,22.340019,14600,22.81328533333334,22.924127619047596,22.32009955999997,21.72775945000002,22.755569458007812,22.311045,-1.6188048343287391,0.0,-0.4155504580078109
2019-08-19,23.48,23.67,22.91,23.1,22.311045,6900,22.771432000000008,22.90251090476188,22.34393577999997,21.72556883500002,22.687898635864258,21.779828999999996,-1.7839885893322232,0.0,-0.3768536358642578
2019-08-20,23.379999,23.379999,22.32,22.549999,21.779829,10300,22.69631044444445,22.873075619047594,22.35522339999997,21.719958740000017,22.497310638427734,21.683247,-0.2336512811919207,0.0,-0.7174816384277349
2019-08-21,22.74,22.969999,22.24,22.450001,21.683247,8300,22.55679955555556,22.83398190476188,22.36419453999997,21.716108205000015,22.286008834838867,21.692902,-0.7304773178457014,0.6027618348388657,0.0
2019-08-22,22.370001,22.76,22.360001,22.459999,21.692902,14600,22.437678000000005,22.77235166666664,22.377977039999973,21.712830790000012,22.035825729370117,20.862276,-1.8885720815476557,0.0,-0.34292372937011706
2019-08-23,22.379999,22.49,21.299999,21.6,20.862276,16200,22.206948111111117,22.666568476190452,22.372260599999976,21.707785850000008,21.739036560058594,21.519053,0.6436877780490385,0.8767605600585924,0.0
2019-08-26,22.200001,22.290001,22.110001,22.280001,21.519053,4200,22.01914466666667,22.58056223809521,22.376985719999976,21.71074830000001,21.532020568847656,20.978178,-3.3571831130184524,0.0,-0.012967568847656707
2019-08-27,22.35,22.620001,21.6,21.719999,20.978178,5900,21.795927000000002,22.461901285714262,22.366274959999977,21.70952728000001,21.38075065612793,21.422466,-1.5619169405674083,0.4025726561279299,0.0
2019-08-28,21.950001,22.27,21.950001,22.18,21.422466,2900,21.621001666666672,22.350138999999974,22.359254379999978,21.71200679500001,21.281505584716797,22.214462,-4.050921619852132,-0.14096041528320313,0.0
2019-08-29,22.25,23.07,22.190001,23.0,22.214462,5300,21.607050888888892,22.26459247619045,22.363647799999978,21.72188158500001,21.302040100097656,22.127535,-7.382434347401494,0.0,0.9124218999023448
2019-08-30,21.59,23.280001,21.59,22.91,22.127535,14600,21.58666088888889,22.193763809523787,22.368419459999977,21.72760018000001,21.387487411499023,21.354858,-6.645624567878554,0.0,0.7400475885009783
2019-09-03,22.9,22.9,22.049999,22.110001,21.354858,6800,21.53944188888889,22.119715809523786,22.353119199999973,21.729693940000008,21.441633224487305,22.069584,-3.0229206028199442,0.08677522448730457,0.0
2019-09-04,22.1,23.139999,21.6,22.85,22.069584,6900,21.582368222222225,22.158809666666645,22.356924219999975,21.739130595000006,21.511232376098633,22.349678,-5.858939273091329,-0.5583516239013662,0.0
2019-09-05,23.049999,23.5,22.58,23.139999,22.349678,7900,21.655343333333334,22.142712190476168,22.372681279999973,21.748106930000002,21.6910343170166,21.644613,-6.261731830599465,0.0,0.6586436829833993
2019-09-06,22.780001,23.09,22.24,22.41,21.644613,4600,21.74226966666667,22.10407838095236,22.38222675999997,21.754893895000006,21.692241668701172,22.117874,-3.2028484216815185,0.047628668701172217,0.0
2019-09-09,22.629999,22.9,22.629999,22.9,22.117874,2900,21.808805333333332,22.0649845238095,22.383918719999976,21.762902070000006,21.763235092163086,22.050266000000004,-4.964038898851148,0.0,0.35463890783691454
2019-09-10,22.43,22.83,22.42,22.83,22.050266,3300,21.927926222222222,22.030949761904736,22.370211059999974,21.770333660000006,21.79076385498047,23.064404,-4.552063710116205,-0.25950214501953184,0.0
2019-09-11,22.83,23.879999,22.83,23.879999,23.064404,14700,22.110363777777778,22.03692876190474,22.389486579999975,21.778732680000005,21.96662139892578,23.103039000000006,-8.012469351754245,-1.0977826010742184,0.0
2019-09-12,23.450001,23.98,22.98,23.92,23.103039000000006,12900,22.209094555555552,22.03186947619045,22.402607319999973,21.77549226,22.07187843322754,23.672886,-7.726260730654108,-1.031160566772467,0.0
2019-09-13,24.0,24.870001,23.99,24.51,23.672886,19900,22.38080022222222,22.064524190476167,22.423276379999976,21.779824575000003,22.40533447265625,23.528009,-8.58696665582926,0.0,1.2675515273437483
2019-09-16,24.5,24.83,24.049999,24.360001,23.528009,14500,22.622261444444444,22.089820142857118,22.442206959999975,21.784291345,22.72671890258789,23.817764,-6.704770239591164,-0.8012900974121102,0.0
2019-09-17,22.34,24.74,22.34,24.66,23.817764,8100,22.816503666666666,22.160188952380928,22.473114059999975,21.788775510000004,22.888689041137695,22.552505000000004,-7.182931706659793,0.0,0.9290749588623051
2019-09-18,24.809999,24.809999,23.299999,23.35,22.552505,21600,22.839039999999997,22.171687047619024,22.475238879999978,21.788841865000006,23.022968292236328,22.668407,-1.4005640589450676,0.4704632922363281,0.0
2019-09-19,23.549999,23.68,22.809999,23.469999,22.668407,8000,22.95279488888889,22.214000285714263,22.493783099999977,21.789964845000004,22.9772891998291,23.373476,-2.099317516676928,0.30888219982910314,0.0
2019-09-20,23.43,24.790001,22.84,24.200001,23.373476,45500,23.092306222222224,22.294487380952358,22.527394579999978,21.791416460000004,22.87607765197754,22.678064000000006,-5.470757410392095,0.0,0.4973983480224611
2019-09-23,24.200001,24.200001,23.4,23.48,22.678064000000006,4700,23.162061555555557,22.341399857142832,22.54014371999998,21.795641300000003,22.761770248413086,22.687725,-3.058900134526893,0.08370624841307972,0.0
2019-09-24,23.52,23.6,22.799999,23.49,22.687725,9600,23.120208333333338,22.428325999999977,22.55656311999998,21.798483085,22.71955680847168,23.074064,-3.2798773585709617,0.031831808471679324,0.0
2019-09-25,23.73,24.16,23.18,23.889999,23.074064,8900,23.11698888888889,22.50237414285712,22.573948339999973,21.800823240000003,22.662580490112305,22.687725,-5.137792219613298,0.0,0.4114835098876952
2019-09-26,24.01,24.01,23.389999,23.49,22.687725,10400,23.007526555555557,22.58378114285712,22.583606779999972,21.800659170000003,22.72610855102539,22.871235000000002,-3.2519857342469467,0.03838355102539026,0.0
2019-09-27,24.139999,24.139999,23.68,23.68,22.871235,6200,22.93455166666667,22.652770142857122,22.587276979999974,21.803511975000003,22.735782623291016,23.16099,-3.98740446245348,-0.13545237670898302,0.0
2019-09-30,23.75,24.129999,23.639999,23.98,23.16099,13400,22.86157677777778,22.69784290476188,22.595196859999973,21.807240995,22.753084182739258,22.919527,-5.116412916016441,0.0,0.40790581726074393
2019-10-01,23.68,23.98,23.68,23.73,22.919527,4200,22.902357000000002,22.735556809523786,22.605627999999975,21.812100605,22.83147621154785,22.436604,-3.786446643287606,0.0,0.08805078845214709
2019-10-02,23.27,23.629999,23.1,23.23,22.436604,8200,22.87660111111111,22.787068523809502,22.604275779999977,21.815642975,22.754070281982422,22.523533,-2.048771924311574,0.31746628198242277,0.0
2019-10-03,23.25,23.52,22.0,23.32,22.523533,6200,22.782162999999997,22.80868514285712,22.595003699999975,21.81942917,22.61821746826172,22.610456,-3.0093590554814815,0.09468446826171828,0.0
2019-10-04,23.299999,23.58,22.91,23.41,22.610456,5900,22.774650999999995,22.82110314285712,22.585538359999976,21.820548675,22.500747680664062,22.668631,-3.884033828859195,-0.10970831933593672,0.0
2019-10-07,23.299999,23.77,23.299999,23.379999,22.668631,4600,22.77252944444444,22.869865904761884,22.572407299999977,21.82367669,22.420562744140625,21.718449,-4.103662518802402,0.0,0.2480682558593763
2019-10-08,23.280001,23.280001,22.360001,22.4,21.718449,8400,22.621905555555553,22.850845666666643,22.537375119999975,21.821004124999998,22.251008987426758,22.232325,-0.665138448987682,0.5325599874267581,0.0
2019-10-09,22.700001,23.17,22.27,22.93,22.232325,8200,22.571305555555554,22.85951514285712,22.506632139999976,21.822427724999997,22.145919799804688,22.358368,-3.4194513745979602,-0.08640520019531195,0.0
2019-10-10,22.799999,23.360001,22.799999,23.059999,22.358368,3300,22.51432033333333,22.825894380952356,22.473580719999973,21.8243384,22.152257919311523,22.203236000000004,-3.9364315700468064,0.0,0.20611008068847525
2019-10-11,23.450001,23.68,22.9,22.9,22.203236,8800,22.40790322222222,22.783046619047592,22.445346699999973,21.825044015,22.14693832397461,22.39715,-3.2884789346086865,-0.05629767602539104,0.0
2019-10-14,22.799999,23.26,22.6,23.1,22.39715,8600,22.349861333333333,22.72229728571426,22.435092379999972,21.827434874999998,22.05248260498047,22.639546999999997,-4.5347073377468945,-0.34466739501953114,0.0
2019-10-15,23.5,23.639999,22.9,23.35,22.639547,8200,22.372410555555557,22.679989571428546,22.462911059999975,21.83261223,22.1539306640625,22.484413000000004,-5.1223526164346955,0.0,0.4856163359375003
2019-10-16,23.5,23.5,22.91,23.190001,22.484413,5600,22.368063888888887,22.61649666666664,22.45884481999997,21.83510542,22.249080657958984,22.309887,-4.057439851085019,0.0,0.2353323420410156
2019-10-17,23.190001,23.190001,23.01,23.01,22.309887,4200,22.334667333333332,22.604943428571403,22.45592409999997,21.840352115,22.261600494384766,22.435932,-3.252496764951047,-0.048286505615234177,0.0
2019-10-18,22.879999,23.4,22.879999,23.139999,22.435932,6100,22.308811888888886,22.593873190476163,22.445865839999975,21.849902875,22.234128952026367,23.163111,-3.9147367637035435,-0.2018030479736339,0.0
2019-10-21,23.360001,23.889999,23.360001,23.889999,23.163111,10700,22.469329888888886,22.583855809523783,22.453828139999974,21.863662060000003,22.359403610229492,22.930416,-6.406845767429741,0.0,0.8037073897705085
2019-10-22,23.780001,23.780001,22.91,23.65,22.930416,7500,22.546895555555555,22.595872571428544,22.453659559999974,21.865812585000004,22.398000717163086,21.92206,-5.293865889373838,0.0,0.5324152828369151
2019-10-23,23.309999,23.309999,22.360001,22.610001,21.92206,21700,22.498416888888887,22.559412333333306,22.427915079999977,21.864885795000006,22.33698844909668,22.22263,-1.2074857975606492,0.41492844909668136,0.0
2019-10-24,22.959999,23.01,22.77,22.92,22.22263,15000,22.50057177777778,22.51886785714283,22.412624939999972,21.865893070000006,22.299978256225586,21.980234,-2.705155950150156,0.0,-0.07734825622558716
2019-10-25,22.92,23.049999,22.450001,22.67,21.980234,28800,22.454247777777777,22.48517780952378,22.392293739999978,21.86559254000001,22.24139976501465,22.135366,-1.8906053594413466,0.26116576501464905,0.0
2019-10-28,22.969999,22.969999,22.67,22.83,22.135366,9800,22.398227666666667,22.450136428571398,22.388200679999976,21.86870293000001,22.091150283813477,21.553621,-3.2363106271858157,0.0,0.044215716186524645
2019-10-29,22.690001,22.690001,22.23,22.23,21.553621,10600,22.294806333333334,22.373595047619016,22.37305219999998,21.86828172000001,21.8973331451416,22.106277,-1.496477079884835,0.34371214514160187,0.0
2019-10-30,21.860001,22.9,21.860001,22.799999,22.106277,14000,22.272183,22.334868857142823,22.37958115999998,21.87254034000001,21.79583740234375,22.067495,-4.404217726747486,0.0,0.3104395976562486
2019-10-31,22.690001,22.9,22.440001,22.76,22.067495,13100,22.231245555555557,22.317292238095206,22.387266119999982,21.87588635000001,21.7529239654541,21.766932,-4.424762893435412,0.0,0.3145710345458994
2019-11-01,22.82,22.82,22.24,22.450001,21.766932,16400,22.076114555555552,22.281263619047586,22.388746719999983,21.878831535000014,21.716936111450195,21.844496,-3.2653222979803207,-0.0499958885498053,0.0
2019-11-04,22.43,22.77,21.99,22.530001,21.844496,16000,21.955456777777773,22.2447893333333,22.40839111999998,21.88470398500001,21.637996673583984,21.844496,-3.959184584217348,0.0,0.0
2019-11-05,22.49,22.530001,22.030001,22.530001,21.844496,15400,21.94683855555555,22.205544809523776,22.414899979999976,21.89278046500001,21.625608444213867,21.902668,-4.014170064999693,-0.21888755578613228,0.0
2019-11-06,22.530001,22.84,22.209999,22.59,21.902668,26400,21.911287222222217,22.21431714285711,22.433389779999974,21.90028536500001,21.659631729125977,21.844496,-4.118496108340077,0.0,0.2430362708740219
2019-11-07,22.65,22.75,22.25,22.530001,21.844496,16200,21.896205222222218,22.19584909523806,22.441830379999974,21.90745149500001,21.63129425048828,21.854191,-3.9889334648130617,-0.21320174951171822,0.0
2019-11-08,22.290001,22.629999,22.18,22.540001,21.854191,12500,21.86496355555555,22.171840666666633,22.434624959999972,21.91155170500001,21.599971771240234,21.892971000000003,-4.170493287732178,-0.25421922875976577,0.0
2019-11-11,22.27,22.59,22.26,22.58,21.892971,6600,21.90266911111111,22.15706614285711,22.429933679999973,21.91709157000001,21.597919464111328,21.834799000000004,-4.349338068594642,0.0,0.29505153588867117
2019-11-12,22.43,22.860001,22.290001,22.52,21.834799,13000,21.872504888888884,22.13028752380949,22.439532499999974,21.92301137000001,21.62412452697754,21.815407,-3.9781326510766455,0.0,0.21067447302246123
2019-11-13,22.309999,22.629999,22.23,22.5,21.815407,4400,21.844495111111105,22.091042761904728,22.434448959999973,21.930032055000016,21.596481323242188,21.640883999999996,-4.015638563368055,0.0,0.21892567675781294
2019-11-14,22.629999,22.629999,22.200001,22.32,21.640884,12700,21.83048977777777,22.05087471428568,22.42027307999997,21.93522184500002,21.58001708984375,21.524534000000003,-3.315335618979616,0.0,0.06086691015624979
2019-11-15,22.5,22.51,22.1,22.200001,21.524534,15600,21.79493844444444,22.01347695238092,22.41787149999997,21.93939866000002,21.564481735229492,21.611797,-2.8626992619077276,0.03994773522949302,0.0
2019-11-18,22.139999,22.4,22.110001,22.290001,21.611797,3600,21.769082999999995,21.974232428571398,22.40774995999997,21.94405970500002,21.523651123046875,21.650577999999996,-3.438088122800556,-0.08814587695312426,0.0
2019-11-19,22.18,22.58,22.15,22.33,21.650578,11200,21.741072999999993,21.902207047619015,22.39975619999997,21.948004285000014,21.482393264770508,21.204576,-3.795820578725887,0.0,0.16818473522949162
2019-11-20,22.209999,22.5,21.870001,21.870001,21.204576,17900,21.669970777777774,21.820024190476158,22.362559639999972,21.95096462000002,21.428607940673828,21.621492,-2.0182580665001817,0.2240319406738287,0.0
2019-11-21,22.190001,22.299999,22.01,22.299999,21.621492,9700,21.644115333333325,21.805711428571396,22.33292869999997,21.95648868000002,21.38190269470215,21.757235,-4.117023975193233,-0.2395893052978515,0.0
2019-11-22,22.360001,22.49,22.1,22.440001,21.757235,6800,21.62903355555555,21.78354976190473,22.29461567999997,21.962212310000023,21.384855270385742,21.766932,-4.702075234373905,-0.37237972961425925,0.0
2019-11-25,22.43,22.639999,22.110001,22.450001,21.766932,20600,21.62149277777777,21.77339252380949,22.25939413999997,21.964870030000025,21.419891357421875,21.602098,-4.588461455204948,0.0,0.3470406425781256
2019-11-26,22.4,22.59,22.280001,22.280001,21.602098,7600,21.597791777777772,21.74799880952378,22.215080819999972,21.965074525000027,21.43381690979004,21.718449,-3.797953555791849,-0.16828109020996251,0.0
2019-11-27,22.34,22.49,22.24,22.4,21.718449,3700,21.606410111111106,21.755847761904732,22.198399699999968,21.964183775000027,21.479476928710938,21.660275,-4.109477996826166,0.0,0.23897207128906217
2019-11-29,22.08,22.4,22.0,22.34,21.660275,9500,21.621492444444442,21.734609571428543,22.17823705999997,21.96300215500003,21.478988647460938,21.262751000000005,-3.8541242280172887,0.0,0.1812863525390611
2019-12-02,22.030001,22.139999,21.700001,21.93,21.262751,15400,21.582709555555553,21.6962884285714,22.13602255999997,21.96165365000003,21.405479431152344,21.204576,-2.3917946595880344,0.0,-0.14272843115234224
2019-12-03,21.790001,21.950001,21.67,21.870001,21.204576,8800,21.533153777777777,21.66950957142854,22.10655279999997,21.96034965000003,21.29094696044922,21.19488,-2.647709250451245,0.0,-0.08637096044921933
2019-12-04,21.870001,22.030001,21.75,21.860001,21.19488,5600,21.532076444444446,21.638575476190447,22.076695899999972,21.96081788500003,21.192148208618164,20.942791,-3.055136142865851,0.0,0.002731791381837212
2019-12-05,20.959999,21.780001,20.959999,21.6,20.942791,7400,21.456665222222224,21.59563714285711,22.034070439999972,21.95849244500003,20.993993759155273,21.233664,-2.805584448355222,0.051202759155273725,0.0
2019-12-06,21.700001,22.09,21.42,21.9,21.233664,31700,21.398490666666667,21.563779809523776,22.004989219999974,21.95824427500003,20.917482376098633,21.291838,-4.4863818442984735,-0.31618162390136817,0.0
2019-12-09,22.139999,22.190001,21.959999,21.959999,21.291838,7100,21.34570244444445,21.53746276190473,21.973401279999976,21.95857445000003,20.941184997558594,21.417881,-4.639408236955776,-0.35065300244140474,0.0
2019-12-10,22.18,22.18,21.82,22.09,21.417881,9700,21.32523388888889,21.516686095238065,21.938539099999975,21.959582740000027,20.988651275634766,21.427578,-4.985734379199793,-0.42922972436523565,0.0
2019-12-11,21.950001,22.1,21.85,22.1,21.427578,10700,21.29291488888889,21.494524523809492,21.908700119999978,21.958531315000027,21.014467239379883,21.379099,-4.911912943982437,0.0,0.41311076062011765
2019-12-12,21.959999,22.190001,21.92,22.049999,21.379099,10800,21.261673111111115,21.472824523809493,21.887550019999978,21.960303965000026,21.145723342895508,21.505144,-4.101023574216452,-0.23337565710449226,0.0
2019-12-13,21.93,22.18,21.93,22.18,21.505144,9500,21.28860566666667,21.458050095238065,21.867182239999973,21.958107130000027,21.193065643310547,21.524534000000003,-4.449658957121068,-0.3120783566894545,0.0
2019-12-16,22.110001,22.35,22.049999,22.200001,21.524534,15100,21.324156555555557,21.452509619047593,21.84546379999997,21.95974451000003,21.21810531616211,21.359706999999997,-4.422953331569179,0.0,0.3064286838378898
2019-12-17,22.059999,22.299999,22.01,22.030001,21.359707,11100,21.34247066666667,21.444660714285686,21.81928531999997,21.960509865000027,21.229652404785156,21.369406,-3.632993912323664,-0.13005459521484397,0.0
2019-12-18,22.16,22.24,21.99,22.040001,21.369406,8400,21.389872333333336,21.433118285714258,21.81230445999997,21.961467420000027,21.250057220458984,21.495447,-3.584136768147224,-0.11934877954101708,0.0
2019-12-19,22.190001,22.25,21.940001,22.17,21.495447,7800,21.418959333333333,21.42573109523807,21.797566899999975,21.963390590000028,21.268043518066406,21.92206,-4.068364826042379,-0.2274034819335924,0.0
2019-12-20,22.219999,22.610001,22.01,22.610001,21.92206,69700,21.488984,21.459896999999973,21.788840739999976,21.966488555000023,21.339656829833984,21.58271,-5.618505590362495,0.0,0.582403170166014
2019-12-23,22.52,22.559999,22.26,22.26,21.58271,8800,21.50729833333333,21.458050238095215,21.776430219999973,21.96511078000002,21.382844924926758,21.476055,-3.940498989547366,0.0,0.19986507507324092
2019-12-24,22.68,22.68,22.08,22.15,21.476055,6500,21.51268466666666,21.44466071428569,21.758008319999977,21.963774680000025,21.437795639038086,21.417881,-3.2153695754488156,0.0,0.03825936096191285
2019-12-26,22.49,22.49,21.799999,22.09,21.417881,6400,21.516993777777774,21.428039238095216,21.733574999999977,21.961764400000025,21.455148696899414,21.524534000000003,-2.8739307519265993,0.03726769689941278,0.0
2019-12-27,22.34,22.34,22.01,22.200001,21.524534,9000,21.519148222222217,21.424345714285693,21.714377419999977,21.959904075000026,21.465774536132812,21.330622,-3.3073262648375006,0.0,0.05875946386718667
2019-12-30,22.299999,22.299999,21.93,22.0,21.330622,4800,21.49760244444444,21.405877761904737,21.694792119999978,21.953959805000025,21.403602600097656,21.563316,-2.7108972722833804,0.0729806000976545,0.0
2019-12-31,22.09,22.41,22.09,22.24,21.563316,9400,21.52022566666666,21.40126066666664,21.677339799999977,21.949418570000024,21.364709854125977,21.456663,-3.9356571307285155,0.0,0.1986061458740238
2020-01-02,22.280001,22.280001,22.030001,22.129999,21.456663,7300,21.52992088888888,21.410494571428547,21.643210839999973,21.946356435000027,21.32686996459961,21.136703,-3.6291417609209655,0.0,0.12979303540038956
2020-01-03,21.950001,22.209999,21.799999,21.799999,21.136703,5400,21.49006044444444,21.4072625238095,21.607336579999973,21.943706875000025,21.279338836669922,21.417881,-2.388349482631067,0.1426358366699212,0.0
2020-01-06,21.799999,22.26,21.610001,22.09,21.417881,15200,21.43404055555555,21.4178816190476,21.597252999999974,21.940546655000027,21.227426528930664,21.350014,-3.904814264686898,0.0,0.19045447106933722
2020-01-07,21.940001,22.25,21.76,22.02,21.350014,7200,21.40818544444444,21.43727319047617,21.579800679999977,21.938053305000025,21.202709197998047,21.320923000000004,-3.7115840236237636,0.0,0.14730480200195473
2020-01-08,21.99,22.27,21.99,21.99,21.320923,11400,21.390948555555553,21.44142838095236,21.566614459999972,21.935797800000028,21.174896240234375,21.718449,-3.706701954368456,-0.1460267597656255,0.0
2020-01-09,22.24,22.540001,22.0,22.4,21.718449,44100,21.424345,21.46174319047617,21.558276119999974,21.93878805500003,21.208730697631836,21.883276,-5.318166528429298,-0.5097183023681637,0.0
2020-01-10,22.68,22.68,22.049999,22.57,21.883276,27500,21.46420522222222,21.483904857142836,21.564869219999974,21.941644175000025,21.31938934326172,22.067495,-5.541030822943205,-0.5638866567382799,0.0
2020-01-13,22.59,22.950001,22.17,22.76,22.067495,25000,21.54608,21.514377095238075,21.564093579999973,21.943361090000025,21.450546264648438,21.495447,-5.753311666746766,0.0,0.6169487353515635
2020-01-14,22.67,22.74,22.120001,22.17,21.495447,23400,21.538539,21.519917476190457,21.55265261999997,21.943894765000028,21.538320541381836,21.699057,-2.849253309058032,0.0428735413818373,0.0
2020-01-15,22.25,22.6,22.059999,22.379999,21.699057,20100,21.56547166666667,21.52915142857141,21.551295119999974,21.946835985000025,21.58429527282715,21.728143999999997,-3.5554234259476645,-0.11476172717285138,0.0
2020-01-16,22.370001,22.559999,22.23,22.41,21.728144,12100,21.631187333333337,21.538847142857122,21.548968079999973,21.95035386000002,21.59119415283203,21.873581,-3.653752106952115,-0.1369498471679691,0.0
2020-01-17,22.549999,22.85,21.860001,22.559999,21.873581,73600,21.68182066666667,21.563317333333313,21.549549779999975,21.95455102000002,21.597015380859375,21.737841,-4.2685446002928735,0.0,0.2765656191406265
2020-01-21,22.549999,22.549999,22.08,22.42,21.737841,14100,21.72491255555556,21.580861857142835,21.546253239999974,21.95620083000002,21.554555892944336,21.718449,-3.860143207206359,0.0,0.1832851070556636
2020-01-22,22.85,22.85,22.299999,22.4,21.718449,19400,21.769082111111114,21.59148099999998,21.543732299999974,21.954963440000018,21.589008331298828,21.48575,-3.6204985209873684,0.0,0.12944066870117155
2020-01-23,22.440001,22.440001,22.110001,22.16,21.48575,10700,21.743226666666672,21.570704333333314,21.536363479999977,21.94933935500002,21.577922821044922,21.301531,-2.6267020710969238,0.0,-0.09217282104492242
2020-01-24,23.41,23.41,21.51,21.969999,21.301531,35300,21.678588333333337,21.557314857142835,21.524534679999977,21.942986595000022,21.61335563659668,20.971878,-1.623319889105692,0.0,-0.31182463659667903
2020-01-27,21.559999,22.18,21.559999,21.629999,20.971878,13600,21.556853111111117,21.53330642857141,21.50727625999998,21.93782392500002,21.462448120117188,21.078531,-0.7746226889923297,0.49057012011718726,0.0
2020-01-28,21.780001,21.92,21.51,21.74,21.078531,42100,21.51052911111112,21.517146904761884,21.492538739999983,21.934974505000024,21.33934211730957,20.942791,-1.8429525422742783,0.0,-0.26081111730956863
2020-01-29,21.540001,21.67,21.450001,21.6,20.942791,4700,21.426499555555562,21.489444857142836,21.47857687999998,21.931350160000026,21.138343811035156,20.748875000000005,-2.1372971711335422,0.0,-0.19555281103515654
2020-01-30,21.4,21.57,21.219999,21.4,20.748875,9500,21.31769188888889,21.461742619047598,21.463063699999985,21.925409230000028,20.959659576416016,20.613134,-2.0576655307662755,0.0,-0.2107845764160139
2020-01-31,21.42,21.93,21.25,21.26,20.613134,23800,21.177642222222225,21.416495857142838,21.44309043999998,21.91903014000003,20.76586151123047,20.876156000000005,-2.324263822998743,0.15272751123047001,0.0
2020-02-03,21.26,21.43,21.23,21.43,20.876156,13300,21.08189944444445,21.388852666666644,21.427601999999982,21.914447220000028,20.691492080688477,20.963833,-3.4461405474172806,-0.18466391931152515,0.0
2020-02-04,21.58,21.610001,20.610001,21.52,20.963833,16400,20.998053222222225,21.38062076190474,21.422787139999983,21.90857081500003,20.61056137084961,21.382717,-4.2260159347137085,-0.3532716291503917,0.0
2020-02-05,21.65,21.950001,21.629999,21.950001,21.382717,17000,20.986605111111114,21.378946285714264,21.418011639999982,21.907675275000035,20.65986442565918,21.158661,-5.877615105078221,0.0,0.7228525743408198
2020-02-06,21.68,21.879999,21.68,21.719999,21.158661,21300,20.970730666666668,21.369834238095216,21.40604015999998,21.905226505000037,20.73453712463379,21.558065,-4.537117498790917,-0.42412387536620955,0.0
2020-02-07,21.84,22.139999,21.65,22.129999,21.558065,7300,21.035862555555557,21.381126714285692,21.401862819999977,21.902850450000038,20.826765060424805,21.450911,-5.888992311184455,0.0,0.7312999395751945
2020-02-10,22.1,22.33,21.83,22.02,21.450911,14400,21.07723811111111,21.368386809523788,21.398839079999973,21.905134245000035,20.965612411499023,21.41194,-4.788317840603888,0.0,0.48529858850097796
2020-02-11,21.940001,22.27,21.9,21.98,21.41194,5100,21.129365777777778,21.345942238095216,21.392708899999974,21.906886425000035,21.1028995513916,21.431427,-3.990447900857138,-0.30904044860839974,0.0
2020-02-12,22.139999,22.139999,21.9,22.0,21.431427,16800,21.205204888888886,21.315653285714262,21.388131939999976,21.907389030000036,21.150257110595703,21.558065,-3.86246767911044,-0.2811698894042962,0.0
2020-02-13,22.110001,22.139999,22.049999,22.129999,21.558065,1700,21.310197222222218,21.318635095238072,21.394038219999974,21.905012975000037,21.21161460876465,21.139181,-4.149952249140874,0.0,0.3464503912353507
2020-02-14,22.26,22.26,21.700001,21.700001,21.139181,10700,21.33942222222222,21.29197433333331,21.392730319999973,21.902755455000033,21.22041130065918,21.236593,-2.210090678524949,0.08123030065917902,0.0
2020-02-18,21.870001,21.950001,21.65,21.799999,21.236593,3300,21.369728888888886,21.268567142857123,21.393564579999975,21.89896446500003,21.168716430664062,21.178145999999998,-2.895791735292911,0.0,0.06787656933593667
2020-02-19,21.780001,21.82,21.65,21.74,21.178146,7000,21.346998777777774,21.235451190476173,21.398271679999976,21.89425584000003,21.113393783569336,21.187886999999996,-2.882273304648862,-0.06475221643066575,0.0
2020-02-20,21.73,21.799999,21.700001,21.75,21.187887,9400,21.350246111111105,21.209262904761886,21.397356139999975,21.89026942500003,21.053720474243164,21.148922,-3.201285175893499,0.0,0.13416652575683585
2020-02-21,21.84,21.84,21.65,21.709999,21.148922,8400,21.304785777777774,21.18214257142855,21.394497819999973,21.888253025000036,20.987382888793945,21.187886999999996,-3.3284944472178677,-0.16153911120605358,0.0
2020-02-24,21.5,21.75,21.5,21.75,21.187887,8600,21.275560888888883,21.167958619047596,21.389897939999972,21.88494012000004,20.923179626464844,21.119694,-3.8014729817708335,0.0,0.26470737353515617
2020-02-25,21.65,21.68,21.549999,21.68,21.119694,20600,21.243089111111107,21.15929971428569,21.38374025999997,21.88195975500004,20.895139694213867,20.827448,-3.6202043624821614,0.0,0.2245543057861319
2020-02-26,21.82,21.82,21.129999,21.379999,20.827448,34100,21.17598033333333,21.152422095238073,21.372707239999972,21.87751816000004,20.86307716369629,20.223473,-2.4177823221774353,0.0,-0.03562916369628866
2020-02-27,21.209999,21.299999,20.59,20.76,20.223473,16300,21.027692333333334,21.111705047619026,21.347073819999974,21.87443447500004,20.713558197021484,19.336992,-0.2237081068329344,0.0,-0.4900851970214859
2020-02-28,20.6,20.790001,19.85,19.85,19.336992,20700,20.82744911111111,21.035238428571407,21.303322979999976,21.864561120000033,20.429779052734375,19.483114,2.9208012732210253,1.0927870527343764,0.0
2020-03-02,20.0,20.0,19.799999,20.0,19.483114,55700,20.632618111111114,20.97496409523807,21.265791119999975,21.854504320000032,20.109960556030273,19.229834,0.5498027801513672,0.0,-0.626846556030273
2020-03-03,20.0,20.0,18.860001,19.74,19.229834,10700,20.416139,20.909092666666645,21.222999679999976,21.843854620000034,19.712732315063477,18.986294,-0.13813416887802368,0.0,-0.48289831506347625
2020-03-04,19.690001,19.74,19.25,19.49,18.986294,13400,20.17151755555556,20.819099238095216,21.172816619999978,21.832756950000036,19.31977081298828,18.090071,-0.873418096519842,0.0,-0.33347681298828036
2020-03-05,19.280001,19.450001,18.09,18.57,18.090071,14200,19.831645222222228,20.682253428571407,21.096176839999977,21.81607170500003,18.908428192138672,17.291264,1.8224458381188562,0.0,-0.8183571921386736
2020-03-06,18.200001,18.5,17.629998999999994,17.75,17.291264,11800,19.39868711111112,20.48742233333331,21.010347919999976,21.795825385000036,18.465011596679688,15.508559,4.028234347491197,0.0,-1.1737475966796858
2020-03-09,17.209999,17.91,15.47,15.92,15.508559,14900,18.775227666666673,20.218369857142836,20.89099799999998,21.767339040000035,17.79351234436035,15.878738000000002,11.768293620353967,2.2849533443603516,0.0
2020-03-10,15.66,16.870001000000002,15.21,16.299999,15.878738,33500,18.225371000000006,19.94792571428569,20.780215139999978,21.744023015000035,17.071779251098633,15.693648000000001,4.734848456730783,0.0,-1.1930412510986326
2020-03-11,16.700001,17.360001,15.5,16.110001,15.693648,20700,17.722057111111116,19.67377033333331,20.663597419999977,21.717279950000037,16.445613861083984,13.959651000000001,2.083257853826228,0.0,-0.7519658610839848
2020-03-12,14.6,15.15,12.08,14.33,13.959651,192800,17.124574777777784,19.318899428571406,20.51617799999998,21.68220367000004,15.530635833740234,13.384898,8.378477555758788,0.0,-1.5709848337402352
2020-03-13,15.0,16.440001000000002,13.3,13.74,13.384898000000002,242500,16.446995222222228,18.935731380952358,20.35260963999998,21.644253625000044,14.90803337097168,11.923666,8.500970676649777,0.0,-1.5231353709716782
2020-03-16,12.56,13.0,11.9,12.24,11.923666,43900,15.63519877777778,18.476950476190456,20.161949699999976,21.598756855000044,14.06480884552002,11.056667,14.908568999346564,0.0,-2.1411428455200188
2020-03-17,12.25,12.99,10.83,11.35,11.056667,557600,14.754129111111114,17.99683076190474,19.960348979999974,21.54935807000004,13.347477912902832,10.101995,17.598924342756234,0.0,-2.290810912902833
2020-03-18,11.08,11.61,10.26,10.37,10.101995,53200,13.866565111111113,17.46661180952379,19.734031259999973,21.493165405000042,12.204401016235352,10.920285,17.689498710080546,2.102406016235351,0.0
2020-03-19,10.45,11.27,10.31,11.21,10.920285,50400,13.158678555555559,16.978142238095216,19.525436679999974,21.440967960000044,11.482710838317871,13.862235,2.4327461045305103,0.5624258383178713,0.0
2020-03-20,11.02,14.23,10.09,14.23,13.862235,81500,12.97575366666667,16.629301666666645,19.376262919999977,21.40651106500004,10.979656219482422,11.689868,-22.84148826786773,0.0,2.882578780517578
2020-03-23,14.32,14.32,10.64,12.0,11.689868,82600,12.510323666666672,16.1788705238095,19.17569129999998,21.36056691500004,11.069074630737305,13.102394000000002,-7.757711410522461,-0.6207933692626959,0.0
2020-03-24,12.1,13.64,11.92,13.45,13.102394,39100,12.22240655555556,15.793847047619025,19.000073659999977,21.32048271500004,11.134344100952148,11.952889999999998,-17.216772483627143,0.0,1.9680498990478519
2020-03-25,13.0,13.0,11.86,12.27,11.95289,33800,11.999433111111117,15.35733257142855,18.79778155999998,21.274169925000038,11.485501289367676,12.060047,-6.3936325234908225,-0.46738871063232423,0.0
2020-03-26,12.54,12.54,12.21,12.38,12.060047,32100,11.852227444444448,14.939837285714264,18.609073559999977,21.228296710000038,11.786377906799316,11.105374,-4.795008830377094,0.0,0.27366909320068444
2020-03-27,12.27,12.27,11.34,11.4,11.105374,23900,11.761306111111116,14.505642095238072,18.39719989999998,21.178804695000036,11.644487380981445,11.202791,2.1446261489600436,0.5391133809814459,0.0
2020-03-30,11.68,12.3,11.28,11.5,11.202791,16900,11.777542111111115,14.118299190476167,18.186692839999978,21.129078160000034,11.419633865356445,10.978734999999999,-0.6988359534222147,0.0,-0.2168428653564458
2020-03-31,11.66,12.1,11.08,11.27,10.978735,91700,11.87495766666667,13.713328761904737,17.96879591999998,21.077557850000034,11.171377182006836,9.985095,-0.8750915527343712,0.0,-0.19264218200683558
2020-04-01,11.22,11.5,10.25,10.25,9.985095,77000,11.771047666666671,13.27310309523807,17.73374099999998,21.019914745000033,10.832267761230469,9.741557,5.680661085175305,0.0,-0.8471727612304694
2020-04-02,10.33,10.73,9.57,10.0,9.741557,78100,11.313194555555562,12.8328775238095,17.49420315999998,20.95975505500003,10.365938186645508,9.488276,3.659381866455078,0.0,-0.6243811866455076
2020-04-03,9.97,10.34,9.45,9.74,9.488276,126200,11.068573222222227,12.423268238095213,17.25425367999998,20.897222480000032,9.983501434326172,9.751299,2.500014726141393,0.49522543432617105,0.0
2020-04-06,10.45,10.45,9.9,10.01,9.751299,128400,10.696229333333338,12.06422228571426,17.023249039999982,20.83653421500003,9.695068359375,10.179927,-3.146170236013984,-0.056230640624999495,0.0
2020-04-07,10.19,10.93,10.11,10.45,10.179927,61200,10.49923344444445,11.81047790476188,16.80741001999998,20.77683449500003,9.455357551574707,10.550106,-9.518109554309017,-0.7245694484252923,0.0
2020-04-08,10.84,11.0,10.25,10.83,10.550106,150100,10.331462222222228,11.556733523809498,16.596841519999984,20.72018836000003,9.468076705932617,11.787285,-12.57546901262588,-1.0820292940673824,0.0
2020-04-09,11.27,12.24,11.27,12.1,11.787285,58700,10.407230111111117,11.370716238095213,16.413731399999982,20.671315660000033,9.798297882080078,11.689868,-19.022331553057203,0.0,1.9889871179199226
2020-04-13,12.36,12.36,11.63,12.0,11.689868,35200,10.461349777777784,11.262631333333307,16.232551259999983,20.623928305000035,10.243243217468262,11.797026,-14.639639854431152,-1.4466247825317389,0.0
2020-04-14,12.55,12.73,12.05,12.11,11.797026,32800,10.552271000000006,11.187018380952354,16.056229099999985,20.572747055000036,10.674424171447754,11.495039,-11.854465966575107,0.0,1.1226018285522468
2020-04-15,12.0,12.0,11.33,11.8,11.495039,37400,10.720042555555562,11.166607571428544,15.868606759999984,20.516544005000036,10.945293426513672,10.70597,-7.243276046494311,0.0,0.5497455734863284
2020-04-16,11.7,11.71,10.34,10.99,10.70597,56500,10.827199555555561,11.149907714285687,15.663449499999983,20.459570715000037,11.008261680603027,11.095634,0.16616633851708035,0.3022916806030267,0.0
2020-04-17,11.31,11.68,11.06,11.39,11.095634,35300,11.005794888888895,11.19722385714283,15.457707839999985,20.40281387500004,10.913432121276855,10.861836000000002,-4.184090243398991,0.0,0.18220187872314497
2020-04-20,11.39,11.65,11.12,11.15,10.861836,19400,11.129187888888895,11.194440571428546,15.251771339999983,20.34392589000004,10.749741554260254,10.3845,-3.58976184519952,0.0,0.11209444573974636
2020-04-21,10.91,11.12,10.5,10.66,10.3845,40600,11.151918222222228,11.028834142857116,15.028300039999985,20.28294099000004,10.426051139831543,10.481916,-2.194642215463951,0.04155113983154379,0.0
2020-04-22,10.8,11.03,10.53,10.76,10.481916,20200,11.144341555555563,10.971312619047595,14.808920139999984,20.223988525000042,10.210783958435059,10.764421,-5.104238304506889,-0.2711320415649414,0.0
2020-04-23,10.76,11.27,10.59,11.05,10.764421,30200,11.030690000000007,10.859980571428546,14.595969759999985,20.16557931000004,10.15546703338623,10.335793,-8.0953209648305,0.0,0.60895396661377
2020-04-24,11.03,11.1,10.61,10.61,10.335793,31400,10.880237222222227,10.782975952380927,14.374057079999984,20.10855229500004,10.04594612121582,11.436588,-5.316247679398484,-0.28984687878418036,0.0
2020-04-27,10.91,11.75,10.91,11.74,11.436588,48300,10.840188555555562,10.753287428571403,14.171627539999985,20.05727072500004,10.05486011505127,11.894441,-14.353832069409972,-1.3817278849487309,0.0
2020-04-28,12.25,12.71,11.8,12.21,11.894441,54900,10.88456655555556,10.790862047619022,13.986732739999987,20.006539895000042,10.37020492553711,14.222673000000002,-15.067936727787808,-1.524236074462891,0.0
2020-04-29,13.18,14.81,12.99,14.6,14.222673,83000,11.27531133333334,10.934665952380927,13.846454339999987,19.96831948500004,11.045207977294922,14.183707000000002,-24.347890566473136,0.0,3.1774650227050785
2020-04-30,14.65,14.89,13.4,14.56,14.183707,64400,11.61843055555556,11.087283666666641,13.706565559999987,19.928214005000044,11.785406112670898,13.326448999999998,-19.056276698688887,0.0,2.3983008873291016
2020-05-01,14.47,14.47,13.06,13.68,13.326448999999998,34100,11.89227644444445,11.246395761904736,13.549336799999987,19.883822235000043,12.428828239440918,13.423864999999997,-9.145992401747675,-0.8976207605590805,0.0
2020-05-04,13.61,14.12,13.0,13.78,13.423865,25300,12.229983666666673,11.421743761904736,13.394835659999988,19.837502935000042,12.88328742980957,13.112135999999996,-6.507348114589472,0.0,0.540577570190429
2020-05-05,14.07,14.35,13.06,13.46,13.112135999999998,29800,12.522230333333338,11.594308523809497,13.233320639999986,19.789238635000046,13.167566299438477,12.810147,-2.1726129313634788,0.0,-0.05543029943847877
2020-05-06,13.6,14.0,12.9,13.15,12.810147,37300,12.749533222222228,11.739967952380924,13.067129699999986,19.741299520000045,13.046470642089844,12.731618,-0.7872954974156396,0.0,-0.23632364208984313
2020-05-07,13.25,13.5,12.79,12.97,12.731618,22500,13.015736000000006,11.86147704761902,12.905213099999987,19.692436535000045,12.788501739501953,13.595445000000002,-1.3993697802470895,0.05688373950195391,0.0
2020-05-08,13.25,14.35,13.25,13.85,13.595445000000002,27400,13.255609000000005,12.006493190476164,12.772652539999989,19.645478075000042,12.749324798583984,12.898494,-7.947113367624659,0.0,0.8461202014160172
2020-05-11,13.75,14.33,12.65,13.14,12.898494,43300,13.367170444444449,12.059407904761878,12.643882579999989,19.594551930000044,12.72972583770752,11.681283,-3.122330002225883,0.0,0.16876816229247993
2020-05-12,13.15,13.15,11.9,11.9,11.681283,27000,13.084793777777783,12.05899909523807,12.487845959999989,19.536332425000044,12.490500450134277,11.465327,4.962188656590563,0.0,-0.8092174501342768
2020-05-13,11.84,12.12,11.0,11.68,11.465327,40400,12.78275155555556,12.04320390476188,12.332555819999989,19.476308770000045,12.126178741455078,11.475142000000002,3.8200234713619725,0.6608517414550779,0.0
2020-05-14,11.5,11.97,11.02,11.69,11.475142,66000,12.577050777777783,12.042256428571402,12.182332779999989,19.414837110000043,11.79360580444336,11.53404,0.8862771979757047,0.3184638044433594,0.0
2020-05-15,11.86,12.46,11.36,11.75,11.53404,23100,12.367070222222228,12.081688333333306,12.051212159999988,19.352452615000043,11.402790069580078,12.869044,-2.9549781312333776,-0.13124993041992106,0.0
2020-05-18,12.45,13.25,12.11,13.11,12.869044,39300,12.340060000000006,12.166136428571402,11.96276775999999,19.298723150000043,11.255935668945312,12.368418,-14.142367132377476,0.0,1.613108331054688
2020-05-19,13.02,13.15,11.87,12.6,12.368418,33600,12.290979000000007,12.237878428571403,11.899964939999991,19.246015910000043,11.300849914550781,12.908308999999997,-10.310714963882686,-1.0675680854492189,0.0
2020-05-20,12.98,13.41,12.6,13.15,12.908309,38500,12.310611333333341,12.358059809523782,11.840556359999992,19.204314390000043,11.592119216918945,12.927941,-11.847002152707642,-1.3161897830810538,0.0
2020-05-21,13.0,13.29,12.86,13.17,12.927941,43700,12.23644422222223,12.47453719047616,11.785242219999992,19.15551547000004,11.906742095947266,12.613824,-9.591935490149844,0.0,1.021198904052735
2020-05-22,13.3,13.4,12.67,12.85,12.613824,27700,12.20481422222223,12.56260399999997,11.758325679999992,19.106304975000043,12.154054641723633,12.54511,-5.415917185030092,0.0,0.45976935827636645
2020-05-26,13.29,13.99,12.5,12.78,12.54511,90400,12.300795000000006,12.667809571428542,11.74152991999999,19.054336300000042,12.25536060333252,14.243314000000002,-4.105159598337088,-0.2897493966674798,0.0
2020-05-27,13.49,14.84,12.99,14.51,14.243314000000002,62100,12.609460222222229,12.80146319047616,11.787922879999991,19.011727890000042,12.536955833435059,13.408936,-13.597823339524059,0.0,1.706358166564943
2020-05-28,14.85,14.85,13.66,13.66,13.408936,33000,12.824326222222227,12.873581999999969,11.834968259999993,18.96407834500004,12.794290542602539,13.742686999999998,-6.337550932631486,-0.6146454573974616,0.0
2020-05-29,13.85,14.44,12.97,14.0,13.742687,40900,13.06973144444445,12.850725523809492,11.907782099999995,18.91674536000004,12.939312934875488,13.016288,-7.576336179460798,0.0,0.8033740651245118
2020-06-01,14.06,14.06,13.12,13.26,13.016288,28900,13.086091888888895,12.79513414285711,11.949702159999994,18.866891115000037,13.051688194274902,12.810148,-1.570978927036934,0.0,-0.03540019427490293
2020-06-02,13.38,13.94,12.81,13.05,12.810148,47600,13.135173000000004,12.770548380952349,11.928660419999995,18.815957885000035,13.064730644226074,14.459270000000002,0.11287849981665524,0.25458264422607435,0.0
2020-06-03,13.31,14.92,13.31,14.73,14.459270000000002,44700,13.307502000000003,12.819853380952349,11.984048459999991,18.776554140000034,13.075785636901855,14.635962000000001,-11.23024007534382,-1.3834843630981464,0.0
2020-06-04,14.53,15.67,14.53,14.91,14.635962,44200,13.497282111111113,12.89241652380949,12.014719819999991,18.738178725000033,13.228734970092773,16.059313,-11.276090073153767,-1.4072270299072258,0.0
2020-06-05,15.75,16.58,15.01,16.360001,16.059313,56200,13.880114222222225,13.047138714285682,12.09684827999999,18.709576145000035,13.677447319030762,15.018793,-16.397026387524296,0.0,2.381865680969238
2020-06-08,16.83,16.83,14.57,15.3,15.018793,70100,14.154967888888892,13.156051809523778,12.156023199999987,18.676253875000036,14.165162086486816,15.323094999999999,-7.417241264792055,-0.8536309135131841,0.0
2020-06-09,15.04,15.88,14.76,15.61,15.323095,84600,14.27494355555556,13.238320857142826,12.240377619999988,18.64440484000004,14.583759307861328,15.215117,-6.5742517113303744,0.0,0.7393356921386722
2020-06-10,15.53,15.93,14.98,15.5,15.215117,54800,14.475630333333335,13.348636238095207,12.320624139999985,18.61616904500004,14.863462448120117,13.801584,-4.106693883096018,0.0,0.35165455187988215
2020-06-11,14.71,15.34,13.95,14.06,13.801584,71800,14.482174444444446,13.44960295238092,12.377081119999987,18.57758170000004,14.7776517868042,14.469086,5.104209009987189,0.9760677868041991,0.0
2020-06-12,14.57,14.89,14.21,14.74,14.469086,39300,14.643596444444446,13.592639095238063,12.466760939999986,18.54503624000004,14.49433422088623,15.274014,-1.6666606452765926,0.02524822088622969,0.0
2020-06-15,14.26,16.42,14.23,15.56,15.274014,76200,14.917359333333334,13.77353776190473,12.577410079999986,18.51429398000004,14.360296249389648,16.069128,-7.710178345824885,-0.9137177506103509,0.0
2020-06-16,16.27,17.059998999999998,15.91,16.370001000000002,16.069128,84000,15.096232444444446,13.989494333333301,12.709027119999984,18.48356731000004,14.584137916564941,15.961149,-10.909364534767349,0.0,1.4849900834350578
2020-06-17,16.58,16.83,15.9,16.26,15.961149,66200,15.243475444444446,14.136737428571397,12.833224119999985,18.452735380000043,14.785265922546387,16.304717999999998,-9.069705273392465,-1.175883077453614,0.0
2020-06-18,16.389999,17.139999,16.209999,16.610001,16.304717999999998,73800,15.270742666666669,14.324180285714252,12.955719939999984,18.427484680000042,15.214069366455078,15.568501,-8.404163452759107,0.0,1.0906486335449195
2020-06-19,16.85,16.879998999999998,15.69,15.86,15.568501,235500,15.331821333333336,14.450856095238063,13.056087839999982,18.394979265000043,15.614992141723633,16.128025,-1.5448162564714163,0.046491141723633334,0.0
2020-06-22,16.0,16.48,15.64,16.43,16.128025,72400,15.421258000000003,14.603241047619017,13.142902639999981,18.363871000000042,15.806321144104004,16.766077,-3.7959759944978444,-0.32170385589599704,0.0
2020-06-23,16.68,17.139999,16.58,17.08,16.766077,117700,15.593586888888893,14.800967380952349,13.24442681999998,18.339478320000044,15.905665397644043,15.892437,-6.8754953299529005,0.0,0.8604116023559563
2020-06-24,16.709999,16.84,15.37,16.190001000000002,15.892437,92900,15.825903888888895,14.96036390476187,13.32633503999998,18.308351135000045,15.89054012298584,16.098576,-1.849665586890096,-0.001896877014159415,0.0
2020-06-25,16.129998999999998,16.59,16.129998999999998,16.4,16.098576,75300,16.00695833333334,15.048709714285678,13.41840577999998,18.278592685000042,15.826679229736328,15.499787,-3.495858355266283,0.0,0.2718967702636732
2020-06-26,16.18,16.18,15.37,15.79,15.499787,710200,16.03204422222223,15.148274047619013,13.51428211999998,18.240769600000043,15.889998435974121,15.666662,0.633302317758847,0.39021143597412156,0.0
2020-06-29,16.059998999999998,16.469998999999998,15.62,15.96,15.666662,71900,15.987325777777784,15.23989190476187,13.605702679999979,18.20358771500004,15.870485305786133,15.990598,-0.5608690113650879,0.20382330578613228,0.0
2020-06-30,15.87,16.309998999999998,15.83,16.290001,15.990598,109100,15.990597888888894,15.38152571428568,13.708277919999977,18.165176275000043,15.699336051940918,15.342728,-3.625935615713481,0.0,0.29126194805908234
2020-07-01,16.299999,16.299999,15.54,15.63,15.342728,42400,15.883710111111116,15.502124761904728,13.807442479999978,18.124249870000043,15.620068550109863,14.910814999999998,-0.06354094619409788,0.0,-0.277340550109864
2020-07-02,15.98,15.98,14.83,15.19,14.910815,42400,15.810633888888892,15.523626904761871,13.896020459999978,18.079715125000043,15.424237251281738,15.362360000000002,1.5420490538626648,0.5134222512817388,0.0
2020-07-06,15.33,15.91,15.33,15.65,15.36236,42200,15.725560000000002,15.558217285714253,13.987979239999976,18.043764400000043,15.179469108581543,14.38074,-3.0065871656131464,0.0,0.1828908914184577
2020-07-07,15.46,15.79,14.32,14.65,14.38074,74700,15.460522555555558,15.478285238095205,14.068878179999977,18.002326065000045,14.983128547668457,14.822469999999997,2.273915001149875,0.6023885476684576,0.0
2020-07-08,14.55,15.43,14.55,15.1,14.82247,51000,15.341637333333336,15.468936523809491,14.136595819999975,17.959571035000042,14.723013877868652,13.693604999999996,-2.496596835306936,0.0,0.0994561221313468
2020-07-09,15.14,15.14,13.34,13.95,13.693604999999998,53700,15.074418333333334,15.391341761904728,14.172579099999975,17.91464874000004,14.41232681274414,14.184416,3.314170700674848,0.7187218127441426,0.0
2020-07-10,13.78,14.84,13.78,14.45,14.184416,36200,14.928266,15.342260761904727,14.171813959999977,17.87213219500004,14.148353576660156,14.135334,-2.0875185006217514,0.0,0.03606242333984433
2020-07-13,14.68,14.68,14.14,14.4,14.135334,18400,14.758118444444445,15.358153619047584,14.170846499999977,17.827438545000042,13.912030220031738,14.25313,-3.3886790275573753,-0.223303779968262,0.0
2020-07-14,14.34,14.62,14.15,14.52,14.25313,34500,14.565066444444446,15.347869999999965,14.189380119999978,17.785265570000043,13.773612022399902,14.87155,-5.140413068871194,-0.4795179776000982,0.0
2020-07-15,14.7,15.49,14.69,15.15,14.87155,57500,14.512713333333336,15.328705047619012,14.218333819999977,17.745267145000042,13.792726516723633,14.645778,-8.958900879711997,0.0,1.0788234832763663
2020-07-16,15.23,15.24,14.52,14.92,14.645778,18000,14.483264777777784,15.260926476190443,14.249006659999978,17.70269108500004,13.922325134277344,14.066622000000002,-6.686828858730939,0.0,0.7234528657226562
2020-07-17,14.77,14.86,14.13,14.33,14.066622,24200,14.339293888888895,15.170710904761872,14.274136159999978,17.65842656000004,13.979066848754883,13.929194000000003,-2.4489403436505044,0.0,0.08755515124511781
2020-07-20,14.25,14.66,14.0,14.19,13.929194,19600,14.289122111111116,15.057590714285682,14.298087679999979,17.61588951000004,13.938470840454102,14.5378,-1.7725804055383927,0.009276840454100821,0.0
2020-07-21,14.36,15.24,14.31,14.81,14.5378,35400,14.257492111111114,15.008509714285681,14.316934779999976,17.57596084500004,13.987229347229004,14.488718,-5.555507446124217,0.0,0.5505706527709968
2020-07-22,14.68,14.98,14.48,14.76,14.488718,14500,14.345838000000006,14.930447476190444,14.348739259999975,17.53535215500004,13.915946960449219,14.626144,-5.718516528121823,-0.5727710395507817,0.0
2020-07-23,14.76,15.23,14.43,14.9,14.626144,23500,14.394918888888895,14.828545904761873,14.407636479999974,17.49513972000004,13.8945894241333,15.31328,-6.747721985682547,-0.7315545758666993,0.0
2020-07-24,15.19,15.84,15.05,15.6,15.31328,29100,14.525801777777783,14.800966999999972,14.484595539999972,17.46311387500004,14.085609436035156,14.74394,-9.707631820287457,0.0,1.2276705639648444
2020-07-27,15.55,15.59,14.66,15.02,14.74394,19500,14.580336222222229,14.736460523809496,14.549971499999971,17.42567195000004,14.275751113891602,14.606513,-4.955052504050586,0.0,0.4681888861083987
2020-07-28,14.95,15.42,14.8,14.88,14.606513,19600,14.550887666666673,14.693923666666638,14.61142095999997,17.38691267500004,14.338112831115723,15.460522999999998,-3.6417148446524066,-0.268400168884277,0.0
2020-07-29,15.1,15.95,15.1,15.75,15.460523,26800,14.641414888888894,14.684107523809498,14.66325053999997,17.35319911000004,14.490838050842285,15.342728,-7.994679042271205,0.0,0.9696849491577151
2020-07-30,15.68,15.87,15.02,15.63,15.342728,32100,14.783204444444449,14.653256571428548,14.722736739999968,17.317927000000044,14.637468338012695,14.478902,-6.350170582132472,0.0,0.7052596619873039
2020-07-31,15.45,15.77,14.53,14.75,14.478902,49200,14.844283111111118,14.612121999999975,14.754148599999967,17.277123775000042,14.584722518920898,14.420004,-1.120525295451536,0.0,-0.10582051892089872
2020-08-03,14.96,14.96,14.55,14.69,14.420004,25700,14.831194666666672,14.588750047619023,14.783989859999965,17.23680173000004,14.505539894104004,14.429820000000001,-1.2556848597412906,0.08553589410400342,0.0
2020-08-04,14.68,14.72,14.19,14.7,14.42982,22500,14.824650444444451,14.544343380952355,14.820309779999963,17.19740139500004,14.404693603515625,14.773389000000003,-2.008887050914111,-0.025126396484374425,0.0
2020-08-05,14.7,15.13,14.59,15.05,14.773389000000002,24200,14.841011000000005,14.563040952380927,14.864875359999962,17.15908868000004,14.270482063293457,14.694334,-5.1795211741298575,0.0,0.5029069367065446
2020-08-06,15.02,15.02,14.71,14.87,14.694334,6300,14.772239222222229,14.556939238095213,14.87389575999996,17.11674479500004,14.1398344039917,15.791220999999998,-4.910326805704774,-0.5544995960083003,0.0
2020-08-07,14.91,16.02,14.91,15.98,15.791220999999998,33000,14.888603777777783,14.65682571428569,14.92154145999996,17.08104882000004,14.216569900512695,15.722048,-11.035232161998154,0.0,1.574651099487303
2020-08-10,16.049999,16.209999,15.91,15.91,15.722048,50700,15.012552111111116,14.730046285714261,14.961128679999959,17.050048760000042,14.48884391784668,15.534292,-8.932470660925961,0.0,1.2332040821533194
2020-08-11,16.0,16.0,15.5,15.72,15.534292,37100,15.020748666666671,14.796663333333308,15.011488759999958,17.01660707000004,14.75587272644043,15.613347,-6.133125149870044,-0.778419273559571,0.0
2020-08-12,15.96,15.98,15.48,15.8,15.613347,27200,15.050817444444451,14.861435571428544,15.067552739999957,16.984772635000038,14.9512357711792,15.593583,-5.371925498865832,0.0,0.6621112288208
2020-08-13,15.69,15.98,15.69,15.78,15.593583,13300,15.174670888888894,14.895818095238068,15.090238999999958,16.952063720000037,15.127100944519043,15.672638,-4.137509857293767,-0.46648205548095767,0.0
2020-08-14,15.67,15.97,15.35,15.86,15.672638,14000,15.31385244444445,14.944716190476164,15.11097251999996,16.922658805000037,15.1673583984375,15.514528,-4.367223212878306,0.0,0.5052796015624992
2020-08-17,15.53,15.8,15.48,15.7,15.514528,9600,15.434375555555562,15.013664095238068,15.10007681999996,16.889700060000038,15.0753755569458,14.961144,-3.978499637287889,0.0,0.43915244305419954
2020-08-18,15.74,15.74,15.06,15.14,14.961144,16200,15.455237222222227,15.062804571428543,15.098923839999962,16.85416830500004,14.99463939666748,15.09949,-0.9601096653402912,0.03349539666747958,0.0
2020-08-19,15.29,15.52,15.1,15.28,15.09949,21900,15.50025455555556,15.089551714285687,15.094451739999961,16.820831095000038,14.891186714172363,15.158781,-2.5445895669347913,-0.20830328582763613,0.0
2020-08-20,15.13,15.35,14.97,15.34,15.158781,15000,15.42998344444445,15.121459476190447,15.093325019999961,16.78740252000004,14.767156600952148,15.316891,-3.7343115974436207,-0.39162439904785096,0.0
2020-08-21,15.4,15.56,15.25,15.5,15.316891,84300,15.384966000000004,15.15435219047616,15.123631159999961,16.75476449500004,14.730263710021973,15.455237,-4.966040580503402,-0.5866272899780274,0.0
2020-08-24,15.64,15.85,15.46,15.64,15.455237,32300,15.376182111111117,15.161112047619017,15.143354179999962,16.72252734000004,14.741354942321777,15.237835999999998,-5.745812389246952,0.0,0.713882057678223
2020-08-25,15.8,15.8,15.35,15.42,15.237835999999998,11400,15.33445866666667,15.184630904761875,15.142630619999963,16.689494040000035,14.782242774963379,14.773389000000003,-4.1359093711843125,0.0,0.45559322503661903
2020-08-26,15.43,15.56,14.94,14.95,14.773389000000002,23400,15.243326000000005,15.192577380952352,15.116715839999962,16.654090030000035,14.767170906066895,14.793153,-1.2229370831645805,-0.006218093933107127,0.0
2020-08-27,15.11,15.13,14.93,14.97,14.793153,17200,15.145605444444449,15.160797857142828,15.093355919999963,16.618590940000036,14.728158950805664,14.496696,-1.6155046706368508,0.0,0.06499404919433616
2020-08-28,15.1,15.1,14.54,14.67,14.496696,26700,15.032513000000003,15.120510619047588,15.057195479999963,16.581900425000036,14.590861320495605,14.328704,-0.5394593013251155,0.0,-0.09416532049560544
2020-08-31,14.64,15.3,14.45,14.5,14.328704,63800,14.962241888888892,15.113358333333302,15.032399539999965,16.544466910000036,14.41038990020752,14.30894,-0.6180006882240032,0.0,-0.08168590020751942
2020-09-01,14.44,14.58,14.27,14.48,14.30894,24900,14.874403000000004,15.10806957142854,14.996017839999965,16.507807190000037,14.180575370788574,14.150831,-2.0678496492501806,0.0,0.12836462921142555
2020-09-02,14.42,14.78,14.06,14.32,14.150831,34600,14.76240855555556,15.09478438095235,14.943712919999966,16.470938675000035,14.016997337341309,14.269413,-2.115940381694774,-0.13383366265869157,0.0
2020-09-03,14.33,14.7,14.05,14.44,14.269413,44400,14.646022111111115,15.07078552380949,14.911252439999966,16.434226755000033,13.887312889099121,14.684451,-3.8274730671805988,-0.38210011090087903,0.0
2020-09-04,14.35,14.94,13.96,14.86,14.684451,69600,14.560379222222224,15.070314904761872,14.882969939999967,16.399396120000034,13.833396911621094,14.289177,-6.908499921796135,0.0,0.8510540883789055
2020-09-08,14.73,14.87,14.42,14.46,14.289177,16700,14.45497266666667,14.998788999999967,14.858757739999966,16.364819125000032,13.80314826965332,14.328704,-4.542543086768191,-0.48602873034668015,0.0
2020-09-09,14.75,14.75,14.34,14.5,14.328704,20600,14.405563222222222,14.932439285714254,14.831998579999969,16.32835518500003,13.828890800476074,14.526341,-4.628339307061557,-0.4998131995239259,0.0
2020-09-10,14.59,14.89,14.47,14.7,14.526341,50700,14.375917444444447,14.884441619047587,14.802713439999968,16.292200715000032,13.887666702270508,14.457169000000002,-5.526076855302663,0.0,0.6386742977294926
2020-09-11,14.74,14.74,14.6,14.63,14.457169,17400,14.371525555555555,14.829385523809496,14.785002259999969,16.25565190000003,13.93958854675293,14.595515000000002,-4.719148689316959,-0.5175804532470707,0.0
2020-09-14,14.55,15.17,14.55,14.77,14.595515,35700,14.401171222222224,14.781858476190445,14.77869625999997,16.22061898500003,13.98188304901123,14.565869,-5.3359306092672245,0.0,0.6136319509887702
2020-09-15,15.06,15.07,14.74,14.74,14.565869,23900,14.429718888888889,14.72915519047616,14.762766439999972,16.184856085000032,14.044235229492188,14.971025,-4.720249460704292,-0.5216337705078118,0.0
2020-09-16,14.89,15.31,14.56,15.15,14.971025,68200,14.520851555555554,14.703274095238065,14.774572139999973,16.151409835000027,14.139266014099121,14.743742999999998,-6.671511458091612,0.0,0.831758985900878
2020-09-17,15.12,15.37,14.8,14.92,14.743742999999998,18700,14.573554888888888,14.692921666666637,14.772997599999973,16.118814795000027,14.212430000305176,15.198308999999998,-4.742426271413031,-0.5313129996948227,0.0
2020-09-18,14.9,15.38,14.5,15.38,15.198309,111400,14.630650222222222,14.697627333333303,14.803091679999973,16.088783460000027,14.309759140014648,13.884021,-6.958653185860548,0.0,0.8885498599853516
2020-09-21,14.96,15.3,13.84,14.05,13.884021,53400,14.585632888888888,14.636924476190448,14.797083779999971,16.052229165000025,14.269619941711426,13.814847000000002,1.5631312577325627,0.0,-0.38559894171142517
2020-09-22,13.96,14.75,13.88,13.98,13.814847,31300,14.528537666666665,14.565398571428542,14.790674039999972,16.016589445000026,14.111907005310059,13.221935,0.9435408105154376,0.0,-0.2970600053100583
2020-09-23,13.96,13.96,13.27,13.38,13.221935,59300,14.383603666666666,14.459050857142827,14.770050139999972,15.976530800000027,13.831178665161133,13.162644,3.372037856211749,0.0,-0.6092436651611326
2020-09-24,13.48,13.66,13.0,13.32,13.162644,18200,14.239767555555554,14.36023219047616,14.735872019999972,15.935884830000028,13.473243713378906,13.231817,1.1504783286704652,0.310599713378906,0.0
2020-09-25,13.18,14.08,13.18,13.39,13.231817,23300,14.088245555555554,14.286823999999967,14.707592799999972,15.894954510000026,13.12132453918457,13.666619,-2.0065381688979107,-0.11049246081542918,0.0
2020-09-28,13.5,14.34,13.5,13.83,13.666619,17000,13.988328888888889,14.233179523809492,14.699592739999972,15.85614971500003,12.968138694763184,13.933431,-6.231824332876474,-0.6984803052368171,0.0
2020-09-29,13.87,14.1,13.53,14.1,13.933431,16900,13.873040666666668,14.20635738095235,14.69967747999997,15.818921375000027,12.913477897644043,14.328704,-8.415050371318841,-1.0199531023559576,0.0
2020-09-30,14.13,14.56,14.08,14.5,14.328704,50500,13.826925222222222,14.20635738095235,14.695495559999973,15.783039175000026,13.058382987976074,14.348469,-9.942186289820178,-1.2703210120239259,0.0
2020-10-01,14.52,14.6,14.28,14.52,14.348469,85600,13.732498555555557,14.208239714285682,14.692690579999974,15.747158850000027,13.31304931640625,14.67457,-8.312332531637393,-1.0354196835937497,0.0
2020-10-02,14.26,14.99,14.26,14.85,14.67457,33700,13.820337333333333,14.233179666666636,14.693659099999975,15.713733165000026,13.548212051391602,14.644924000000001,-8.766248812177766,0.0,1.1263579486083977
2020-10-05,14.85,15.04,14.75,14.82,14.644924,19900,13.912568111111108,14.251061142857115,14.680291979999975,15.680110755000028,13.769354820251465,14.555986999999998,-7.089373682513735,0.0,0.8755691797485348
2020-10-06,14.79,15.42,14.66,14.73,14.555987,38800,14.06079611111111,14.24494380952378,14.676532919999975,15.64541345500003,13.983445167541504,15.069845,-5.06826091282075,-0.5725418324584961,0.0
2020-10-07,14.78,15.25,14.66,15.25,15.069845,42300,14.272707333333333,14.282118476190446,14.685799559999975,15.61115238000003,14.115501403808594,15.188426000000002,-7.439335056992828,-0.9543435961914071,0.0
2020-10-08,15.33,15.5,15.25,15.37,15.188426000000002,23900,14.490108333333332,14.323057619047589,14.680357619999977,15.57918096000003,14.281136512756348,15.188426000000002,-7.084342792736835,0.0,0.0
2020-10-09,14.11,15.46,14.11,15.37,15.188426000000002,22700,14.659197999999996,14.354585476190445,14.677271579999978,15.547742815000031,14.311453819274902,15.168663,-6.887092912980461,0.0,0.8769721807250992
2020-10-12,15.25,15.36,15.2,15.35,15.168663,19100,14.796445999999996,14.388466142857109,14.69106679999998,15.516496725000032,14.396210670471191,15.593583,-6.213611267288653,-0.772452329528809,0.0
2020-10-13,15.24,15.83,15.15,15.78,15.593583,41900,14.93698811111111,14.43599319047616,14.714538379999981,15.48684197000003,14.520207405090332,15.405828000000001,-7.983476520340098,0.0,1.0733755949096686
2020-10-14,15.74,15.92,15.54,15.59,15.405828,18500,15.05447244444444,14.475991238095204,14.734058539999983,15.45721800000003,14.66132640838623,15.514528,-5.956854340049836,-0.7445015916137692,0.0
2020-10-15,15.38,15.74,15.3,15.7,15.514528,7100,15.14780111111111,14.5018723333333,14.748881319999985,15.42697406000003,14.692949295043945,15.791220999999998,-6.414335700357032,-0.821578704956055,0.0
2020-10-16,15.3,16.120001000000002,15.3,15.98,15.791220999999998,35600,15.275167444444444,14.551752238095204,14.770819059999983,15.398646850000029,14.87954330444336,15.455237,-6.886462425260582,0.0,0.911677695556639
2020-10-19,16.08,16.08,15.58,15.64,15.455237,4500,15.375084111111114,14.563986904761872,14.764099379999983,15.37023952000003,14.987434387207031,15.000672,-4.172414404047118,0.0,0.4678026127929691
2020-10-20,15.82,15.88,14.91,15.18,15.000672,38700,15.367398222222228,14.61716076190473,14.749671859999985,15.33815347500003,14.975086212158203,15.652875,-1.3498932005388444,-0.02558578784179666,0.0
2020-10-21,15.13,15.93,15.03,15.84,15.652875,26900,15.419003666666672,14.704685904761872,14.752043519999983,15.309667780000032,14.930456161499023,16.423662,-5.742069687506164,-0.7224188385009764,0.0
2020-10-22,15.97,16.76,15.04,16.620001000000002,16.423662,99800,15.556252111111117,14.857149095238062,14.768249819999985,15.285181475000032,15.065340042114258,17.046217000000002,-9.354156825175545,-1.3583219578857424,0.0
2020-10-23,16.85,17.4,16.85,17.25,17.046217000000002,115400,15.764869222222229,15.04208114285711,14.797302499999985,15.261820315000032,15.375130653381348,17.263618,-10.868807806484941,-1.6710863466186545,0.0
2020-10-26,17.24,17.57,16.200001,17.469998999999998,17.263618,44100,15.950428666666674,15.234071666666637,14.829122099999983,15.238722025000031,15.650522232055664,16.838699,-10.414864751533953,0.0,1.613095767944337
2020-10-27,17.58,17.620001000000006,16.950001,17.040001,16.838699,39900,16.109636555555564,15.385123095238065,14.855605519999983,15.212578045000033,16.031465530395508,16.235905,-5.918635037665152,0.0,0.8072334696044905
2020-10-28,17.74,17.74,16.42,16.43,16.235905,39300,16.189789555555564,15.494764714285685,14.881100739999983,15.186280335000033,16.348304748535156,16.552126,-0.4972322061159067,0.11239974853515733,0.0
2020-10-29,16.360001,16.75,15.81,16.75,16.552126,18900,16.274334555555566,15.600641952380922,14.910153459999986,15.160545680000034,16.383066177368164,16.650942,-2.1906496873542443,-0.16905982263183716,0.0
2020-10-30,16.780001000000002,17.16,16.559998999999998,16.85,16.650942,39400,16.407190666666672,15.71028352380949,14.939996679999986,15.135159670000034,16.301488876342773,17.135154999999994,-3.2552588941081777,-0.34945312365722714,0.0
2020-11-02,17.120001000000002,17.42,17.02,17.34,17.135154999999994,34200,16.64435544444445,15.827454238095205,14.976361959999984,15.111467540000035,16.32431411743164,17.935585,-5.857473371213144,-0.8108408825683533,0.0
2020-11-03,17.5,18.440001,17.280001000000002,18.15,17.935585,33800,16.897989888888894,15.984152380952347,15.025968919999983,15.092456260000036,16.43561363220215,16.611416000000002,-9.44565491899642,0.0,1.4999713677978512
2020-11-04,17.860001,17.969998999999994,16.6,16.809998999999998,16.611416000000002,8500,16.91885144444445,16.082029952380918,15.053440519999981,15.066921095000037,16.492389678955078,16.909645,-1.8894071382450386,-0.11902632104492383,0.0
2020-11-05,16.82,17.280001000000002,16.799999,17.01,16.909645,13100,16.903676777777783,16.169639476190444,15.096165639999981,15.044040570000039,16.605470657348633,16.462298999999998,-2.378185435928094,0.0,0.30417434265136833
2020-11-06,17.18,17.209999,16.469998999999998,16.559998999999998,16.462298999999998,9800,16.814641333333338,16.23030009523806,15.129548559999982,15.019844410000037,16.600139617919922,18.211916,0.2423950503857167,0.13784061791992386,0.0
2020-11-09,17.26,19.33,17.26,18.32,18.211916,57500,16.967221000000006,16.374275809523777,15.203852959999981,15.006044600000038,16.76748275756836,18.579735,-8.47443909624258,-1.4444332424316393,0.0
2020-11-10,18.639999,19.6,18.370001,18.690001,18.579735,50000,17.22764655555556,16.53670780952378,15.288873579999981,14.993550620000038,16.982650756835938,18.082684,-9.135099795682521,0.0,1.597084243164062
2020-11-11,18.5,18.5,17.93,18.190001,18.082684,24900,17.397708555555557,16.655236428571396,15.364348459999981,14.979250085000038,17.204069137573242,17.386814,-5.42018586159922,0.0,0.8786148624267582
2020-11-12,17.709999,18.49,17.190001000000002,17.49,17.386814,39700,17.479472111111118,16.749569095238066,15.429068119999979,14.962439780000036,17.357486724853516,17.893805,-0.7576516589278606,-0.029327275146485476,0.0
2020-11-13,17.75,18.57,17.75,18.0,17.893805,21000,17.56376655555556,16.86286799999997,15.50155595999998,14.948843135000036,17.582685470581055,18.569794,-2.3184140523274737,-0.3111195294189457,0.0
2020-11-16,18.440001,18.780001,18.26,18.68,18.569794,57100,17.634234222222226,16.99518099999997,15.57926281999998,14.937311325000037,17.671998977661133,18.490265,-5.396151083184512,0.0,0.8977950223388689
2020-11-17,18.48,19.290001,18.42,18.6,18.490265,32800,17.84299522222223,17.139706142857115,15.663284579999981,14.924943485000037,17.649799346923828,18.281504,-5.1086056616998565,0.0,0.8404656530761727
2020-11-18,18.76,19.18,18.35,18.389999,18.281504,15600,17.995424000000003,17.29593623809521,15.742340579999983,14.909437420000039,17.732995986938477,18.490265,-3.572610379486823,-0.5485080130615252,0.0
2020-11-19,18.129999,18.620001,18.1,18.6,18.490265,12600,18.22075355555556,17.431050047619017,15.821619059999982,14.896095440000037,17.85305404663086,18.281504,-4.015838458973882,0.0,0.6372109533691415
2020-11-20,18.280001,18.68,18.139999,18.389999,18.281504,27400,18.22848555555556,17.519518714285685,15.898105759999982,14.879712635000038,17.918537139892578,17.844101000000006,-2.5636861650042584,0.0,0.36296686010742363
2020-11-23,18.5,18.709999,17.809998999999994,17.950001,17.844101000000006,26100,18.146748444444448,17.55751319047616,15.963077479999983,14.861678585000039,17.849815368652344,19.027079,-0.5581371908985218,0.005714368652338209,0.0
2020-11-24,18.370001,19.299999,18.24,19.139999,19.027079,40300,18.251681222222224,17.641487523809495,16.05230167999998,14.849754280000038,17.860084533691406,18.589676,-6.6871187731441015,0.0,1.1669944663085943
2020-11-25,18.73,18.9,18.450001,18.700001,18.589676,71800,18.38533255555556,17.72486738095235,16.124674699999982,14.835545525000038,17.88690185546875,18.619497,-4.348123535026819,-0.7027741445312508,0.0
2020-11-27,19.27,19.27,18.43,18.73,18.619497,8700,18.465965,17.83837176190473,16.202189779999983,14.82085268500004,17.995763778686523,17.585634,-3.920107962164853,0.0,0.6237332213134756
2020-11-30,18.549999,18.700001,17.690001000000006,17.690001000000006,17.585634,22600,18.35661388888889,17.8875864285714,16.249936279999982,14.803084950000038,17.949766159057617,17.893805,1.468429306802251,0.3641321590576183,0.0
2020-12-01,18.379999,18.52,17.9,18.0,17.893805,42400,18.29034055555556,17.94677038095235,16.330131959999985,14.786371010000039,17.940284729003906,18.559853,-0.33175150553385413,0.046479729003905845,0.0
2020-12-02,18.01,19.0,18.01,18.67,18.559853,16400,18.321268222222226,18.01461314285711,16.425032079999983,14.773279545000038,17.861309051513672,18.34115,-4.3314994562738605,0.0,0.6985439484863285
2020-12-03,18.82,19.1,18.379999,18.450001,18.34115,22600,18.30469988888889,18.033925761904733,16.527416379999984,14.75904586000004,17.845605850219727,18.788494,-3.275854292800709,-0.4955441497802724,0.0
2020-12-04,18.82,18.950001,18.49,18.9,18.788494,19600,18.36103211111111,18.137596142857113,16.639933379999984,14.74724372000004,17.828943252563477,18.778553,-5.666966917653556,0.0,0.9595507474365235
2020-12-07,19.18,19.18,18.74,18.889999,18.778553,18000,18.46486011111111,18.226591761904732,16.750868099999984,14.73519705000004,17.99916648864746,19.116549,-4.715894963004173,-0.7793865113525378,0.0
2020-12-08,19.51,19.51,18.700001,19.23,19.116549,38600,18.474801222222222,18.35298461904759,16.859866699999984,14.72518132500004,18.20273208618164,19.086725,-5.342006832128756,0.0,0.9138169138183585
2020-12-09,19.389999,19.49,19.129999,19.200001,19.086725,34200,18.53002888888889,18.394642190476162,16.962932579999983,14.71647771000004,18.377239227294922,19.206017000000006,-4.285217342983881,-0.7094857727050794,0.0
2020-12-10,19.15,19.389999,18.91,19.32,19.206017000000006,17300,18.59519777777778,18.424465142857116,17.060478839999984,14.71139043000004,18.4762020111084,18.877964,-4.367484414552805,0.0,0.7298149888916079
2020-12-11,19.48,19.48,18.77,18.99,18.877964,19300,18.73879,18.462335619047593,17.15106873999998,14.70909529000004,18.551420211791992,18.440559,-2.309530216998453,0.0,0.32654378820800645
2020-12-14,20.23,20.23,18.450001,18.549999,18.440559,19100,18.799540444444446,18.512513952380928,17.226388519999983,14.70388251500004,18.622509002685547,18.82826,0.3908895234201748,0.1819500026855465,0.0
2020-12-15,19.450001,19.450001,18.77,18.940001,18.82826,23000,18.829363444444446,18.557011809523786,17.310055239999983,14.701874645000037,18.60138702392578,18.738791,-1.7878244888910912,0.0,0.22687297607421897
2020-12-16,19.6,19.6,18.82,18.85,18.738791,23000,18.873545777777778,18.565059285714263,17.393711319999984,14.70063713000004,18.57770347595215,18.937609,-1.444543894153066,-0.16108752404785065,0.0
2020-12-17,19.969999,19.969999,18.67,19.049999,18.937609,41200,18.890114111111114,18.586361380952354,17.471066599999983,14.704874820000038,18.62087059020996,18.748732,-2.252642689325279,0.0,0.3167384097900374
2020-12-18,19.15,19.530001,18.860001,18.860001,18.748732,117500,18.88680066666667,18.60861033333331,17.542272719999982,14.71216216000004,18.628643035888672,18.192034,-1.2267123639671524,0.0,0.12008896411132852
2020-12-21,18.84,19.190001,17.92,18.299999,18.192034,30600,18.78407677777778,18.59440885714283,17.602344879999983,14.72557953500004,18.487529754638672,18.470383,1.024758278066967,0.2954957546386723,0.0
2020-12-22,18.52,18.68,17.92,18.58,18.470383,23400,18.715594333333335,18.603403095238072,17.668379279999982,14.73853776000004,18.336755752563477,18.858082,-1.3091724835119578,-0.1336272474365252,0.0
2020-12-23,18.82,19.190001,17.5,18.969999,18.858082,10000,18.67693488888889,18.651687904761882,17.73366925999998,14.754359930000042,18.205581665039062,18.321268,-4.029611888545375,0.0,0.6525003349609371
2020-12-24,18.690001,18.799999,18.43,18.43,18.321268,4300,18.61507977777778,18.618077857142833,17.79197805999998,14.776168015000042,18.038103103637695,18.689085,-2.126407468053741,-0.2831648963623046,0.0
2020-12-28,18.66,19.190001,18.66,18.799999,18.689085,30500,18.64269377777778,18.622811619047592,17.85546919999998,14.802688950000043,17.962024688720703,18.4505,-4.457310403470216,0.0,0.7270603112792955
2020-12-29,19.08,19.08,18.200001,18.559999,18.4505,19900,18.60072044444445,18.614764142857116,17.90865477999998,14.83532312000004,17.999170303344727,18.400797,-3.0217065025449337,0.0,0.4513296966552751
2020-12-30,18.459999,18.83,18.309999,18.51,18.400797,15300,18.56316555555556,18.6535814285714,17.967565979999982,14.87204377000004,18.015470504760742,18.510147,-2.6716882508874087,-0.38532649523925855,0.0
2020-12-31,18.48,18.940001,18.48,18.620001,18.510147,13700,18.51566977777778,18.682931047619018,18.03775547999998,14.914084530000041,18.029647827148438,18.311327,-3.1705324443943965,0.0,0.4804991728515624
2021-01-04,18.879999,18.879999,18.17,18.42,18.311327,26800,18.46706922222223,18.67109647619045,18.09092451999998,14.95103974000004,18.033470153808594,17.893805,-2.0984247893127463,0.0,0.2778568461914048
2021-01-05,18.41,19.02,17.790001,18.0,17.893805,48900,18.43393266666667,18.649794333333304,18.12032737999998,14.97119759000004,17.93266487121582,19.046961,-0.37408404880099827,0.03885987121581991,0.0
2021-01-06,18.6,19.83,18.6,19.16,19.046961,53300,18.497996888888892,18.66210228571426,18.160342259999982,15.007983055000041,18.012264251708984,19.991358,-5.990270085026178,-1.0346967482910152,0.0
2021-01-07,19.41,20.450001,19.040001,20.110001,19.991358,70300,18.623916444444447,18.719854904761878,18.214897059999984,15.042427875000042,18.27046775817871,19.663303,-9.147355297601873,0.0,1.7208902418212908
2021-01-08,20.25,20.25,19.549999,19.780001,19.663303,50700,18.77303144444445,18.74589080952378,18.271389139999982,15.080979940000041,18.543331146240234,20.170296,-6.252122301509309,-1.1199718537597647,0.0
2021-01-11,19.49,20.42,19.49,20.290001,20.170296,69900,18.93761044444445,18.7974894285714,18.35007695999998,15.12153118500004,18.822826385498047,20.219999,-7.231022879210077,-1.3474696145019536,0.0
2021-01-12,20.360001,20.5,20.0,20.34,20.219999,32000,19.13422144444445,18.845774285714256,18.42343441999998,15.167104310000038,19.208786010742188,19.663303,-5.561524037649028,0.0,1.0112129892578139
2021-01-13,20.48,20.48,19.66,19.780001,19.663303,24000,19.27449988888889,18.883171380952348,18.483681639999983,15.209406870000036,19.399593353271484,20.309469,-1.923193263380089,-0.2637096467285147,0.0
2021-01-14,19.620001,20.459999,19.620001,20.43,20.309469,42200,19.474424555555558,18.972167095238063,18.547167919999985,15.256060540000036,19.443265914916992,20.806519,-4.8298290997699835,-0.8662030850830078,0.0
2021-01-15,20.040001,20.93,20.02,20.93,20.806519,44700,19.751668111111115,19.06636990476187,18.604586599999987,15.310167660000037,19.546781539916992,19.842241,-6.6087838513282735,0.0,1.2597374600830094
2021-01-19,21.0,21.41,19.690001,19.959999,19.842241,62700,19.968161000000002,19.11891514285711,18.669203099999987,15.360671080000037,19.66204833984375,19.792536,-1.4927388531244408,0.0,0.18019266015625135
2021-01-20,20.200001,20.940001,19.6,19.91,19.792536,25600,20.051002666666665,19.159625952380917,18.72686091999999,15.412192380000036,19.635515213012695,19.454542,-1.3786277598558756,0.0,0.15702078698730304
2021-01-21,20.129999,20.469999,19.57,19.57,19.454542,23200,19.991356444444445,19.193235952380917,18.786705779999988,15.460708595000035,19.606185913085938,20.140472,0.18490502343350645,0.1516439130859375,0.0
2021-01-22,19.57,20.26,19.540001,20.26,20.140472,34700,20.044375222222225,19.286018714285678,18.825276899999988,15.510511320000035,19.567256927490234,20.468524999999996,-3.4192649186069457,-0.5732150725097647,0.0
2021-01-25,20.280001,20.629999,19.67,20.59,20.468525,22600,20.07751177777778,19.381168333333296,18.863052699999987,15.560103415000032,19.51378631591797,20.388995999999995,-5.22687559049068,0.0,0.9547386840820309
2021-01-26,20.52,20.76,20.190001,20.51,20.388996,24500,20.09628922222222,19.454068999999965,18.90917893999999,15.603111970000034,19.510303497314453,20.478466,-4.874190651806671,-0.8786925026855457,0.0
2021-01-27,20.110001,20.780001,19.75,20.6,20.478466,55700,20.186862888888886,19.55679271428568,18.97101197999999,15.647054960000034,19.551755905151367,20.587816,-5.088563567226379,-0.9267100948486338,0.0
2021-01-28,20.780001,20.790001,20.32,20.709999,20.587816,41200,20.21779033333333,19.647208476190443,19.02489219999999,15.691008910000035,19.698720932006836,20.428761,-4.883042572784112,0.0,0.8890950679931642
2021-01-29,20.530001,20.889999,20.5,20.549999,20.428761,58300,20.17581722222222,19.74141138095235,19.062071539999987,15.735677520000035,19.840539932250977,20.090765,-3.452355728820343,0.0,0.5882210677490249
2021-02-01,20.530001,20.530001,19.5,20.209999,20.090765,40900,20.203431,19.821886047619014,19.094081539999987,15.782601495000035,19.827634811401367,20.876106,-1.8919555047906367,-0.2631301885986339,0.0
2021-02-02,20.440001,21.09,20.17,21.0,20.876106,46700,20.323827666666666,19.934550761904728,19.14597357999999,15.831503855000037,19.864280700683594,20.508287,-5.408187139601934,0.0,1.0118252993164063
2021-02-03,20.99,20.99,20.25,20.629999,20.508287,24000,20.44091044444444,20.039167904761868,19.18633401999999,15.879736110000037,19.93366813659668,20.219999,-3.3753315422037673,0.0,0.5746188634033196
2021-02-04,20.559999,20.879999,20.26,20.34,20.219999,36100,20.449746777777776,20.149939047619014,19.225103919999988,15.928913605000037,19.90718650817871,20.84,-2.1278932734576643,-0.31281249182129045,0.0
2021-02-05,20.92,20.92,20.51,20.84,20.84,24500,20.491021777777778,20.23532185714282,19.28502189999999,15.980704025000037,19.933971405029297,21.329999999999995,-4.347546041126214,-0.906028594970703,0.0
2021-02-08,20.82,21.469999,20.709999,21.33,21.33,33800,20.595577777777777,20.29906671428568,19.33108031999999,16.033531920000037,20.11383628845215,21.209999,-5.701658281987107,0.0,1.2161637115478499
2021-02-09,21.389999,21.49,20.99,21.209999,21.209999,24000,20.676859222222223,20.372718904761868,19.383486779999988,16.087902950000036,20.230253219604492,21.15,-4.6192636802835665,0.0,0.9797457803955076
2021-02-10,21.42,21.48,20.93,21.15,21.15,21300,20.739324111111113,20.419371476190438,19.434096839999988,16.136470010000036,20.34456443786621,20.77,-3.8082059675356392,0.0,0.8054355621337876
2021-02-11,21.15,21.17,20.620001,20.77,20.77,17000,20.777239555555557,20.445561999999963,19.497784159999988,16.180847805000038,20.424531936645508,20.67,-1.6633031456643803,0.0,0.34546806335449176
2021-02-12,20.74,20.879999,20.0,20.67,20.67,32800,20.841599000000002,20.493499952380915,19.553308059999985,16.213084440000035,20.378368377685547,21.18,-1.4108931897167625,-0.29163162231445483,0.0
2021-02-16,20.91,21.450001,20.91,21.18,21.18,38000,20.875365000000002,20.534953809523774,19.605710999999985,16.248065905000036,20.379867553710938,21.110000999999997,-3.7777735896556286,0.0,0.8001324462890622
2021-02-17,21.18,21.65,21.07,21.110001,21.110001,22300,20.942222111111118,20.5494053333333,19.661088019999987,16.286983665000033,20.380020141601562,20.68,-3.457985901556508,0.0,0.729980858398438
2021-02-18,20.959999,21.299999,20.42,20.68,20.68,34300,20.99333333333334,20.589298619047586,19.698918139999986,16.323264340000033,20.310914993286133,21.77,-1.784743746198583,-0.3690850067138669,0.0
2021-02-19,20.68,21.889999,20.68,21.77,21.77,36200,21.096666666666675,20.68346357142854,19.758747079999985,16.366553660000033,20.380756378173828,21.83,-6.381458988636525,-1.3892436218261714,0.0
2021-02-22,21.52,22.0,21.52,21.83,21.83,24400,21.15222222222223,20.796580619047585,19.813016099999984,16.41165292500003,20.604461669921875,21.82,-5.614009757572714,0.0,1.2255383300781233
2021-02-23,21.870001,22.030001,21.73,21.82,21.82,40900,21.220000111111116,20.87655814285711,19.867681599999987,16.45709483500003,20.750667572021484,22.540001,-4.900698570020696,-1.069332427978516,0.0
2021-02-24,21.959999,23.0,21.959999,22.540001,22.540001,54200,21.37444466666667,20.975199857142826,19.934361279999987,16.501817615000032,20.976978302001953,22.15,-6.934439346289502,0.0,1.563022697998047
2021-02-25,22.5,22.5,21.66,22.15,22.15,37300,21.527778,21.059057190476157,19.999801999999985,16.54807514500003,21.243167877197266,,-4.094050215813693,,
