date,open,high,low,close,adj_close,volume,9-day,21-day,50-day,200-day,adj_close_1_days,true_adj_close_1_days,percent_change,buy_profit,sell_profit
2017-03-03,31.905001,32.169998,31.809999,32.169998,31.986477,4200,32.09971955555558,31.435592857142844,30.49088547999999,27.91341436999994,32.60041427612305,31.573849,1.337943123661516,0.0,-0.6139372761230462
2017-03-06,31.855,31.855,31.754999,31.754999,31.573849,4000,32.01907133333336,31.489805809523794,30.51989407999999,27.94768727999994,32.47972869873047,31.489332,2.2822538861691264,0.0,-0.9058796987304696
2017-03-07,31.75,31.75,31.67,31.67,31.489332,1800,31.929032333333353,31.547569571428557,30.546640639999993,27.98153760499994,32.410823822021484,31.489332,2.339197417181821,0.0,0.0
2017-03-08,31.67,31.67,31.67,31.67,31.489332,0,31.87489833333335,31.622851999999984,30.573387199999992,28.011627144999938,32.27402114868164,31.494303,1.9072344448425604,0.7846891486816396,0.0
2017-03-09,31.540001,31.674999,31.530001,31.674999,31.494303,2200,31.815792777777794,31.691979047619025,30.60023317999999,28.042138714999943,32.14404296875,31.469446000000005,1.4808018423299725,0.0,-0.6497399687500014
2017-03-10,31.75,31.75,31.52,31.65,31.469446,12800,31.73238211111113,31.744534666666645,30.63846375999999,28.071495839999944,32.07419204711914,31.668304,1.3402592326039244,0.6047460471191393,0.0
2017-03-13,31.725,31.85,31.684999,31.85,31.668304,1600,31.71028644444446,31.785489952380935,30.689669999999992,28.101363209999942,32.068397521972656,31.504246000000002,0.6857065054086494,0.0,-0.40009352197265713
2017-03-14,31.684999,31.684999,31.684999,31.684999,31.504246,200,31.637370666666683,31.809163714285692,30.734065259999994,28.12872227499994,32.063148498535156,31.663334000000006,1.1934653952021743,0.5589024985351578,0.0
2017-03-15,31.825001,31.844999,31.825001,31.844999,31.663334000000006,1200,31.593180333333358,31.82005366666664,30.796357859999993,28.156876779999937,32.09414291381836,31.976538,0.7823643323661527,0.4308089138183533,0.0
2017-03-16,32.084999,32.16,32.084999,32.16,31.976538,800,31.592076000000027,31.843490619047593,30.867201439999988,28.185815369999936,32.1962890625,32.046143,0.11283912468906535,0.21975106249999854,0.0
2017-03-17,32.310001,32.310001,32.23,32.23,32.046143,600,31.644553111111136,31.85083004761902,30.93943711999999,28.214506194999935,32.320194244384766,31.722991999999998,0.27984562328504115,0.0,-0.2740512443847649
2017-03-20,31.959999,31.959999,31.905001,31.905001,31.722992,600,31.670515333333356,31.847278999999975,30.990842179999987,28.241581264999937,32.354732513427734,31.091616,1.409595672564736,0.0,-0.631740513427733
2017-03-21,31.889999,32.029999,31.27,31.27,31.091616,3400,31.62632466666669,31.813662428571405,31.02693513999999,28.265499454999937,32.345977783203125,31.010554999999997,3.440926713153583,0.0,-1.2543617832031266
2017-03-22,31.094999,31.325001,31.094999,31.18,31.010555,1800,31.572574888888912,31.75227538095236,31.05484455999999,28.288404184999937,32.2150993347168,31.463083,3.3197541203232754,1.2045443347167968,0.0
2017-03-23,31.635,31.635,31.635,31.635,31.463083,800,31.57186788888891,31.712437285714266,31.082607279999987,28.311449149999934,32.114200592041016,31.463083,1.5147798073052443,0.0,0.0
2017-03-24,31.635,31.635,31.635,31.635,31.463083,0,31.549065555555575,31.687987047619025,31.10743687999999,28.335437404999933,31.986648559570312,31.408381999999996,1.1115807162013938,0.0,-0.5235655595703115
2017-03-27,31.16,31.58,31.01,31.58,31.408382,3400,31.53841400000002,31.658564619047596,31.14091639999999,28.35935072999993,31.869319915771484,31.985231,0.9161491949698737,0.4609379157714848,0.0
2017-03-28,31.9,32.16,31.9,32.16,31.985231,1400,31.574180333333352,31.647378380952357,31.17678549999999,28.38825831499993,31.94662857055664,32.119495,-0.6634683751348134,-0.03860242944335823,0.0
2017-03-29,31.5,32.294998,31.5,32.294998,32.119495,3800,31.590064444444465,31.65939409523807,31.21484269999999,28.417837219999928,32.090450286865234,32.442734,-0.6333727382016412,-0.029044713134766198,0.0
2017-03-30,32.619999,32.619999,32.619999,32.619999,32.442734,1000,31.634130111111126,31.672834380952356,31.262446999999987,28.44903231999993,32.27931594848633,32.472572,-1.0443993315685627,-0.1634180515136734,0.0
2017-03-31,32.895,32.895,32.650002,32.650002,32.472572,2800,31.717416777777796,31.692430809523785,31.313432139999986,28.482573499999926,32.50468063354492,32.24380900000001,-0.44508838454306604,0.0,-0.03210863354492233
2017-04-03,32.724998,32.860001000000004,32.134998,32.419998,32.24380900000001,35600,31.845438222222242,31.70468471428569,31.362228259999988,28.514970864999924,32.74082946777344,32.159279,0.9896097704060249,0.0,-0.49702046777342446
2017-04-04,32.255001,32.52,32.255001,32.334999,32.159279,2200,31.973074222222237,31.73256233333331,31.406748639999986,28.546945579999925,32.8053092956543,32.248783,1.4544929958225559,0.6460302956542989,0.0
2017-04-05,32.75,32.755001,32.32,32.424999,32.248783,3000,32.06037422222224,31.76872666666664,31.451070539999986,28.579367814999923,32.94307327270508,32.308464,1.5977618772018416,0.694290272705075,0.0
2017-04-06,32.439999,32.549999,32.439999,32.485001000000004,32.308464,800,32.15430544444447,31.807732952380928,31.487040839999985,28.61208845499992,32.91218566894531,32.308464,1.3150212584118697,0.0,0.0
2017-04-07,32.485001000000004,32.485001000000004,32.485001000000004,32.485001000000004,32.308464,600,32.254314555555574,31.846502523809498,31.523011139999983,28.64475567999992,32.85198974609375,32.38306,1.1297175151502872,0.5435257460937493,0.0
2017-04-10,31.775,32.560001,31.775,32.560001,32.38306,1800,32.298517777777796,31.89000795238093,31.561865339999983,28.677795884999924,32.794212341308594,32.467597999999995,0.7193222792241131,0.41115234130859335,0.0
2017-04-11,32.599998,32.685001,32.294998,32.645,32.467597999999995,2200,32.337195888888914,31.928069571428544,31.603106299999983,28.714859694999923,32.83373260498047,32.248783,0.578136330159184,0.0,-0.36613460498047345
2017-04-12,32.884998,32.884998,32.424999,32.424999,32.248783,1600,32.3156457777778,31.96352371428569,31.649118519999984,28.756652964999923,32.85121536254883,31.915606,1.3144683907278716,0.0,-0.602432362548825
2017-04-13,32.59,32.59,32.09,32.09,31.915606,1800,32.25376066666669,31.975536666666645,31.679717319999988,28.794421129999918,32.82524108886719,32.462624,2.2911844464542974,0.9096350888671871,0.0
2017-04-17,32.18,32.639999,32.174999,32.639999,32.462624,3400,32.27807344444447,31.998683619047597,31.720262259999984,28.83492438499992,32.80739212036133,32.333324,0.5128465854466633,0.0,-0.34476812036133
2017-04-18,32.34,32.525002,32.27,32.509998,32.333324,3200,32.29741177777781,32.01235890476188,31.761402879999988,28.86827466999992,32.85770034790039,32.527271,1.069524359553598,0.5243763479003931,0.0
2017-04-19,32.5,32.705002,32.5,32.705002,32.527271,1400,32.328354888888924,32.050657904761884,31.81378027999999,28.899180049999917,32.8660888671875,33.178707,0.4925450461293341,0.33881786718750107,0.0
2017-04-20,32.985001000000004,33.360001000000004,32.985001000000004,33.360001000000004,33.178707,3200,32.425048555555584,32.15004319047617,31.876501719999986,28.936123999999918,32.9636116027832,33.178707,-1.1882175819383243,0.0,0.0
2017-04-21,33.360001000000004,33.360001000000004,33.360001000000004,33.360001000000004,33.178707,0,32.521742222222244,32.2532885238095,31.932760299999988,28.971267499999918,33.162818908691406,33.377625,-0.5910733974756108,-0.015888091308596586,0.0
2017-04-24,33.93,33.93,33.400002,33.560001,33.377625,7400,32.63224944444447,32.34445719047617,31.98414793999999,29.006263239999917,33.42359161376953,34.0042,-0.40646419000544276,0.045966613769529374,0.0
2017-04-25,34.255001,34.255001,34.0,34.189999,34.0042,4200,32.80298300000002,32.46546276190474,32.04408999999999,29.04091511999992,33.77425765991211,34.337379,-1.2159735368459381,-0.22994234008788794,0.0
2017-04-26,34.400002,34.540001000000004,34.380001,34.525002,34.337379,1600,33.03504922222224,32.60493880952379,32.102144679999995,29.075767689999918,34.14327621459961,34.421913,-1.1056502919258087,-0.19410278540038917,0.0
2017-04-27,34.365002000000004,34.634998,34.365002000000004,34.610001000000004,34.421913,3800,33.3135277777778,32.72097128571426,32.16089569999999,29.10841053999992,34.408687591552734,34.04398,-0.5816625328825319,0.0,0.01322540844726916
2017-04-28,34.490002000000004,34.490002000000004,34.23,34.23,34.04398,3400,33.48923400000002,32.81261342857141,32.203934999999994,29.139573489999922,34.60837173461914,34.486565,1.1053804692350095,0.5643917346191429,0.0
2017-05-01,34.720001,34.740002000000004,34.5,34.674999,34.486565,35200,33.72848300000001,32.909938714285694,32.25771501999999,29.171571084999922,34.7873649597168,34.670563,0.32405468769241264,0.30079995971679807,0.0
2017-05-02,34.779999,34.860001000000004,34.540001000000004,34.860001000000004,34.670563,3800,33.96662655555557,33.014604952380935,32.31517499999999,29.206475384999923,34.90590286254883,34.093708,0.13167487444657303,0.0,-0.23533986254882677
2017-05-03,34.380001,34.380001,34.25,34.279999,34.093708,2200,34.068293333333344,33.10269538095236,32.351055499999994,29.23712955999992,34.88011932373047,34.158363,1.7506427690691364,0.7864113237304693,0.0
2017-05-04,34.27,34.345001,34.27,34.345001,34.158363,1200,34.17714400000001,33.19788985714284,32.3882291,29.26813181499992,34.844085693359375,34.506454,1.4531509064721573,0.6857226933593736,0.0
2017-05-05,34.695,34.695,34.695,34.695,34.506454,400,34.30256944444446,33.30539799999998,32.438827419999996,29.301259444999925,34.90601348876953,34.531322,0.6081956730639313,0.3995594887695333,0.0
2017-05-08,34.549999,34.720001,34.549999,34.720001,34.531322,600,34.36113855555556,33.411248380952365,32.4889288,29.33472251999992,34.91271209716797,34.650669,0.5550434666403532,0.3813900971679658,0.0
2017-05-09,35.18,35.18,34.84,34.84,34.650669,1000,34.39594855555556,33.52278195238094,32.53753934,29.368211144999922,34.96465301513672,34.590988,0.35778706985279946,0.0,-0.31398401513671814
2017-05-10,34.814999,34.814999,34.715,34.779999,34.590988,1600,34.41473466666667,33.627921380952365,32.5920158,29.400308684999924,35.057220458984375,34.416939,0.797071497858233,0.0,-0.46623245898437204
2017-05-11,34.895,34.895,34.419998,34.605,34.416939,3600,34.45617455555556,33.72074714285713,32.637144819999996,29.433013584999923,35.13867950439453,34.223,1.542203451508552,0.0,-0.721740504394532
2017-05-12,34.200001,34.41,34.200001,34.41,34.223,1200,34.42688955555556,33.81475747619046,32.68038388,29.46474878999992,35.06184387207031,34.173275,1.8943442954673526,0.0,-0.8388438720703135
2017-05-15,34.349998,34.494999,34.189999,34.360001000000004,34.173275,4000,34.37163533333334,33.92226552380951,32.72411984,29.496235369999923,35.00381851196289,33.810253,1.8737412492010304,0.0,-0.8305435119628939
2017-05-16,34.169998,34.169998,33.939999,33.994999,33.810253,3600,34.34014033333334,33.98643833333332,32.768847920000006,29.526229684999922,34.81515121459961,33.029522,2.4125672561414384,0.0,-1.0048982145996064
2017-05-17,33.205002,33.244999,33.110001000000004,33.209999,33.029522,4000,34.21471355555556,34.019590619047605,32.79965172,29.55205959999992,34.5009765625,33.029522,3.8873158728490074,0.0,0.0
2017-05-18,33.209999,33.209999,33.209999,33.209999,33.029522,0,34.05061,34.043507333333324,32.83045552,29.58157731999992,34.2033805847168,33.740635,2.991212329505922,1.1738585847167968,0.0
2017-05-19,33.110001000000004,34.189999,33.110001000000004,33.924999,33.740635,2000,33.96275588888889,34.0702658095238,32.87538216,29.61465060499992,34.05839538574219,34.0042,0.39320969690282914,0.31776038574219,0.0
2017-05-22,34.165001000000004,34.235001000000004,34.165001000000004,34.189999,34.0042,2200,33.890926,34.109574999999985,32.92607724,29.648085624999922,34.01884460449219,34.0042,-0.5005978371272042,0.0,0.0
2017-05-23,34.189999,34.189999,34.189999,34.189999,34.0042,0,33.82572733333333,34.139411904761886,32.972795160000004,29.679149009999925,34.0423583984375,33.944527,-0.4318239423244799,0.0,-0.03815839843750268
2017-05-24,33.755001,34.195,33.755001,34.130001,33.944527,6800,33.77323711111111,34.13657033333332,33.02160078,29.70941737499992,34.19746780395508,34.705364,0.19767595071291705,0.25294080395507734,0.0
2017-05-25,34.200001,34.895,34.200001,34.895,34.705364,1800,33.82683311111111,34.154093428571414,33.08244138,29.74348992499992,34.46102523803711,34.705364,-1.2436588679263325,0.0,0.0
2017-05-26,34.895,34.895,34.895,34.895,34.705364,0,33.885954111111104,34.16759109523808,33.137017900000004,29.77756247499992,34.721458435058594,34.968929,-0.49732501774296994,0.01609443505859076,0.0
2017-05-30,35.16,35.16,35.16,35.16,34.968929,600,34.01469588888889,34.21163628571427,33.19547362,29.81295284999992,34.912567138671875,34.685474,-0.7037339628217338,0.0,0.056361861328127816
2017-05-31,35.005001,35.005001,34.875,34.875,34.685474,800,34.19869055555555,34.221108142857126,33.25472326,29.84459152999992,35.06401062011719,35.93862199999999,0.5419659358198925,0.37853662011718825,0.0
2017-06-01,35.595001,36.134998,35.595001,36.134998,35.93862199999999,19400,34.52192388888889,34.28149190476189,33.35166338,29.88249594999992,35.437156677246094,36.301647,-1.9312062027896315,-0.5014653227538943,0.0
2017-06-02,36.48,36.5,36.41,36.5,36.301647,1800,34.80648077777778,34.386631857142845,33.457485219999995,29.923568954999922,35.82038497924805,36.028137,-1.861958960964255,0.0,0.4812620207519558
2017-06-05,36.224998,36.224998,36.224998,36.224998,36.028137,600,35.03136266666667,34.4756687142857,33.548786299999996,29.964553354999925,36.085506439208984,35.555717,-0.38506989231859995,0.0,-0.05736943920898341
2017-06-06,35.895,35.895,35.75,35.75,35.555717,400,35.20375344444445,34.5256336190476,33.63063897999999,30.00317565499993,36.22193145751953,35.555717,1.3200879930616258,0.0,0.0
2017-06-07,35.75,35.75,35.75,35.75,35.555717,0,35.382774555555564,34.574414333333316,33.713585679999994,30.04179795499993,36.38255310058594,35.058437,1.7693793023382869,0.0,-0.8268361005859362
2017-06-08,35.555,35.59,35.25,35.25,35.058437,1600,35.42200488888889,34.59383185714284,33.77504979999999,30.078666439999928,36.30405807495117,34.690445000000004,2.990235673620346,0.0,-1.245621074951174
2017-06-09,35.27,35.27,34.880001,34.880001,34.690445000000004,3800,35.420347222222226,34.598567904761886,33.82646879999999,30.11237878999993,36.02826690673828,34.506454,3.2920466565877717,0.0,-1.3378219067382773
2017-06-12,34.695,34.77,34.529999,34.695,34.506454,2600,35.36896111111112,34.6028305238095,33.86774319999999,30.14517118499993,35.72024917602539,34.506454,2.9550343739022633,0.0,0.0
2017-06-13,34.695,34.695,34.695,34.695,34.506454,0,35.34907000000001,34.616328333333314,33.90842083999999,30.18130371999993,35.49335861206055,34.789913,2.3010768469824083,0.9869046120605489,0.0
2017-06-14,35.505001,35.505001,34.974998,34.98,34.789913,2000,35.22143566666668,34.64569204761902,33.95934292,30.21969790499993,35.390323638916016,34.54126,1.173023553219036,0.0,-0.6004106389160171
2017-06-15,34.75,34.75,34.73,34.73,34.54126,800,35.02583711111112,34.68050190476188,34.006982539999996,30.256848824999928,35.25614929199219,34.098682000000004,1.5149706075214244,0.0,-0.7148892919921863
2017-06-16,34.285,34.285,34.285,34.285,34.098682000000004,400,34.811453222222234,34.731414285714266,34.04398052,30.291786854999927,35.101158142089844,34.566132,2.380510841737924,1.00247614208984,0.0
2017-06-19,34.755001,34.755001,34.755001,34.755001,34.566132,200,34.70149933333334,34.804586190476165,34.08913387999999,30.329062134999926,35.117218017578125,34.029064,1.042201142730869,0.0,-0.5510860175781218
2017-06-20,34.215,34.215,34.215,34.215,34.029064,400,34.53187122222223,34.818320904761876,34.123545879999995,30.36363964499993,35.02294921875,34.047965999999995,2.3613889193336157,0.9938852187500018,0.0
2017-06-21,34.279999,34.294998,34.119999,34.220001,34.047965999999995,4400,34.41959666666667,34.82040499999997,34.156844,30.398311664999927,34.82024002075195,34.033043,1.7540590391915818,0.0,-0.7722740207519578
2017-06-22,34.205002,34.205002,34.205002,34.205002,34.033043,400,34.346552,34.82177847619045,34.1881529,30.43090996999993,34.71437072753906,34.033043,1.489164443080758,0.0,0.0
2017-06-23,34.205002,34.205002,34.205002,34.205002,34.033043,0,34.29395077777778,34.8259935238095,34.223838099999995,30.463868344999934,34.697994232177734,34.192242,1.4412869561525943,0.6649512321777351,0.0
2017-06-26,34.174999,34.365002000000004,34.174999,34.365002000000004,34.192242,1000,34.259038333333336,34.801559142857116,34.26937082,30.497622714999935,34.60147476196289,33.834049,0.6881209026639561,0.0,-0.4092327619628904
2017-06-27,34.0,34.005001,34.0,34.005001,33.834049,1000,34.152831222222225,34.76006795238093,34.29679932,30.532789699999935,34.5598258972168,34.326561,1.6315979441282675,0.7257768972167966,0.0
2017-06-28,34.5,34.5,34.5,34.5,34.326561,800,34.128975777777775,34.72947899999998,34.336664060000004,30.572592194999935,34.612518310546875,33.371384,0.32614003057065216,0.0,-0.2859573105468769
2017-06-29,34.134998,34.134998,33.540001000000004,33.540001000000004,33.371384,1200,34.048164888888884,34.66690328571426,34.35354632000001,30.606675144999937,34.545997619628906,33.953445,2.9993935290249465,1.1746136196289072,0.0
2017-06-30,33.830002,34.125,33.830002,34.125,33.953445,4200,33.980088555555554,34.57237104761902,34.36904108000001,30.64366839999994,34.49709701538086,33.729572,1.0903941842662546,0.0,-0.5436520153808573
2017-07-03,33.855,33.924999,33.779999,33.900002,33.729572,3000,33.94681166666666,34.44989128571426,34.38005838000001,30.67954228999994,34.416812896728516,33.346512,1.5245158296112047,0.0,-0.6872408967285182
2017-07-05,33.555,33.639999,33.490002000000004,33.514999,33.346512,25000,33.868872333333336,34.322194857142826,34.37943612000001,30.715276464999942,34.31884002685547,33.008221,2.398451591347103,0.0,-0.9723280268554717
2017-07-06,34.485001000000004,34.485001000000004,33.174999,33.174999,33.008221,14600,33.75500322222222,34.2008855238095,34.35951654,30.749319184999944,34.18790054321289,33.336563,3.053207456654003,1.1796795432128917,0.0
2017-07-07,33.105,33.505001,33.105,33.505001,33.336563,2600,33.67761655555555,34.095211523809496,34.339500220000005,30.784879439999944,34.07881546020508,33.212189,1.7126233191429485,0.0,-0.74225246020508
2017-07-10,33.435001,34.48,33.224998,33.380001,33.212189,4000,33.568721777777775,34.007294952380924,34.31530574000001,30.819755749999945,34.00929641723633,33.182334999999995,1.8852468495621917,0.0,-0.7971074172363259
2017-07-11,33.365002000000004,33.365002000000004,33.349998,33.349998,33.182334999999995,600,33.49630911111112,33.93548019047616,34.29807284000001,30.851316504999946,33.90681076049805,33.550484000000004,1.669603579880417,0.7244757604980521,0.0
2017-07-12,33.720001,33.720001,33.720001,33.720001,33.550484000000004,600,33.41007833333333,33.889957809523786,34.27935122000001,30.883414199999947,33.94483184814453,33.684799,0.6667581301214308,0.39434784814452684,0.0
2017-07-13,33.310001,34.119999,33.310001,33.855,33.684799,2600,33.444902222222225,33.85083138095236,34.25963594000001,30.920231384999948,33.9112663269043,33.684799,0.16619798229006058,0.0,0.0
2017-07-14,33.855,33.855,33.855,33.855,33.684799,0,33.41505266666667,33.798206904761884,34.25145776000001,30.957048569999948,34.02164840698242,34.137516,0.4922416392923498,0.3368494069824237,0.0
2017-07-17,33.849998,34.384998,33.849998,34.310001,34.137516,2000,33.460379777777774,33.77898099999998,34.25104082000001,30.994676569999946,34.113243103027344,34.301685,-0.5734709741706391,-0.024272896972654223,0.0
2017-07-18,34.505001,34.505001,34.455002,34.474998,34.301685,800,33.566510111111114,33.78864780952379,34.246945440000005,31.03108903499995,34.334014892578125,34.585251,-0.4089430474278037,0.03232989257812591,0.0
2017-07-19,34.605,34.77,34.605,34.759998,34.585251,1400,33.74173566666667,33.78955823809521,34.24802402,31.068546824999952,34.52466583251953,34.470828999999995,-0.6770200834892792,0.0,0.06058516748046827
2017-07-20,34.645,34.654999,34.645,34.645,34.470828999999995,1200,33.867765222222225,33.810594666666645,34.244427220000006,31.105432504999953,34.72669219970703,34.40118,0.2357979497965886,0.0,-0.2558631997070364
2017-07-21,34.529999,34.575001,34.529999,34.575001,34.40118,800,33.999875333333335,33.827414380952355,34.240631060000005,31.142379694999953,34.86629104614258,34.331534999999995,0.8424874554380426,0.0,-0.4651110461425816
2017-07-24,34.505001,34.505001,34.505001,34.505001,34.331534999999995,200,34.12756422222222,33.841628285714265,34.238922980000005,31.178978659999956,34.95051193237305,34.734493,1.2911488754138767,0.6189769323730516,0.0
2017-07-25,34.759998,34.91,34.759998,34.91,34.734493,4800,34.259120777777774,33.875030666666646,34.24915284000001,31.218089089999957,35.016937255859375,34.784248,0.3063227036934357,0.2824442558593745,0.0
2017-07-26,34.759998,35.0,34.759998,34.959999,34.784248,1800,34.38128177777777,33.903221428571406,34.261372300000005,31.257448294999957,35.05405044555664,35.49067700000001,0.2690258817130894,0.26980244555664257,0.0
2017-07-27,35.48500100000001,35.669998,35.48500100000001,35.669998,35.49067700000001,1400,34.58193488888888,33.982108476190454,34.29498078,31.30094807999996,35.23485565185547,34.774296,-1.2199113331728555,0.0,0.2558213481445435
2017-07-28,34.904999,34.950001,34.904999,34.950001,34.774296,1400,34.65268822222222,34.003429190476176,34.32987626,31.343336929999953,35.312564849853516,34.789227000000004,1.0373786537331295,0.538268849853516,0.0
2017-07-31,34.965,34.965,34.965,34.965,34.789227000000004,400,34.706859555555546,34.070945523809506,34.36507036,31.385800434999954,35.403873443603516,34.89867,1.2551793038853487,0.6146464436035117,0.0
2017-08-01,35.0,35.18,35.0,35.075001,34.89867,2400,34.74168388888888,34.11595623809522,34.388231059999995,31.425744184999953,35.451210021972656,34.89867,1.0725844939324618,0.0,0.0
2017-08-02,35.075001,35.075001,35.075001,35.075001,34.89867,200,34.78922177777777,34.17162757142856,34.40612046,31.465687934999952,35.49169158935547,34.89867,1.1879987953684403,0.0,0.0
2017-08-03,35.075001,35.075001,35.075001,35.075001,34.89867,200,34.84449844444443,34.245539857142845,34.42400986,31.505631684999948,35.39290237426758,34.475811,0.9063474417793397,0.0,-0.4942323742675754
2017-08-04,34.650002,34.650002,34.639999,34.650002,34.475811,1600,34.860529111111106,34.31542509523808,34.434635539999995,31.54346113999995,35.33987808227539,34.63998,1.990984249511414,0.8640670822753904,0.0
2017-08-07,34.474998,34.814999,34.474998,34.814999,34.63998,3400,34.850027666666655,34.37749257142856,34.43332785999999,31.585041824999948,35.27590560913086,34.7146,1.323873681946276,0.635925609130858,0.0
2017-08-08,34.889999,34.889999,34.889999,34.889999,34.7146,600,34.842288999999994,34.449035952380946,34.43351258,31.62699560999995,35.23921203613281,34.286758,1.0008972374370357,0.0,-0.5246120361328153
2017-08-09,34.459999,34.459999,34.459999,34.459999,34.286758,200,34.70852022222222,34.50162752380952,34.41986916,31.66681018499995,35.11759948730469,33.396263,1.90830094714943,0.0,-0.8308414873046885
2017-08-10,33.904999,34.314999,33.564999,33.564999,33.396263,1600,34.55540544444444,34.49428366666666,34.39408494,31.69821127499995,34.87675476074219,33.470879,3.908106062336505,1.48049176074219,0.0
2017-08-11,33.834999,33.834999,33.639999,33.639999,33.470879,2400,34.40892233333333,34.48409699999999,34.344730080000005,31.73123954499995,34.695011138916016,34.052937,3.136183621515602,1.2241321389160191,0.0
2017-08-14,34.195,34.224998,34.165001000000004,34.224998,34.052937,1800,34.314952,34.50162738095238,34.29975588,31.769649084999955,34.604618072509766,33.61018,1.1091894658686796,0.0,-0.5516810725097656
2017-08-15,33.779999,33.779999,33.779999,33.779999,33.61018,1000,34.17178644444445,34.476516142857136,34.25139674,31.80724795499995,34.38414001464844,33.79425,1.7884577635672547,0.7739600146484378,0.0
2017-08-16,33.860001000000004,33.965,33.82,33.965,33.79425,2400,34.04907311111111,34.45235257142857,34.216167399999996,31.847580039999954,34.27302169799805,33.79425,0.9068797232387559,0.0,0.0
2017-08-17,33.965,33.965,33.965,33.965,33.79425,0,33.97334411111111,34.41468585714286,34.180938059999995,31.886931194999953,34.29658508300781,32.59531,0.9762552127419669,0.0,-0.5023350830078144
2017-08-18,33.455002,33.455002,32.634998,32.759998,32.59531,3600,33.74615855555555,34.325375428571434,34.13167552,31.92028764999995,34.17264175415039,32.749527,4.3120996348973755,1.5773317541503928,0.0
2017-08-21,32.915001000000004,32.915001000000004,32.915001000000004,32.915001000000004,32.749527,5200,33.527817111111105,34.24672528571429,34.09285716,31.95441518999995,33.91365051269531,33.227119,3.034025466671894,1.164123512695312,0.0
2017-08-22,33.415001000000004,33.465,33.345001,33.395,33.227119,1600,33.41007944444444,34.19413404761905,34.067270459999996,31.99432048999995,33.83500289916992,33.227119,1.3175711908067635,0.0,0.0
2017-08-23,33.395,33.395,33.395,33.395,33.227119,0,33.39128566666667,34.12235433333334,34.04168375999999,32.03579032999995,33.73312759399414,32.406265000000005,1.012509639149985,0.0,-0.5060085939941388
2017-08-24,32.57,32.57,32.57,32.57,32.406265000000005,600,33.27299522222222,34.00911704761905,33.99401079999999,32.068549229999945,33.45876693725586,32.460987,2.72879010517611,1.0525019372558546,0.0
2017-08-25,32.625,32.625,32.625,32.625,32.460987,200,33.096111888888885,33.8648460952381,33.95240533999999,32.10041452999995,33.36908721923828,32.505759999999995,2.280727108776341,0.9081002192382783,0.0
2017-08-28,32.834999,32.834999,32.654999,32.669998,32.505759999999995,67200,32.973398555555555,33.75682057142857,33.92054689999999,32.14015254499995,33.3144416809082,32.44109,1.9725856148145569,0.0,-0.808681680908208
2017-08-29,32.334999,32.709999,32.119999,32.605,32.44109,36200,32.82304744444445,33.645004523809526,33.878046059999996,32.166541879999954,33.115875244140625,33.112686,1.566861659686024,0.6747852441406224,0.0
2017-08-30,33.305,33.305,33.279999,33.279999,33.112686,2800,32.74731811111112,33.55995766666667,33.85971849999999,32.198511799999956,33.090118408203125,33.326611,-0.5705546799952476,-0.02256759179687151,0.0
2017-08-31,33.349998,33.544998,33.349998,33.494999,33.326611,2000,32.82857377777779,33.485097714285715,33.84529139999999,32.23155134499996,33.25926208496094,33.679829,-0.7037973490880309,-0.06734891503906226,0.0
2017-09-01,33.735001000000004,33.849998,33.735001000000004,33.849998,33.679829,2600,32.93194066666668,33.42705766666667,33.838227119999985,32.266356979999955,33.48489761352539,33.281841,-1.0785831847748077,0.0,0.1949313864746074
2017-09-05,33.639999,33.84,33.450001,33.450001,33.281841,2200,32.93802088888889,33.37020195238095,33.82320307999999,32.29588218999996,33.67752456665039,33.809177000000005,0.6801900144947389,0.3956835666503906,0.0
2017-09-06,33.490002000000004,33.98,33.490002000000004,33.98,33.809177000000005,9800,33.002694000000005,33.3306399047619,33.81554177999999,32.32523787499996,33.94654083251953,33.351486,-0.0984672380237364,0.0,-0.13736383251952589
2017-09-07,34.025002,34.044998,33.189999,33.52,33.351486,4200,33.107718555555564,33.26572971428571,33.80589051999999,32.35230510499996,34.03031921386719,33.132595,1.5224320222768029,0.0,-0.6788332138671862
2017-09-08,33.299999,33.299999,33.299999,33.299999,33.132595,1000,33.18234166666667,33.21076957142857,33.782011199999985,32.377098269999955,34.0024299621582,33.132595,2.10940235210879,0.0,0.0
2017-09-11,33.299999,33.299999,33.299999,33.299999,33.132595,0,33.251990000000006,33.198213952380954,33.77723541999999,32.39855127999996,33.904762268066406,33.739529,1.8161059646470457,0.7721672680664042,0.0
2017-09-12,33.709999,33.91,33.709999,33.91,33.739529,2400,33.39626100000001,33.21100680952381,33.772957099999985,32.42332454499996,33.94236755371094,34.351437,0.09545135273058364,0.20283855371094006,0.0
2017-09-13,34.095001,34.525002,34.095001,34.525002,34.351437,2200,33.5339,33.2252210952381,33.78539439999999,32.45115734999996,34.0579719543457,33.804195,-1.3527299597384457,0.0,0.293465045654294
2017-09-14,34.07,34.125,33.970001,33.974998,33.804195,1600,33.58696488888889,33.234459904761906,33.79454805999998,32.47625394499996,34.12754440307617,33.769375,0.4489960619752575,0.0,-0.3233494030761719
2017-09-15,33.810001,33.950001,33.810001,33.939999,33.769375,6600,33.596914444444444,33.23327538095238,33.80977113999998,32.500158289999966,34.24220275878906,33.475861,0.890405915418743,0.0,-0.4728277587890659
2017-09-18,34.125,34.125,33.645,33.645,33.475861,50400,33.61847222222222,33.218114,33.81255709999998,32.52259506499996,34.344459533691406,33.336563,2.0789405073306675,0.0,-0.8685985336914044
2017-09-19,33.445,33.560001,33.445,33.505001,33.336563,1800,33.565959555555565,33.25341176190476,33.81504457999998,32.54702977499996,34.28395462036133,33.356457,2.324887620093872,0.94739162036133,0.0
2017-09-20,33.759998,33.825001,33.525002,33.525002,33.356457,1800,33.56651188888889,33.28231319047619,33.81852701999998,32.572569734999966,34.15660095214844,33.356457,1.8839639506910002,0.0,0.0
2017-09-21,33.525002,33.525002,33.525002,33.525002,33.356457,0,33.59138544444445,33.28847214285714,33.814646479999986,32.596122994999966,34.05300521850586,33.356457,1.5749535779471653,0.0,0.0
2017-09-22,33.525002,33.525002,33.525002,33.525002,33.356457,0,33.616259,33.29463109523809,33.80807963999999,32.618906409999965,33.98270797729492,33.242039,1.3652675614901417,0.0,-0.626250977294923
2017-09-25,33.41,33.41,33.41,33.41,33.242039,600,33.56098233333333,33.33442985714285,33.79922443999999,32.63679664499996,33.904876708984375,33.242039,1.4812233133324706,0.0,0.0
2017-09-26,33.41,33.41,33.41,33.41,33.242039,0,33.43771588888889,33.3716228095238,33.78131489999999,32.65394184999996,33.889892578125,33.242039,1.4363740740047992,0.0,0.0
2017-09-27,33.41,33.41,33.41,33.41,33.242039,0,33.375254111111104,33.406683714285705,33.76012197999999,32.67041655499996,33.83999252319336,33.242039,1.2870174294922563,0.0,0.0
2017-09-28,33.41,33.41,33.41,33.41,33.242039,0,33.316661222222216,33.44482414285713,33.73325773999999,32.68689125999996,33.81682586669922,33.242039,1.217676943128471,0.0,0.0
2017-09-29,33.41,33.41,33.41,33.41,33.242039,0,33.290680999999985,33.4509838095238,33.70868193999999,32.702757539999965,33.793861389160156,33.824104,1.1489416017963474,0.5518223891601579,0.0
2017-10-02,33.994999,33.994999,33.994999,33.994999,33.824104,1800,33.34485222222221,33.47467395238094,33.69714041999999,32.721534144999964,33.90689468383789,34.092743,-0.25916846228502416,0.08279068383789223,0.0
2017-10-03,34.264999,34.264999,34.264999,34.264999,34.092743,200,33.42666177777776,33.494336523809515,33.69236457999998,32.74165394499997,34.07579040527344,34.33651,-0.5521920334116034,-0.016952594726561188,0.0
2017-10-04,34.535,34.535,34.509998,34.509998,34.33651,600,33.53555655555554,33.544558857142846,33.68440491999999,32.76439568499997,34.29663848876953,34.605156,-0.618254197610999,-0.03987151123046573,0.0
2017-10-05,34.779999,34.779999,34.779999,34.779999,34.605156,200,33.67430088888888,33.58246261904761,33.68082307999999,32.789300174999966,34.56947326660156,34.605156,-0.6053068989404918,0.0,0.0
2017-10-06,34.779999,34.779999,34.779999,34.779999,34.605156,0,33.825758333333326,33.64216119047618,33.663112659999996,32.81170885999997,34.8431510925293,34.182289000000004,0.18157588943375277,0.0,-0.23799509252929596
2017-10-09,34.654999,34.654999,34.355,34.355,34.182289000000004,1200,33.93023055555555,33.692146619047605,33.65127251999999,32.83186028499997,34.94912338256836,34.182289000000004,1.7293651071703176,0.0,0.0
2017-10-10,34.355,34.355,34.355,34.355,34.182289000000004,0,34.03470277777778,33.74213204761903,33.63913375999999,32.85201170999997,34.96764373779297,34.416107000000004,1.7832738692853205,0.7853547377929644,0.0
2017-10-11,34.59,34.59,34.59,34.59,34.416107000000004,400,34.165154777777786,33.77435004761903,33.629482499999995,32.87333222499998,34.97934341430664,34.416107000000004,1.1255953001059185,0.0,0.0
2017-10-12,34.59,34.59,34.59,34.59,34.416107000000004,0,34.29560677777779,33.777429571428556,33.619831239999996,32.89762317499998,34.940895080566406,34.087769,1.014440822684021,0.0,-0.5247880805664025
2017-10-13,34.259998,34.259998,34.259998,34.259998,34.087769,600,34.3249028888889,33.790933095238074,33.60361321999999,32.92252205999998,34.83882141113281,34.266861,1.6895021743223961,0.751052411132811,0.0
2017-10-16,34.360001000000004,34.439999,34.360001000000004,34.439999,34.266861,600,34.34424933333335,33.81462290476188,33.59943421999999,32.947433949999976,34.81717300415039,34.266861,1.0951626454762393,0.0,0.0
2017-10-17,34.439999,34.439999,34.439999,34.439999,34.266861,0,34.33651055555558,33.85228957142855,33.59197184,32.976024734999974,34.83327865600586,34.26189,1.1419270250439297,0.0,-0.5664176560058607
2017-10-18,34.435001,34.435001,34.435001,34.435001,34.26189,1200,34.29836988888891,33.89635276190474,33.58291764,33.005162389999974,34.80148696899414,34.26189,1.0642833116053658,0.0,0.0
2017-10-19,34.435001,34.435001,34.435001,34.435001,34.26189,0,34.260229222222236,33.939468619047595,33.582420279999994,33.03430004499997,34.7708625793457,34.351437,0.9753494107512974,0.5089725793457021,0.0
2017-10-20,34.5,34.525002,34.5,34.525002,34.351437,1800,34.27902344444445,33.9868486190476,33.60152375999999,33.06029353499997,34.82037353515625,34.013141999999995,0.855529378843336,0.0,-0.4689365351562529
2017-10-23,34.544998,34.549999,34.185001,34.185001,34.013141999999995,78600,34.26022933333334,34.01811933333332,33.612369019999996,33.08392440499997,34.7906494140625,34.052937,1.771678795804336,0.7775074140625051,0.0
2017-10-24,34.154999,34.275002,34.119999,34.224998,34.052937,1000,34.21987711111112,34.05673352380951,33.612369019999996,33.10611366999997,34.74570083618164,33.87384,1.5214108593421722,0.0,-0.6927638361816406
2017-10-25,33.889999,34.044998,33.605,34.044998,33.87384,2000,34.159625222222225,34.08681928571427,33.61764222,33.12510813499998,34.64152908325195,33.863895,1.7521842217524979,0.0,-0.7676890832519518
2017-10-26,34.0,34.07,33.974998,34.035,33.863895,2200,34.13475033333334,34.11643147619046,33.61903512,33.14331959499997,34.5530891418457,34.162384,1.5222245977543898,0.6891941418457037,0.0
2017-10-27,33.720001,34.375,33.720001,34.334999,34.162384,8400,34.12314177777779,34.16025742857141,33.6263978,33.16545948499998,34.45222854614258,34.321583000000004,0.3414287157619394,0.28984454614257515,0.0
2017-10-30,34.494999,34.494999,34.494999,34.494999,34.321583000000004,1000,34.129222000000006,34.21166428571427,33.66092326,33.186108519999976,34.498329162597656,34.087769,0.009654044627327815,0.0,-0.1767461625976523
2017-10-31,34.259998,34.259998,34.259998,34.259998,34.087769,200,34.10987522222223,34.22421976190475,33.6876881,33.20546418999998,34.511653900146484,34.237015,0.7345473287724106,0.42388490014648283,0.0
2017-11-01,34.325001,34.455002,34.325001,34.41,34.237015,8600,34.107111333333336,34.23108985714284,33.707886020000004,33.22633666999998,34.60718536376953,33.868874,0.5730466834336956,0.0,-0.3701703637695317
2017-11-02,34.040001000000004,34.040001000000004,34.040001000000004,34.040001000000004,33.868874,400,34.05349322222223,34.208821476190465,33.72072112,33.246064464999975,34.61360549926758,34.306667,1.6850895488151552,0.74473149926758,0.0
2017-11-03,34.34,34.48,34.34,34.48,34.306667,1600,34.08610711111112,34.1946077142857,33.75872916,33.26857778499998,34.691349029541016,34.575298,0.6129612225667598,0.38468202954101827,0.0
2017-11-06,34.360001000000004,34.759998,34.360001000000004,34.75,34.575298,3800,34.14414722222223,34.19318590476189,33.80101538,33.29178797499998,34.70191192626953,34.485756,-0.13838294598696044,0.0,-0.12661392626953472
2017-11-07,34.740002000000004,34.740002000000004,34.474998,34.66,34.485756,4000,34.2121378888889,34.207636714285705,33.8406153,33.314053314999974,34.7779426574707,34.485756,0.3402846435969606,0.0,0.0
2017-11-08,34.66,34.66,34.66,34.66,34.485756,0,34.28123355555556,34.22208752380951,33.881508620000005,33.33393234999997,34.83633804321289,34.39621,0.5087652718202367,0.0,-0.35058204321288855
2017-11-09,34.52,34.57,34.505001,34.57,34.39621,1400,34.30721422222223,34.22114004761904,33.90717910000001,33.353363654999974,34.936100006103516,34.39621,1.0590107205771344,0.0,0.0
2017-11-10,34.57,34.57,34.57,34.57,34.39621,0,34.31550611111111,34.22019257142856,33.92857108000001,33.37314295499997,34.96830368041992,35.07278400000001,1.1521656940119223,0.5720936804199184,0.0
2017-11-13,35.040001000000004,35.25,34.98,35.25,35.07278400000001,2800,34.42495222222223,34.267098047619044,33.95643018000001,33.39647912499997,35.08167266845703,34.814098,-0.47752434480274825,0.0,-0.008888668457018412
2017-11-14,34.955002,34.990002000000004,34.955002,34.990002000000004,34.814098,600,34.489072555555566,34.293156952380954,33.98707532000001,33.42080875499997,35.146602630615234,34.774296,0.4475582213891566,0.0,-0.33250463061523305
2017-11-15,34.584999,34.950001,34.529999,34.950001,34.774296,2400,34.58967500000001,34.31732052380953,34.00637770000001,33.442751904999966,35.166587829589844,35.600121,0.619704787962219,0.3922918295898441,0.0
2017-11-16,35.165001000000004,35.779999,35.165001000000004,35.779999,35.600121,1800,34.733392111111115,34.38104580952381,34.05135040000001,33.468575624999964,35.34857940673828,35.600121,-1.2057563032959149,0.0,0.0
2017-11-17,35.779999,35.779999,35.779999,35.779999,35.600121,0,34.84726133333334,34.444771095238096,34.10070092000001,33.49519476499997,35.583736419677734,35.789169,-0.5485259525084453,-0.016384580322267084,0.0
2017-11-20,36.115002,36.115002,35.869999,35.970001,35.789169,2000,34.99208500000001,34.51323452380952,34.153832400000006,33.524598604999966,35.761104583740234,36.376205,-0.5807517666173238,-0.028064416259766745,0.0
2017-11-21,36.560001,36.560001,36.560001,36.560001,36.376205,1000,35.20213488888891,34.62576133333333,34.20656592000001,33.55626645499997,36.07383346557617,36.316505,-1.32977987178892,0.0,0.3023715344238269
2017-11-22,36.424999,36.514999,36.424999,36.5,36.316505,1600,35.41550100000002,34.73355028571429,34.245867280000006,33.58602008999996,36.41774368286133,36.3563,-0.22535977298266266,0.10123868286132875,0.0
2017-11-24,36.540001,36.540001,36.540001,36.540001,36.3563,800,35.63328877777779,34.851762666666666,34.29690938000001,33.61376037499996,36.63417053222656,36.396107,0.2577162825654161,0.2778705322265651,0.0
2017-11-27,36.900002,36.900002,36.52,36.580002,36.396107,3000,35.78032466666669,34.97234419047619,34.34944402000001,33.640705424999965,36.82306671142578,36.35133,0.6644742978028839,0.0,-0.4269597114257806
2017-11-28,36.59,36.59,36.535,36.535,36.35133,1200,35.951128222222245,35.07657971428572,34.406953400000006,33.66528884999997,36.93175506591797,37.724388,1.0859588501928896,0.5804250659179715,0.0
2017-11-29,37.830002,37.915001,37.830002,37.915001,37.724388,2000,36.27891622222224,35.23861804761905,34.494709900000004,33.69648897999996,37.1851921081543,38.077606,-1.9248552620259718,-0.5391958918457007,0.0
2017-11-30,38.279999,38.279999,38.27,38.27,38.077606,1000,36.554192333333354,35.428610285714285,34.58913288000001,33.72741693499996,37.54285430908203,38.286545,-1.900041000569563,-0.5347516909179717,0.0
2017-12-01,38.424999,38.490002,38.189999,38.48,38.286545,14000,36.852683888888905,35.62144504761905,34.68773464,33.75986183999996,37.90884017944336,39.2467,-1.4843030679746299,-0.37770482055663734,0.0
2017-12-04,39.759998,39.759998,39.445,39.445,39.2467,11000,37.236854000000015,35.877532,34.8055395,33.797107519999955,38.47472381591797,39.037754,-2.459820469215443,0.0,0.7719761840820283
2017-12-05,39.330002,39.43,39.235001,39.235001,39.037754,3400,37.53258166666668,36.10282185714286,34.9214538,33.83079787499995,39.02132034301758,39.072582,-0.5446174373295385,-0.016433656982421496,0.0
2017-12-06,38.619999,39.27,38.525002,39.27,39.072582,6800,37.83881244444446,36.31697823809524,35.03806466,33.86466236999995,39.232704162597656,38.440769,-0.0949728479815301,0.0,-0.1601221625976592
2017-12-07,39.084999,39.084999,38.634998,38.634998,38.440769,1600,38.070420111111126,36.5053121904762,35.142039260000004,33.89698352499995,39.34975051879883,39.09745,1.850013086059497,0.908981518798825,0.0
2017-12-08,39.02,39.294998,39.02,39.294998,39.09745,1400,38.37056933333334,36.724916666666665,35.25914748,33.93233950999995,39.50191879272461,39.002926,0.5265830341169879,0.0,-0.40446879272460734
2017-12-11,39.494999,39.494999,39.200001,39.200001,39.002926,2400,38.66519111111111,36.944284095238096,35.37436522,33.96625342999995,39.451263427734375,39.430767,0.6409755646036199,0.4483374277343728,0.0
2017-12-12,39.450001,39.630001,39.43,39.630001,39.430767,2400,38.854788777777785,37.184024904761905,35.48649848,34.004071439999954,39.49334716796875,39.072582,-0.3448241952637095,0.0,-0.06258016796874699
2017-12-13,39.27,39.27,39.27,39.27,39.072582,400,38.965341666666674,37.37449147619048,35.58609526000001,34.03863190999995,39.569908142089844,39.072582,0.7637080267120973,0.0,0.0
2017-12-14,39.27,39.27,39.27,39.27,39.072582,0,39.052679111111125,37.57727642857143,35.68081670000001,34.07368958499995,39.65056610107422,39.072582,0.9691013523662225,0.0,0.0
2017-12-15,39.27,39.27,39.27,39.27,39.072582,0,39.03333266666668,37.78195671428571,35.77016522,34.10912010999994,39.674781799316406,39.072582,1.030765977378159,0.0,0.0
2017-12-18,39.27,39.27,39.27,39.27,39.072582,0,39.03720244444446,37.947312,35.859513740000004,34.14661377499994,39.658546447753906,40.32127,0.9894230907917063,0.5859644477539092,0.0
2017-12-19,40.525002,40.525002,40.525002,40.525002,40.32127,2200,39.17594555555557,38.17212861904762,35.98229336,34.19077346499994,39.84927749633789,40.286449,-1.6674262068194592,0.0,0.47199250366210777
2017-12-20,40.389999,40.490002,40.389999,40.490002,40.286449,600,39.38102111111113,38.38628480952381,36.10437656,34.234759049999944,40.08184051513672,40.719261,-1.0080549881506013,-0.20460848486327876,0.0
2017-12-21,40.924999,40.924999,40.924999,40.924999,40.719261,400,39.561222333333355,38.59309699999999,36.23043963999999,34.280883839999944,40.408241271972656,40.565037,-1.2626945403892214,0.0,0.3110197280273468
2017-12-22,40.689999,40.77,40.689999,40.77,40.565037,600,39.734790222222244,38.795408047619034,36.353418239999996,34.32636179499994,40.700897216796875,40.737812,-0.16949419475871505,0.13586021679687832,0.0
2017-12-26,40.419998,40.935001,40.419998,40.91,40.737812,2600,39.88001744444447,39.00405147619046,36.4864191,34.37170933499995,40.980918884277344,40.563545,0.1733534203797291,0.0,-0.24310688427734561
2017-12-27,41.115002,41.115002,40.735001,40.735001,40.563545,2400,40.045680000000026,39.20250090476189,36.612352779999995,34.417005829999944,41.06147766113281,40.717896,0.8014647185913059,0.49793266113281476,0.0
2017-12-28,40.865002,40.889999,40.865002,40.889999,40.717896,1400,40.22849266666669,39.410432619047604,36.74137348,34.462278639999944,41.14802169799805,40.553581,0.6310166405189782,0.0,-0.4301256979980437
2017-12-29,40.875,40.875,40.724998,40.724998,40.553581,2800,40.393048111111135,39.545156095238085,36.8672073,34.50516385499995,41.124549865722656,41.230717,0.9810973243575282,0.570968865722655,0.0
2018-01-02,41.389999,41.404999,41.389999,41.404999,41.230717,1200,40.632840888888914,39.695304238095225,37.00658383999999,34.55108672499995,41.25484848022461,41.544395,-0.3626386267401847,0.02413148022461087,0.0
2018-01-03,41.720001,41.720001,41.68,41.720001,41.544395,1600,40.76874366666669,39.85043995238094,37.15044299999999,34.60019373999995,41.46186828613281,41.638999999999996,-0.6187265284753731,-0.08252671386718902,0.0
2018-01-04,41.860001,41.860001,41.549999,41.814999,41.638999999999996,3200,40.919027111111134,39.96435899999998,37.30296015999999,34.65293065999995,41.62990951538086,42.201618,-0.44263897894423215,-0.009090484619136419,0.0
2018-01-05,42.369999,42.380001,42.369999,42.380001,42.201618,2000,41.08373344444446,40.115019190476175,37.46593377999999,34.70888597499995,41.92321014404297,42.570065,-1.0778453166082542,-0.27840785595703466,0.0
2018-01-08,42.755001,42.755001,42.48,42.75,42.570065,7400,41.306514333333354,40.281565999999984,37.63985827999999,34.76442088499996,42.29473114013672,42.570065,-1.0649563973410088,0.0,0.0
2018-01-09,42.924999,43.299999,42.75,42.75,42.570065,5400,41.51009800000001,40.47819914285713,37.81398168,34.819955794999956,42.59670639038086,42.604919,-0.35858154296875,0.026641390380859775,0.0
2018-01-10,42.75,42.785,42.345001,42.785,42.604919,8400,41.73691733333335,40.645221476190464,37.98283238,34.87593847999996,42.787174224853516,44.013969,0.005081745596632081,0.1822552248535132,0.0
2018-01-11,42.919998,44.200001,42.919998,44.200001,44.013969,3400,42.103147666666686,40.88384257142856,38.176680100000006,34.936082169999956,43.13825607299805,45.308487,-2.4021377895488136,-0.8757129270019561,0.0
2018-01-12,45.330002,45.5,45.014999,45.5,45.308487,3200,42.63147055555558,41.16373399999999,38.40109446,35.00202712999996,43.710079193115234,44.945023,-3.9338918832632213,0.0,1.5984078068847651
2018-01-16,46.025002,46.25,44.709999,45.134998,44.945023,7800,43.04417122222224,41.44337404761903,38.61525462,35.06453857499996,44.27685546875,45.423008,-1.9012796483340997,-0.6681675312499991,0.0
2018-01-17,45.82,45.82,44.985001,45.615002,45.423008,4000,43.47512822222224,41.745775285714274,38.8463373,35.129290754999964,44.79558181762695,45.427982,-1.7963830898725903,-0.6274261823730498,0.0
2018-01-18,45.415001,45.685001,45.415001,45.619999,45.427982,1400,43.896126222222236,42.04841338095237,39.068763600000004,35.19521161999997,45.364051818847656,46.045376000000005,-0.5610416193835158,-0.06393018115234383,0.0
2018-01-19,45.82,46.240002,45.794998,46.240002,46.045376,2400,44.323210444444456,42.38045119047618,39.29816516,35.264642104999965,45.85355758666992,46.73247099999999,-0.8357361518498098,-0.19181841333007554,0.0
2018-01-22,46.244999,46.93,46.244999,46.93,46.732471,1400,44.785700000000006,42.68574647619047,39.54309946,35.337060544999964,46.09822082519531,47.792984,-1.7723826439477675,-0.6342501748046843,0.0
2018-01-23,48.450001,48.450001,47.674999,47.994999,47.792984,5400,45.36602433333334,43.04320052380952,39.80924402,35.41448314499996,46.605106353759766,47.827831,-2.8959113974358752,-1.1878776462402314,0.0
2018-01-24,48.810001,48.810001,47.5,48.029999,47.827831,3200,45.946347888888894,43.38170385714285,40.07787644,35.492079979999964,47.1497802734375,47.952312,-1.8326436495709622,-0.6780507265625033,0.0
2018-01-25,49.27,49.27,47.775002,48.154999,47.952312,1400,46.383941555555566,43.73347885714285,40.34899848,35.569926239999965,47.76172637939453,48.973,-0.8166807782624299,-0.1905856206054679,0.0
2018-01-26,48.25,49.18,48.25,49.18,48.973,2600,46.79110966666668,44.12563066666666,40.6270028,35.652453249999965,48.290714263916016,48.90329400000001,-1.80822638488,0.0,0.6822857360839834
2018-01-29,49.279999,49.950001,48.735001,49.110001,48.903294,21400,47.23091755555557,44.52276157142857,40.90878672,35.73572580499996,48.812191009521484,48.16143,-0.6064141405301795,0.0,0.09110299047851811
2018-01-30,48.57,48.57,48.189999,48.365002,48.16143,8600,47.53518666666668,44.877215571428565,41.1765294,35.81695492499996,48.8687858581543,47.78801,1.0416289410146204,0.0,-0.707355858154294
2018-01-31,48.740002,49.110001,47.869999,47.990002,47.78801,6600,47.797412000000016,45.22171219047618,41.42028718,35.893581854999965,48.89910125732422,46.777283,1.8943513636949252,0.0,-1.1110912573242189
2018-02-01,47.634998,47.904999,46.950001,46.974998,46.777283,17400,47.87873500000002,45.48583438095237,41.64383042,35.96580164999997,48.65172576904297,45.93085900000001,3.569404662971927,0.0,-1.8744427690429717
2018-02-02,46.98,47.349998,45.650002,46.125,45.93085900000001,6800,47.78966700000002,45.69471361904761,41.84666422,36.03281958999997,48.232826232910156,42.759266,4.569812971078929,0.0,-2.301967232910144
2018-02-05,44.904999,46.040001,42.674999,42.939999,42.759266,14800,47.23036500000003,45.748059619047616,41.97432544,36.080722384999966,47.24501419067383,44.21312,10.025652750187133,4.4857481906738315,0.0
2018-02-06,40.305,44.400002,40.0,44.400002,44.21312,20600,46.82873044444447,45.84384542857142,42.13225774000001,36.13589444999997,46.03509521484375,44.561653,3.682642209889426,1.8219752148437465,0.0
2018-02-07,45.064999,45.244999,44.639999,44.75,44.561653,3200,46.451990555555575,45.938682952380944,42.29636480000001,36.191814589999964,45.30859375,42.047268,1.248254189944134,0.0,-0.7469407500000003
2018-02-08,42.5,42.535,42.224998,42.224998,42.047268,4600,45.6824647777778,45.91378785714285,42.40938802000001,36.23202992999997,44.32253646850586,40.73283,4.967527691785468,0.0,-2.275268468505857
2018-02-09,41.810001,41.810001,38.52,40.904999,40.73283,8800,44.77463544444446,45.82464076190475,42.497018020000006,36.26400718499997,43.204315185546875,42.072166,5.621112924478689,2.471485185546875,0.0
2018-02-12,41.485001,42.25,41.0,42.25,42.072166,6800,44.098050555555574,45.73217395238095,42.58397358,36.30225844999997,42.707218170166016,42.460529,1.082173183824889,0.6350521701660128,0.0
2018-02-13,42.380001,42.705002,42.380001,42.639999,42.460529,3400,43.506108222222245,45.5965569047619,42.671632040000006,36.34434119499996,42.76644515991211,43.79987,0.29654353395295874,0.3059161599121083,0.0
2018-02-14,42.345001,44.040001,42.235001,43.985001,43.79987,3400,43.17528455555558,45.5420258095238,42.78189854,36.390907719999966,42.405696868896484,44.38739,-3.590551540747976,-1.3941731311035142,0.0
2018-02-15,44.755001,44.755001,43.845001,44.575001,44.38739,3800,43.003788000000014,45.49271066666666,42.88471233999999,36.439491854999964,42.80852127075195,44.551689,-3.962938170765374,-1.5788687292480503,0.0
2018-02-16,44.98,44.98,44.740002,44.740002,44.551689,1200,43.20294611111113,45.45098242857142,42.994991039999995,36.49178175999996,43.62332534790039,43.471256,-2.4959244572666903,0.0,0.9283636520996126
2018-02-20,44.5,44.5,43.654999,43.654999,43.471256,3800,43.120516777777794,45.328405285714275,43.08296452,36.53834622499996,44.10028839111328,43.964172,1.0200192447909224,0.6290323911132845,0.0
2018-02-21,44.380001,44.380001,44.150002,44.150002,43.964172,1000,43.05413000000002,45.19658152380951,43.19343258,36.58563481499996,44.44441604614258,44.113537,0.6668494514282864,0.4802440461425803,0.0
2018-02-22,44.095001,44.299999,44.095001,44.299999,44.113537,3000,43.283715444444475,45.021369761904744,43.29375432,36.633545889999965,44.658626556396484,44.546711,0.8095430349704629,0.5450895563964835,0.0
2018-02-23,44.290001,44.735001,44.290001,44.735001,44.546711,15600,43.70748000000003,44.86512595238093,43.40463001999999,36.683026099999964,44.66093826293945,45.333389,-0.16555881391517974,0.11422726293945118,0.0
2018-02-26,45.375,45.529999,45.25,45.525002,45.333389,17000,44.069838111111146,44.74041533333331,43.52268246,36.736738104999965,44.760623931884766,43.984085,-1.6790291807460767,0.0,0.5727650681152312
2018-02-27,45.595001,45.595001,44.169998,44.169998,43.984085,6400,44.23912211111114,44.50284795238093,43.620912520000005,36.78457383499997,44.92704391479492,43.89447,1.7139369460576437,0.0,-0.9429589147949216
2018-02-28,44.080002,44.080002,44.080002,44.080002,43.89447,1800,44.24963322222226,44.26433252380951,43.71735028000001,36.83293118499997,44.89000701904297,42.415718,1.8375793609151116,0.0,-0.9955370190429704
2018-03-01,43.965,43.965,42.349998,42.595001,42.415718,3400,44.030558555555594,43.99072719047617,43.784213000000015,36.87414339999997,44.71091079711914,42.156815,4.967507330541293,0.0,-2.2951927971191424
2018-03-02,41.794998,42.619999,41.404999,42.334999,42.156815,4000,43.764461444444485,43.72257504761903,43.84589766000002,36.91587620999997,44.23081588745117,43.725182,4.478131409548795,2.07400088745117,0.0
2018-03-05,43.490002,43.91,43.490002,43.91,43.725182,1600,43.792675444444484,43.57723690476189,43.913975900000025,36.969354509999974,43.8812255859375,43.884506,-0.06553043512297106,0.15604358593750334,0.0
2018-03-06,44.115002,44.115002,44.07,44.07,43.884506,1400,43.783823666666706,43.4797915238095,43.98593704000002,37.02362942999998,43.713985443115234,43.132683,-0.8078387948372269,0.0,0.17052055688476742
2018-03-07,43.314999,43.314999,43.314999,43.314999,43.132683,400,43.674839888888926,43.49757328571427,44.03420548000001,37.070589669999976,43.564178466796875,43.874554,0.575272936741554,0.4314954667968749,0.0
2018-03-08,43.75,44.299999,43.75,44.060001,43.874554,8000,43.600155777777815,43.48145109523808,44.10039582000001,37.11994143999998,43.7070198059082,44.23801,-0.8011375081262404,-0.16753419409180026,0.0
2018-03-09,44.424999,44.424999,44.424999,44.424999,44.23801,800,43.47844700000004,43.466039523809506,44.17039978000002,37.171110489999975,44.18058395385742,45.413048,-0.5501745675730411,-0.057426046142580844,0.0
2018-03-12,45.32,45.834999,45.32,45.605,45.413048,3200,43.63722066666671,43.626314761904744,44.267389840000014,37.22845309499998,44.53562545776367,45.472794,-2.344862498051365,-0.8774225422363315,0.0
2018-03-13,46.235001,46.235001,45.665001,45.665001,45.472794,2000,43.812590000000036,43.85202733333332,44.36248780000001,37.28229024499998,44.903194427490234,44.67617,-1.6682504233598117,0.0,0.569599572509766
2018-03-14,44.794998,44.865002,44.794998,44.865002,44.67617,1800,44.06375133333337,43.9760275238095,44.44493958000001,37.332144274999976,45.20785903930664,44.467045,0.7641970890955131,0.0,-0.5316890393066416
2018-03-15,44.919998,45.025002,44.654999,44.654999,44.467045,800,44.32044355555559,44.071575904761886,44.50966614000001,37.37963485499998,45.38331985473633,44.686119,1.6309951204709054,0.9162748547363293,0.0
2018-03-16,44.875,44.875,44.875,44.875,44.686119,200,44.42721433333337,44.11377823809522,44.57250062000001,37.429638079999975,45.47126007080078,43.939274,1.3287132496953342,0.0,-0.7851410708007833
2018-03-19,44.049999,44.125,44.02,44.125,43.939274,2400,44.433299666666706,44.092439380952364,44.618506100000005,37.46964133999998,45.190338134765625,43.640541,2.4143640447946173,0.0,-1.2510641347656275
2018-03-20,44.025002,44.025002,43.639999,43.825001,43.640541,3200,44.489728333333375,44.049051380952356,44.64728456000001,37.506335809999975,44.782073974609375,43.923473,2.1838515750618575,1.141532974609376,0.0
2018-03-21,44.09,44.09,44.09,44.09,43.923473,1000,44.49516377777782,44.0705855238095,44.67435272000001,37.545812489999975,44.63433074951172,42.787773,1.2345900419861995,0.0,-0.7108577495117174
2018-03-22,42.404999,42.950001,42.334999,42.950001,42.787773,1800,44.33402633333338,44.0145665238095,44.67870688000001,37.58197276999997,44.21479797363281,40.785366,2.944812442804861,0.0,-1.4270249736328111
2018-03-23,42.080002,42.080002,40.935001,40.939999,40.785366,2000,43.81983944444449,43.856082190476165,44.642315820000015,37.60812101499997,43.55949020385742,41.841362,6.398366555547355,2.7741242038574185,0.0
2018-03-26,41.939999,42.02,41.724998,42.0,41.841362,1800,43.416347000000044,43.72725604761903,44.598863680000015,37.642035639999975,43.12738800048828,42.209965,2.684257144019717,1.2860260004882846,0.0
2018-03-27,42.715,42.715,42.139999,42.369999,42.209965,5600,43.142324222222264,43.57852157142855,44.53689324000002,37.67963323999997,42.845703125,40.092991,1.1227381076879424,0.0,-0.6357381250000032
2018-03-28,40.290001,40.794998,40.23,40.244999,40.092991,3000,42.65631822222227,43.39323138095236,44.439852600000016,37.707565924999976,42.11937713623047,40.092991,4.657418767063378,0.0,0.0
2018-03-29,40.244999,40.244999,40.244999,40.244999,40.092991,0,42.145970666666706,43.21220857142855,44.33325226000001,37.73549860999998,41.64534378051758,38.274883,3.479549795783516,0.0,-1.5523527805175803
2018-04-02,39.845001,39.845001,38.365002,38.419998,38.274883,116400,41.51659388888893,43.01502595238093,44.19019028,37.75292345999998,41.142948150634766,39.300991,7.087325071268265,2.868065150634763,0.0
2018-04-03,39.5,39.59,39.095001,39.450001,39.300991,4800,41.0344216666667,42.87903433333331,44.05530258000001,37.77672211499998,40.643192291259766,40.501442,3.024565934129546,1.3422012912597623,0.0
2018-04-04,40.029999,40.685001,40.029999,40.654999,40.501442,8600,40.65419600000004,42.72552290476188,43.930682000000004,37.80873591499998,40.211605072021484,41.921059,-1.0906258489356062,-0.2898369279785129,0.0
2018-04-05,41.23,42.099998,41.23,42.080002,41.921059,15400,40.557894444444486,42.6320254285714,43.8132435,37.84551054999998,40.445030212402344,40.31216,-3.8853890444151036,0.0,1.4760287875976559
2018-04-06,41.41,41.424999,39.66,40.465,40.31216,14000,40.505316000000036,42.49771480952378,43.662930079999995,37.87692602999998,40.54623794555664,40.775406,0.20076101706817548,0.23407794555664196,0.0
2018-04-09,40.755001,40.93,40.715,40.93,40.775406,92000,40.38687644444448,42.3501363333333,43.51939196,37.91056322999998,40.886207580566406,40.581142,-0.10699345085168205,0.0,-0.11080158056640954
2018-04-10,41.325001,41.325001,40.48,40.735001,40.581142,3200,40.205896111111144,42.175999761904734,43.3515548,37.94330372499998,41.20310974121094,40.21254,1.1491560813044799,0.0,-0.6219677412109377
2018-04-11,40.424999,40.43,40.365002,40.365002,40.21254,1400,40.219179333333365,41.92835652380949,43.17773972,37.974201209999976,41.21475601196289,40.655857,2.1051752009398976,1.0022160119628936,0.0
2018-04-12,41.150002,41.150002,40.599998,40.810001,40.655857,4000,40.281720000000035,41.69897857142854,43.02762826,38.006519284999975,41.07278060913086,40.446651,0.6439098326188711,0.0,-0.4169236091308619
2018-04-13,40.59,40.599998,40.59,40.599998,40.446651,1000,40.52302755555559,41.497572904761874,42.88080108,38.039582294999974,41.04463195800781,41.178875,1.0951575859875982,0.5979809580078097,0.0
2018-04-16,40.57,41.555,40.535,41.334999,41.178875,18000,40.73168133333337,41.34099338095235,42.76883292,38.07384386499998,41.10268020629883,42.229889,-0.5620389484010275,-0.07619479370116977,0.0
2018-04-17,42.389999,42.389999,42.389999,42.389999,42.229889,600,40.92373100000004,41.22403004761901,42.694813520000004,38.118136389999975,41.37554168701172,42.229889,-2.3931524815282117,0.0,0.0
2018-04-18,42.389999,42.389999,42.389999,42.389999,42.229889,0,40.95804544444448,41.14263076190473,42.68422598000001,38.15951860999998,41.768524169921875,42.553661,-1.4660883338971724,-0.461364830078125,0.0
2018-04-19,43.02,43.02,42.650002,42.715,42.553661,1200,41.20710111111114,41.090874571428536,42.651036800000014,38.203639054999975,42.15156173706055,42.44905900000001,-1.319064176377049,0.0,0.4020992629394513
2018-04-20,42.610001,42.610001,42.610001,42.610001,42.44905900000001,400,41.393062555555595,41.020664380952354,42.608784920000005,38.24915178999997,42.55249786376953,42.394264,-0.13495220577550718,0.0,-0.10343886376951872
2018-04-23,42.555,42.555,42.555,42.555,42.394264,400,41.5945205555556,41.00192585714283,42.61572484000001,38.296082004999974,42.87145233154297,40.705666,0.7436313747925485,0.0,-0.477188331542969
2018-04-24,40.82,40.919998,40.810001,40.860001,40.705666,4200,41.64931233333338,40.99813061904759,42.61518156000001,38.33292751999997,42.575870513916016,40.705666,4.199386862266643,0.0,0.0
2018-04-25,40.860001,40.860001,40.860001,40.860001,40.705666,0,41.654846666666714,40.94404985714283,42.58785156000001,38.37039490499997,42.27246856689453,41.841362,3.4568466283065793,1.5668025668945305,0.0
2018-04-26,41.875,42.0,41.875,42.0,41.841362,2400,41.809814555555604,40.9264973333333,42.57546822000001,38.41369003999997,42.083072662353516,42.553661,0.19779205322265625,0.241710662353519,0.0
2018-04-27,43.540001,43.540001,42.715,42.715,42.553661,1400,41.9625685555556,41.043672095238065,42.55054404000001,38.45870592499997,42.179840087890625,42.553661,-1.2528617865138203,0.0,0.0
2018-04-30,42.715,42.715,42.715,42.715,42.553661,0,41.99854322222226,41.16084685714283,42.513869460000016,38.50305023499997,42.211448669433594,41.562416,-1.1788630002725264,0.0,0.34221233056640443
2018-05-01,41.689999,41.720001,41.599998,41.720001,41.562416,1000,41.92437955555559,41.31739604761902,42.45408400000002,38.54243831999997,42.38589859008789,41.562416,1.5961111556250611,0.0,0.0
2018-05-02,41.720001,41.720001,41.720001,41.720001,41.562416,0,41.81424122222226,41.425082952380926,42.41590720000003,38.57956281999997,42.557865142822266,40.451633,2.0083032663931673,0.0,-0.9954491428222667
2018-05-03,40.605,40.605,40.605,40.605,40.451633,600,41.59230500000004,41.42271109523807,42.34565642000003,38.61031255999997,42.29962158203125,40.451633,4.173430814016139,0.0,0.0
2018-05-04,40.605,40.605,40.605,40.605,40.451633,1000,41.376457111111144,41.3527384285714,42.27241834000003,38.639644469999965,41.79572677612305,42.727997,2.9324634309150355,1.3440937761230458,0.0
2018-05-07,42.724998,42.985001,42.724998,42.889999,42.727997,2400,41.601160555555595,41.46777828571426,42.23604406000003,38.680930309999965,41.80490493774414,42.180077,-2.529946578585517,0.0,0.9230920622558614
2018-05-08,42.48,42.485001,42.34,42.34,42.180077,1400,41.764984000000034,41.53466738095236,42.172977820000035,38.719824794999965,41.949588775634766,42.309586,-0.9220860282598907,-0.23048822436523153,0.0
2018-05-09,42.345001,42.5,42.345001,42.470001,42.309586,1400,41.81700888888892,41.61697423809521,42.13948784000003,38.75971504999996,42.08827209472656,42.68317800000001,-0.8988200995649633,-0.22131390527344053,0.0
2018-05-10,42.84,42.845001,42.84,42.845001,42.68317800000001,1400,41.831399666666705,41.73462366666664,42.11526200000003,38.799458474999966,42.53220748901367,42.917282,-0.7300583584683112,-0.1509705109863404,0.0
2018-05-11,43.080002,43.080002,43.080002,43.080002,42.917282,400,41.87180200000004,41.84231057142855,42.12529328000002,38.84012364499997,43.0206298828125,43.241055,-0.13781827862380402,0.10334788281249985,0.0
2018-05-14,42.950001,43.404999,42.950001,43.404999,43.241055,3200,42.05831744444449,41.975377428571406,42.146978080000025,38.87887553499997,43.09004592895508,42.483925,-0.7256147409309202,0.0,0.15100907104492478
2018-05-15,42.645,42.645,42.645,42.645,42.483925,400,42.16070733333338,42.037522666666646,42.12215294000002,38.91742367999998,43.13846969604492,43.370564,1.1571572190055546,0.6545446960449226,0.0
2018-05-16,43.650002,43.650002,43.535,43.535,43.370564,800,42.485033000000044,42.0918405238095,42.11187410000002,38.960330364999976,43.367923736572266,43.370564,-0.3837745800568071,0.0,0.0
2018-05-17,43.535,43.535,43.535,43.535,43.370564,1000,42.80935866666671,42.146158380952365,42.11663172000002,39.00268983499998,43.50423049926758,43.370564,-0.07067761739386348,0.0,0.0
2018-05-18,43.535,43.535,43.535,43.535,43.370564,0,42.88075500000004,42.1850585238095,42.10655192000002,39.04504930499998,43.593589782714844,43.370564,0.13458087220591974,0.0,0.0
2018-05-21,43.535,43.535,43.535,43.535,43.370564,1000,43.01303133333337,42.228939714285694,42.08920300000002,39.08740877499998,43.66924285888672,43.226116,0.30835617063678,0.0,-0.2986788588867171
2018-05-22,43.389999,43.389999,43.389999,43.389999,43.226116,400,43.11486800000004,42.26855171428569,42.04546436000001,39.131160299999976,43.81760787963867,43.226116,0.9855010128916314,0.0,0.0
2018-05-23,43.389999,43.389999,43.389999,43.389999,43.226116,400,43.175194444444486,42.388573142857126,42.000530800000014,39.174090979999974,43.77736282348633,43.380531,0.8927490952150632,0.5512468234863306,0.0
2018-05-24,43.544998,43.544998,43.544998,43.544998,43.380531,800,43.226666555555596,42.515947666666655,41.97461802000001,39.21742063499997,43.7784538269043,43.674412,0.5361254739391588,0.39792282690429914,0.0
2018-05-25,43.810001,43.880001,43.810001,43.84,43.674412,3400,43.274817333333374,42.60323576190475,41.95876536000001,39.26435890499997,43.83488464355469,42.967098,-0.011668240066870233,0.0,-0.16047264355469082
2018-05-29,43.130001,43.130001,43.130001,43.130001,42.967098,600,43.32850322222227,42.62292323809522,41.92438494000001,39.31221307999997,43.75873565673828,42.967098,1.4577663857190293,0.0,0.0
2018-05-30,43.130001,43.130001,43.130001,43.130001,42.967098,0,43.283673666666715,42.642610714285695,41.904941420000014,39.35969417499997,43.7081184387207,43.19622800000001,1.3404067361851049,0.7410204387207031,0.0
2018-05-31,43.360001,43.360001,43.360001,43.360001,43.19622800000001,400,43.26430300000005,42.72041128571426,41.89605516,39.40541062999997,43.70078659057617,43.769058,0.785944609586552,0.5045585905761598,0.0
2018-06-01,43.935001,43.935001,43.935001,43.935001,43.769058,800,43.30858011111116,42.825489476190455,41.89296686000001,39.45620501999997,43.773372650146484,44.361805,-0.36788061038968767,0.004314650146483245,0.0
2018-06-04,44.25,44.575001,44.25,44.529999,44.361805,4000,43.41871800000005,43.011688142857125,41.92444750000001,39.50904279499997,43.88323974609375,44.361805,-1.4524124599828683,0.0,0.0
2018-06-05,44.529999,44.529999,44.529999,44.529999,44.361805,0,43.54490566666672,43.19788680952379,41.99597628000001,39.561880569999964,44.15959167480469,44.361805,-0.8318152560374166,0.0,0.0
2018-06-06,44.529999,44.529999,44.529999,44.529999,44.361805,0,43.67109333333339,43.27568719047617,42.046385140000005,39.62071304499997,44.437530517578125,44.361805,-0.2076543554871213,0.0,0.0
2018-06-07,44.529999,44.529999,44.529999,44.529999,44.361805,0,43.78012377777783,43.37957899999998,42.08942194,39.678774434999966,44.66986846923828,46.174930999999994,0.31410166714417553,0.3080634692382844,0.0
2018-06-08,46.375,46.375,46.349998,46.349998,46.174931,400,44.05795922222227,43.56364304761903,42.21106074,39.74351349499996,45.139930725097656,46.83741799999999,-2.610716994858,-1.0350002749023446,0.0
2018-06-11,46.855,47.185001,46.555,47.014999,46.837418,46600,44.48799477777783,43.76146399999998,42.345949280000006,39.81156498999996,45.62025833129883,46.83741799999999,-2.9665866178178053,0.0,1.2171596687011714
2018-06-12,47.014999,47.014999,47.014999,47.014999,46.837418,0,44.918030333333384,43.94813714285712,42.51719998000001,39.88372075499996,46.11178207397461,47.773872,-1.9211250563365825,-0.7256359260253902,0.0
2018-06-13,47.785,47.955002,47.785,47.955002,47.773872,2400,45.42665744444449,44.163985571428555,42.68665760000001,39.96028517999996,46.76921463012695,48.177341000000006,-2.472708415011738,-1.004657369873044,0.0
2018-06-14,48.360001,48.360001,48.279999,48.360001,48.177341,1000,45.916466666666715,44.435100619047596,42.840175580000015,40.03864308499996,47.51786804199219,48.27695799999999,-1.7413832518485877,-0.6594729580078109,0.0
2018-06-15,48.209999,48.459999,48.209999,48.459999,48.276958,1400,46.35148366666672,44.66873842857141,42.967293560000016,40.11782242499996,47.904449462890625,48.28693,-1.1464084782778852,-0.3725085371093755,0.0
2018-06-18,48.470001,48.470001,48.470001,48.470001,48.28693,600,46.78760866666671,44.90285109523808,43.12678896000002,40.19369364499996,48.2314453125,47.31560499999999,-0.4921718229384881,0.0,0.05548468749999813
2018-06-19,47.494999,47.494999,47.494999,47.494999,47.315605,400,47.11580866666671,45.090710190476166,43.257592940000016,40.263638614999955,48.33156204223633,48.686581000000004,1.7613707966102454,1.0159570422363302,0.0
2018-06-20,48.865002,48.865002,48.865002,48.865002,48.686581,400,47.596339333333376,45.34385385714284,43.41970172000001,40.33867237499996,48.522220611572266,48.766285,-0.7014864921682216,-0.16436038842773115,0.0
2018-06-21,48.945,48.945,48.945,48.945,48.766285,1000,47.884267555555596,45.60767142857141,43.590776620000014,40.416094594999954,48.64033126831055,48.895813000000004,-0.6224716144436682,-0.12595373168945656,0.0
2018-06-22,49.0,49.099998,49.0,49.075001,48.895813,1800,48.11297811111115,45.87765699999998,43.75557574000001,40.49152777499995,48.78044509887695,46.733738,-0.6002157822127139,0.0,0.11536790112304374
2018-06-25,47.369999,47.369999,46.715,46.904999,46.733738,2600,48.10145811111115,46.0373335238095,43.88131748000001,40.55843903499996,48.52485656738281,47.311619,3.453485986393084,1.79111856738281,0.0
2018-06-26,47.485001,47.485001,47.485001,47.485001,47.311619,1400,48.050096666666704,46.210533857142835,44.003972360000006,40.62933415499995,48.51955795288086,46.051235000000005,2.178702603124853,0.0,-1.207938952880859
2018-06-27,47.540001,47.540001,46.220001,46.220001,46.051235,2000,47.81386266666671,46.3573975238095,44.08039928,40.69392735499996,48.13691329956055,46.320255,4.147365335540653,2.0856782995605485,0.0
2018-06-28,45.990002,46.619999,45.549999,46.490002,46.320255,2400,47.59645122222227,46.517071666666645,44.1622066,40.75683098499995,47.58821487426758,46.310286999999995,2.3622560271509156,0.0,-1.267959874267575
2018-06-29,46.799999,46.805,46.48,46.48,46.310287,2200,47.37682422222227,46.66536019047617,44.237339119999994,40.816625234999954,47.108070373535156,45.97153500000001,1.3512701668140261,0.0,-0.7977833735351538
2018-07-02,45.73,46.139999,45.73,46.139999,45.971535,70000,47.22748311111116,46.770240047619026,44.30778864,40.87746193499995,46.85762023925781,45.98149500000001,1.5553126458841262,0.8860852392578096,0.0
2018-07-03,46.724998,46.84,46.150002,46.150002,45.981495,5400,46.92691800000005,46.84736814285713,44.379533259999995,40.938522534999954,46.65642166137695,46.19073100000001,1.0973339965986404,0.6749266613769507,0.0
2018-07-05,46.360001,46.549999,46.360001,46.360001,46.190731,2000,46.64074533333339,46.93445985714284,44.48923456000001,41.00209688499996,46.55664825439453,47.361439,0.42417439636063503,0.3659172543945317,0.0
2018-07-06,47.290001,47.575001,47.290001,47.535,47.361439,1800,46.470259333333395,47.077299571428554,44.622350020000006,41.07222126499995,46.801658630371094,48.273098,-1.5427398119888565,-0.5597803696289034,0.0
2018-07-09,48.0,48.450001,48.0,48.450001,48.273098,2600,46.64129933333339,47.2635516190476,44.75098474000001,41.14680446999995,47.10539627075195,48.576988,-2.775241901951761,-1.1677017292480443,0.0
2018-07-10,48.52,48.755001,48.52,48.755001,48.576988,1000,46.78189588888895,47.377935285714265,44.87145128,41.222907124999956,47.66157150268555,48.218295999999995,-2.2427022354372492,0.0,0.9154164973144532
2018-07-11,48.625,48.625,48.395,48.395,48.218296,1200,47.0226804444445,47.44369138095236,44.984743980000005,41.297216319999954,48.067176818847656,48.218295999999995,-0.6773906005834216,0.0,0.15111918115234602
2018-07-12,48.395,48.395,48.395,48.395,48.218296,0,47.23357388888894,47.50944747619045,45.117861579999996,41.372097604999944,48.46036911010742,49.289371,0.1350740987858637,0.2420731101074196,0.0
2018-07-13,48.884998,49.580002,48.884998,49.470001,49.289371,3200,47.564583222222275,47.58161409523807,45.27240067999999,41.45233426499995,48.80923080444336,49.38900400000001,-1.3356987713758972,-0.48014019555664333,0.0
2018-07-16,49.560001,49.57,49.505001,49.57,49.389004,1200,47.94430200000005,47.63931233333331,45.45114809999999,41.53306908999994,49.06891632080078,49.428864,-1.010860760942544,-0.32008767919921866,0.0
2018-07-17,48.985001,49.610001,48.985001,49.610001,49.428864,2600,48.32734300000005,47.69416499999998,45.630692719999985,41.61400321499994,49.20115280151367,49.493626,-0.8241245519957258,-0.22771119848632537,0.0
2018-07-18,49.599998,49.740002,49.595001,49.674999,49.493626,4400,48.69433133333338,47.75162671428569,45.76600529999999,41.695261149999936,49.421852111816406,49.36908300000001,-0.5096062270350391,0.0,0.07177388818359276
2018-07-19,49.66,49.900002,49.549999,49.549999,49.369083,2600,48.91740288888893,47.84941138095236,45.90978541999999,41.77298604499993,49.670780181884766,49.289371,0.24375617421256845,0.0,-0.30169718188476224
2018-07-20,49.470001,49.470001,49.470001,49.470001,49.289371,600,49.030322111111154,47.87811566666665,46.04938111999999,41.848969184999945,49.726314544677734,48.915737,0.5181191418971892,0.0,-0.43694354467773167
2018-07-23,48.98,49.095001,48.98,49.095001,48.915737,1600,49.06796088888893,47.885232428571406,46.17403229999998,41.921865319999945,49.62754440307617,48.442477999999994,1.084720220448042,0.0,-0.7118074030761719
2018-07-24,48.619999,48.619999,48.619999,48.619999,48.442478,800,49.09287000000004,47.86364504761903,46.28453621999998,41.99105192999995,49.500221252441406,48.751343,1.8104119098015743,1.057743252441405,0.0
2018-07-25,49.830002,49.830002,48.814999,48.93,48.751343,1600,49.152097444444486,47.95972147619046,46.39474197999998,42.06178286499995,49.44412612915039,49.16981100000001,1.0507380526269996,0.6927831291503921,0.0
2018-07-26,49.669998,49.669998,49.349998,49.349998,49.169811,1200,49.13881300000004,48.0482068095238,46.528459699999985,42.13672047499995,49.40947341918945,48.616837,0.12051757163081094,0.0,-0.2396624191894503
2018-07-27,49.924999,49.924999,48.73,48.794998,48.616837,2000,49.05301666666671,48.17037833333332,46.63338515999999,42.20889321499995,49.38997268676758,47.88950300000001,1.2193354055831265,0.0,-0.7731356867675814
2018-07-30,48.450001,48.665001,47.875,48.064999,47.88950300000001,4600,48.881976555555596,48.245104428571416,46.72376393999999,42.27626019499995,49.244537353515625,47.88950300000001,2.454048430367438,0.0,0.0
2018-07-31,48.064999,48.064999,48.064999,48.064999,47.88950300000001,0,48.703740666666704,48.32030519047618,46.81414271999999,42.34362717499996,49.13396453857422,47.411255,2.223999918473354,0.0,-1.2444615385742068
2018-08-01,48.044998,48.044998,47.584999,47.584999,47.411255,78200,48.486204222222256,48.388863285714265,46.894956539999995,42.41024460499996,48.806419372558594,48.213318,2.566818111225746,1.3951643725585967,0.0
2018-08-02,48.389999,48.389999,48.389999,48.389999,48.213318,1000,48.36664277777781,48.49514057142855,46.99470058,42.47997688999996,48.58222198486328,48.512222,0.3972370093731106,0.36890398486328024,0.0
2018-08-03,48.619999,48.689999,48.619999,48.689999,48.512222,1000,48.32180777777782,48.60568776190475,47.100422699999996,42.551203694999955,48.44154739379883,48.512222,-0.5102723583978142,0.0,0.0
2018-08-06,48.689999,48.689999,48.689999,48.689999,48.512222,0,48.32955711111115,48.66048695238093,47.20305652,42.62245535499996,48.524070739746094,49.8274,-0.3407850968612805,0.011848739746092463,0.0
2018-08-07,50.125,50.125,50.009998,50.009998,49.8274,1200,48.44911900000004,48.734501333333306,47.32611628000001,42.70028290499996,48.90894317626953,49.88220599999999,-2.2016694016473903,-0.918456823730466,0.0
2018-08-08,50.355,50.355,50.064999,50.064999,49.882206,2000,48.52827400000004,48.79665457142854,47.46441844000001,42.77793674999996,49.40648651123047,50.305649,-1.3153150942228753,-0.47571948876952774,0.0
2018-08-09,50.490002,50.490002,50.490002,50.490002,50.305649,1000,48.71591977777783,48.896052333333294,47.611189460000006,42.85939928499997,49.818572998046875,49.722778000000005,-1.3298256592525426,0.0,0.4870760019531275
2018-08-10,49.904999,49.904999,49.904999,49.904999,49.72277800000001,2000,48.919617000000045,48.9676943333333,47.74172046,42.93774848999996,50.070289611816406,49.319263,0.3312105302645326,0.0,-0.3475116118163939
2018-08-13,49.535,49.535,49.5,49.5,49.319263,2000,49.07847922222227,48.96911776190473,47.852724560000006,43.014975604999954,50.23609161376953,49.687915999999994,1.487053765190972,0.9168286137695318,0.0
2018-08-14,49.869999,49.869999,49.869999,49.869999,49.687916,800,49.33144155555561,48.98335166666664,47.95924678,43.094095709999955,50.195369720458984,49.687915999999994,0.6524377922265137,0.0,-0.5074537204589831
2018-08-15,49.869999,49.869999,49.869999,49.869999,49.687916,0,49.49528577777782,48.995687476190454,48.065769,43.17172336999997,50.12684631347656,49.687915999999994,0.51503372493864,0.0,-0.4389303134765612
2018-08-16,49.869999,49.869999,49.869999,49.869999,49.687916,0,49.625918444444494,49.004939380952365,48.17229122,43.24855503499996,50.004425048828125,50.161182,0.269552940693111,0.3165090488281237,0.0
2018-08-17,50.0,50.345001,50.0,50.345001,50.161182,2000,49.80913622222227,49.04265838095237,48.28827876,43.328922099999964,50.056480407714844,50.295685,-0.5730868736801886,-0.10470159228515286,0.0
2018-08-20,50.48,50.48,50.48,50.48,50.295685,800,49.861167888888936,49.09057809523808,48.370693839999994,43.409215449999955,50.243289947509766,50.295685,-0.46891848750045817,0.0,0.0
2018-08-21,50.48,50.48,50.48,50.48,50.295685,0,49.907110000000046,49.15628990476189,48.43985917999999,43.49134950499995,50.3631477355957,51.74537700000001,-0.23148229874067702,0.06746273559570426,0.0
2018-08-22,52.064999,52.064999,51.935001,51.935001,51.74537700000001,1400,50.06707977777782,49.313570809523796,48.538018359999995,43.57854305499995,50.7745361328125,51.46141400000001,-2.234456233451309,0.0,0.970840867187512
2018-08-23,51.615002,51.830002,51.615002,51.650002,51.46141400000001,1400,50.2602615555556,49.44262180952381,48.61176919999999,43.66297363499994,51.13086700439453,51.979511,-1.0051015982641576,-0.33054699560548073,0.0
2018-08-24,52.169998,52.169998,52.169998,52.169998,51.979511,1000,50.555844666666715,49.576417047619046,48.68781259999999,43.75044240999994,51.52394485473633,52.099083,-1.2383614530015346,-0.4555661452636741,0.0
2018-08-27,52.505001,52.505001,52.290001,52.290001,52.099083,1600,50.82375211111116,49.742238285714286,48.76425509999999,43.83850904499994,51.90279769897461,52.637108,-0.7404920512917704,-0.19628530102539088,0.0
2018-08-28,52.830002,52.830002,52.830002,52.830002,52.637108,800,51.151440111111164,49.968314714285704,48.851258659999985,43.929713534999934,52.3614387512207,53.319607000000005,-0.8869264263501205,-0.27566924877929466,0.0
2018-08-29,53.514999,53.514999,53.514999,53.514999,53.319607,600,51.554961333333395,50.226891095238074,48.97133869999999,44.02433051999993,52.655860900878906,53.23989499999999,-1.6054155193408428,0.0,0.6637460991210915
2018-08-30,53.814999,53.82,53.435001,53.435001,53.239895,2200,51.89704055555562,50.50444538095236,49.06240497999999,44.115166074999934,53.04022216796875,53.71814000000001,-0.7388019549793772,-0.19967283203124708,0.0
2018-08-31,53.724998,53.915001,53.724998,53.915001,53.71814000000001,1800,52.2773133333334,50.76657976190474,49.161442079999986,44.20968628499993,53.363216400146484,54.31595600000001,-1.023434275469108,-0.35492359985352806,0.0
2018-09-04,53.849998,54.575001,53.849998,54.514999,54.31595600000001,8200,52.72401011111118,51.042948047619014,49.269844939999984,44.30739458499994,53.71319580078125,53.24488100000001,-1.470793752043824,0.0,0.602760199218757
2018-09-05,53.5,53.790001,53.389999,53.439999,53.24488100000001,3600,52.89062166666673,51.268312761904724,49.40006779999999,44.39561838499994,53.85240936279297,53.24488100000001,0.7717259927212358,0.0,0.0
2018-09-06,53.439999,53.439999,53.439999,53.439999,53.24488100000001,1000,53.08878466666673,51.431049952380924,49.51873303999999,44.48384218499995,53.837032318115234,53.125317,0.7429515822319422,0.0,-0.5921513181152278
2018-09-07,53.32,53.32,53.32,53.32,53.125317,600,53.21609644444451,51.58548380952378,49.66021467999999,44.57052292499995,53.776275634765625,53.299675,0.8557307478725145,0.6509586347656224,0.0
2018-09-10,53.654999,53.654999,53.400002,53.494999,53.299675,3000,53.34949555555562,51.72805647619045,49.79980307999999,44.65514027499995,53.72258377075195,53.97221,0.4254318628026391,0.42290877075195255,0.0
2018-09-11,53.785,54.169998,53.705002,54.169998,53.97221,1600,53.49784022222228,51.93041038095235,49.953041539999994,44.743418799999944,53.679073333740234,53.977192,-0.906266723989477,-0.29313666625976253,0.0
2018-09-12,54.200001,54.200001,54.174999,54.174999,53.977192,2000,53.57090522222227,52.15221652380949,50.11315467999999,44.83152325999995,53.804466247558594,54.365765,-0.6839552547871869,-0.17272575244140853,0.0
2018-09-13,54.494999,54.564999,54.494999,54.564999,54.365765,1400,53.696001888888944,52.3749712380952,50.28084007999999,44.92137154999995,54.015865325927734,53.88752,-1.0063844664823798,0.0,0.34989967407226885
2018-09-14,54.650002,54.650002,54.084999,54.084999,53.88752,2400,53.71482188888895,52.57495238095234,50.43477585999999,45.00905249999995,54.22486877441406,52.955936,0.25861103263413043,0.0,-0.3373487744140604
2018-09-17,54.404999,54.404999,53.150002,53.150002,52.955936,2000,53.563708555555614,52.73057238095234,50.54666579999999,45.08521023999995,54.279048919677734,53.583637,2.124265055865348,1.3231129196777331,0.0
2018-09-18,53.860001,53.860001,53.700001,53.779999,53.583637,2400,53.60134811111116,52.89354642857138,50.65287657999999,45.16274039499994,54.24785614013672,53.608547,0.869946353358471,0.6642191401367157,0.0
2018-09-19,53.665001,53.805,53.505001,53.805,53.608547,4200,53.64175544444449,53.05130176190472,50.75350775999999,45.23935040499994,54.15012741088867,54.340858,0.6414411502437918,0.5415804108886704,0.0
2018-09-20,54.580002,54.580002,54.494999,54.540001,54.340858,5400,53.7768155555556,53.243929047619,50.875958999999995,45.31482119499994,54.146541595458984,54.246208,-0.7214143698695793,0.0,0.19431640454101284
2018-09-21,55.23,55.23,54.445,54.445,54.246208,10800,53.881985888888934,53.36301623809519,50.996517239999996,45.39086346499994,54.23642349243164,53.474037,-0.38309579863781734,0.0,0.009784507568362244
2018-09-24,54.305,54.305,53.25,53.669998,53.474037,13800,53.826633333333376,53.458855428571376,51.08021056,45.462870739999936,54.259002685546875,54.066864,1.097456134704673,0.7849656855468723,0.0
2018-09-25,54.68,54.68,54.009998,54.264999,54.066864,2800,53.83659688888893,53.55825319047614,51.17376775999999,45.54100121499993,54.376861572265625,54.754349,0.20614129609699597,0.3099975722656225,0.0
2018-09-26,54.955002,54.955002,54.955002,54.955002,54.754349,800,53.87977288888893,53.68469442857137,51.280277459999986,45.61928570999994,54.6192741394043,54.998451,-0.6109141085932513,-0.13507486059570084,0.0
2018-09-27,55.325001,55.395,55.200001,55.200001,54.998451,4800,54.00320966666671,53.79713933333328,51.39037395999999,45.69926333499994,54.75869369506836,54.95859100000002,-0.7994697408277962,0.0,0.2397573049316435
2018-09-28,55.380001,55.450001,55.16,55.16,54.95859100000001,2000,54.22572688888894,53.87518619047614,51.50216411999999,45.77690245499994,54.84778594970703,54.719471000000006,-0.5660153196029104,0.0,0.11080505029298138
2018-10-01,55.814999,55.814999,54.895,54.919998,54.719471,20000,54.351930666666725,53.94564219047614,51.61076611999999,45.85513689999994,55.141151428222656,53.474037,0.402682877414993,0.0,-0.4216804282226576
2018-10-02,54.665001,54.665001,53.669998,53.669998,53.474037,3400,54.33698511111117,53.93401823809519,51.701932119999995,45.92714417499994,55.10520935058594,53.284733,2.674140868397159,0.0,-1.6311723505859348
2018-10-03,54.110001,54.110001,53.48,53.48,53.284733,3800,54.21963788888895,53.884912380952336,51.79877721999999,45.998204929999936,54.88016128540039,51.820095,2.618102627899016,0.0,-1.5954282854003878
2018-10-04,53.490002,53.490002,51.875,52.009998,51.820095,5600,53.950069777777834,53.81706542857138,51.86015225999999,46.06194249499993,54.38959503173828,50.639427000000005,4.575268454611896,0.0,-2.5695000317382792
2018-10-05,51.860001,51.860001,50.450001,50.825001,50.63942700000001,7400,53.63511311111117,53.69299619047614,51.88954457999999,46.11353327999993,53.603816986083984,49.857291999999994,5.467419442026148,0.0,-2.9643899860839724
2018-10-08,50.625,51.064999,50.040001,50.040001,49.857292,3000,53.16738288888894,53.5373759523809,51.91435368,46.161387494999936,52.643653869628906,50.97319799999999,5.203143120698398,2.786361869628905,0.0
2018-10-09,50.950001,51.695,50.950001,51.16,50.973198,2800,52.74725500000005,53.42659133333328,51.97602758,46.21265717999993,52.04689025878906,47.834705,1.7335618819176426,0.0,-1.073692258789066
2018-10-10,49.875,50.02,48.009998,48.009998,47.834705,6800,51.95128322222228,53.13432919047614,51.97493162000001,46.249005519999926,51.11474609375,45.911755,6.4668781984744035,0.0,-3.2800410937500004
2018-10-11,46.689999,47.259998,45.305,46.080002,45.911755,11800,50.94607922222228,52.75026076190471,51.94494162000001,46.274875234999925,49.870018005371094,47.495945,8.224860765785326,3.9582630053710943,0.0
2018-10-12,48.0,48.0,46.610001,47.669998,47.495945,4400,50.14346522222228,52.42312647619042,51.93059416000001,46.30953723499992,49.141258239746094,48.163502,3.086344244751372,1.6453132397460948,0.0
2018-10-15,48.049999,48.34,48.049999,48.34,48.163502,1400,49.55340577777784,52.150554190476136,51.92361976000001,46.346765264999924,48.679569244384766,49.433842,0.7024601662903645,0.5160672443847645,0.0
2018-10-16,48.849998,49.615002,48.849998,49.615002,49.433842,2200,49.12552900000006,51.98283542857137,51.94205216000001,46.391166569999925,48.28150177001953,49.433842,-2.6876956086396326,0.0,0.0
2018-10-17,49.615002,49.615002,49.615002,49.615002,49.433842,0,48.86038977777784,51.785226142857084,51.93418100000001,46.432182194999925,48.39717102050781,48.47734799999999,-2.4545619881103393,0.0,1.036670979492186
2018-10-18,49.994999,49.994999,48.43,48.654999,48.477348,1600,48.62015877777784,51.54088333333326,51.90608384000001,46.46684695999992,48.98932647705078,47.75499700000001,0.6871390071363165,0.0,-0.511978477050782
2018-10-19,47.93,47.93,47.93,47.93,47.754997,800,48.3865704444445,51.22727090476184,51.855070800000014,46.49742694499992,49.069618225097656,48.39764,2.3776720740614574,1.3146212250976532,0.0
2018-10-22,48.205002,48.575001,48.040001,48.575001,48.39764,1400,48.10039733333339,50.94876766666659,51.82856804000002,46.528407054999924,49.09977340698242,47.954269,1.080334320492184,0.0,-0.7021334069824192
2018-10-23,46.575001,48.130001,46.575001,48.130001,47.954269,1600,48.11368222222228,50.6859215714285,51.80126816000002,46.55532807499993,48.73808288574219,44.038616,1.2634154853688606,0.0,-0.783813885742191
2018-10-24,47.195,47.195,44.195,44.200001,44.038616,4200,47.90555566666673,50.20838595238089,51.688282160000014,46.562670829999924,47.98276901245117,46.30033099999999,8.558298477077345,3.9441530124511743,0.0
2018-10-25,44.695,46.470001,44.695,46.470001,46.300331,2800,47.77270966666673,49.805813666666594,51.62053046000002,46.581147889999926,47.244659423828125,43.684917,1.6670075471444932,0.0,-0.9443284238281251
2018-10-26,44.035,44.445,43.845001,43.845001,43.684917,1600,47.27508911111117,49.26707395238089,51.50047048000002,46.579502629999936,46.47319412231445,43.590256,5.99428227248632,0.0,-2.7882771223144545
2018-10-29,44.139999,44.275002,43.744999,43.75,43.590256,39600,46.62580177777784,48.7257246666666,51.36905196000002,46.57091147499993,45.59467315673828,44.113346,4.216395786830357,2.0044171567382847,0.0
2018-10-30,43.66,44.275002,43.66,44.275002,44.113346,2200,46.03463555555561,48.22067109523803,51.24540518000003,46.56675308999993,44.93280029296875,45.911755,1.4857103630819697,0.81945429296875,0.0
2018-10-31,45.424999,46.814999,45.424999,46.080002,45.911755,12400,45.749569666666716,47.86056242857136,51.15772658000002,46.56919682499993,44.95393371582031,47.18707700000001,-2.4437244689782953,-0.9578212841796869,0.0
2018-11-01,46.615002,47.459999,46.465,47.360001,47.187077,6000,45.686467444444496,47.570197857142794,51.06656058000002,46.577992299999934,45.22920608520508,46.82341,-4.499144573064766,0.0,1.957870914794924
2018-11-02,48.049999,48.5,46.720001,46.994999,46.82341,2800,45.51155300000005,47.33226047619041,50.973800500000024,46.58188246999994,45.92375946044922,46.82341,-2.279475608778673,0.0,0.0
2018-11-05,46.994999,46.994999,46.994999,46.994999,46.82341,400,45.38590200000005,47.150545380952316,50.870678480000024,46.58233716499994,46.53158950805664,47.784889,-0.9860825658137781,-0.291820491943362,0.0
2018-11-06,47.955002,47.959999,47.895,47.959999,47.784889,1400,45.80215455555561,47.051859523809455,50.78439460000002,46.58229668999995,47.315914154052734,50.096416,-1.3429625925289719,-0.46897484594726535,0.0
2018-11-07,49.240002,50.5,49.154999,50.279999,50.096416,6800,46.22394177777783,47.01010799999993,50.733580760000024,46.593639614999944,48.07231521606445,50.58462500000001,-4.3907792916534145,-2.0241007839355447,0.0
2018-11-08,51.400002,51.68,50.5,50.77,50.584625,5000,46.99057600000006,47.14105657142851,50.67888112000002,46.60680117999995,48.881473541259766,49.46373,-3.7197684828446667,0.0,1.703151458740237
2018-11-09,50.055,50.400002,49.580002,49.645,49.46373,2200,47.64318422222228,47.31019823809517,50.60335782000002,46.60925482999995,49.34962844848633,48.631786,-0.5949673713640347,0.0,0.11410155151367007
2018-11-12,48.834999,48.834999,47.709999,48.810001,48.631786,30400,48.14523311111117,47.364285904761836,50.50163074000002,46.60789728999995,49.66080856323242,47.466057,1.7431008928527212,0.0,-1.0290225632324237
2018-11-13,47.779999,48.27,47.639999,47.639999,47.466057,3200,48.317933333333386,47.33107423809517,50.36463276000002,46.604420424999944,49.64092254638672,47.072495,4.200091495356068,0.0,-2.1748655463867195
2018-11-14,47.5,47.5,47.244999,47.244999,47.072495,1000,48.30520200000005,47.218629142857075,50.24118504000002,46.60084284999994,49.17001724243164,46.723774,4.074543937299355,0.0,-2.097522242431637
2018-11-15,46.075001,46.895,45.924999,46.895,46.723774,108200,48.29413133333338,47.08957828571421,50.11076290000002,46.60057530499995,48.221866607666016,46.868244,2.8294415346327164,1.4980926076660168,0.0
2018-11-16,46.224998,47.040001,46.075001,47.040001,46.868244,2200,48.299112888888935,47.01295428571421,49.98562144000002,46.605262229999944,47.56210708618164,44.506893,1.1099193773011273,0.0,-0.6938630861816435
2018-11-19,46.59,46.59,44.59,44.669998,44.506893,4200,47.934891111111156,46.8582826666666,49.809765800000015,46.614000364999946,47.009029388427734,41.996101,5.236246906542809,0.0,-2.5021363884277363
2018-11-20,41.900002,43.125,41.900002,42.150002,41.996101,7000,47.03485611111116,46.5534474761904,49.57024362000002,46.60291526999995,45.915279388427734,43.102043,8.933042016054314,3.9191783884277314,0.0
2018-11-21,43.259998,43.57,43.259998,43.259998,43.102043,2400,46.20345811111115,46.32238909523802,49.35274064000002,46.59561721999995,45.101036071777344,43.102043,4.255751634055416,0.0,0.0
2018-11-23,43.259998,43.259998,43.259998,43.259998,43.102043,0,45.49660400000004,46.277790380952304,49.127466200000015,46.60089109499995,44.50654220581055,44.387344,2.881517021361267,1.404499205810545,0.0
2018-11-26,44.099998,44.549999,43.779999,44.549999,44.387344,32800,45.024999333333376,46.18669576190468,48.93746268000002,46.61916366499995,44.02885818481445,44.86060300000001,-1.1697886125329577,-0.3584858151855457,0.0
2018-11-27,44.314999,45.025002,44.314999,45.025002,44.86060300000001,2600,44.735504444444494,46.242680809523726,48.775556020000025,46.63310584999995,43.838043212890625,45.433502,-2.636221508906042,-1.0225597871093868,0.0
2018-11-28,46.294998,46.294998,45.285,45.599998,45.433502,4400,44.55339411111115,46.33045442857134,48.61255332000002,46.64797071499995,44.54747772216797,47.764954,-2.3081586052526375,-0.8860242778320284,0.0
2018-11-29,47.505001,47.939999,47.505001,47.939999,47.764954,1200,44.66908077777782,46.50434052380944,48.49568146000002,46.667796134999946,45.39998245239258,47.411255,-5.298324156426082,0.0,2.364971547607425
2018-11-30,47.805,47.805,47.584999,47.584999,47.411255,1200,44.72941533333338,46.575745285714206,48.35708940000002,46.68291545999995,46.2724723815918,48.81112699999999,-2.7582781254407642,-1.1387826184082002,0.0
2018-12-03,49.759998,49.759998,48.799999,48.990002,48.811127,1200,45.2076635555556,46.653080999999915,48.24838778000002,46.70421264999995,47.28886032104492,46.220615,-3.47242622883558,0.0,1.5222666789550772
2018-12-04,47.720001,47.720001,45.68,46.389999,46.220615,3200,45.67705400000004,46.62437647619039,48.10331934000003,46.71795944499995,47.75278854370117,44.467045,2.9376796143090425,0.0,-1.5321735437011696
2018-12-06,44.264999,44.630001,44.0,44.630001,44.467045,1400,45.82872088888893,46.512168619047536,47.91132296000003,46.72047380999995,47.46943283081055,44.805805,6.362159460427856,3.002387830810548,0.0
2018-12-07,46.57,46.57,44.970001,44.970001,44.805805,800,46.018027777777824,46.37030747619039,47.71235208000003,46.72393514999995,47.08567428588867,43.894142,4.704632507988311,0.0,-2.2798692858886724
2018-12-10,43.98,44.055,42.465,44.055,43.894142,4000,45.963227555555605,46.07496109523801,47.49026590000003,46.720672304999944,46.29059600830078,43.679928,5.0745568228368665,0.0,-2.396454008300779
2018-12-11,44.205002,44.205002,43.84,43.84,43.679928,600,45.83204144444449,45.74616599999992,47.26469264000003,46.71240499999995,45.22700500488281,44.581623,3.163788788510057,1.5470770048828157,0.0
2018-12-12,44.674999,45.450001,44.674999,44.744999,44.581623,1800,45.73738822222227,45.51368471428563,47.06193568000003,46.715392689999945,44.825538635253906,44.038616,0.17999695396999849,0.0,-0.2439156352539058
2018-12-13,44.055,44.200001,44.055,44.200001,44.038616,400,45.32335066666671,45.29496233333325,46.87322726000003,46.71611341999995,44.77655792236328,42.339844,1.304427396649337,0.0,-0.7379419223632837
2018-12-14,43.575001,43.654999,42.494999,42.494999,42.339844,2200,44.759860555555605,45.05085695238087,46.65432948000003,46.715734049999945,44.243408203125,40.187725,4.11438814982676,0.0,-1.9035642031250006
2018-12-17,41.855,41.855,39.970001,40.334999,40.187725,2800,43.80170477777783,44.72301076190468,46.421682080000025,46.705888599999945,43.751312255859375,40.870224,8.469848371285124,3.5635872558593746,0.0
2018-12-18,41.07,41.07,40.889999,41.02,40.870224,1000,43.207216888888944,44.444270285714204,46.22629802000002,46.69161380999994,43.147396087646484,39.375702,5.186241071785668,0.0,-2.277172087646484
2018-12-19,41.290001,41.290001,39.52,39.52,39.375702,600,42.64151211111116,44.08748257142849,46.01666622000002,46.66906978999994,42.266624450683594,37.143883,6.949960654563742,0.0,-2.890922450683597
2018-12-20,39.0,39.060001,36.849998,37.279999,37.143883,6400,41.7901874444445,43.73686304761897,45.740079920000014,46.639125789999945,41.076717376708984,35.225906,10.18433068281195,0.0,-3.932834376708982
2018-12-21,37.404999,37.830002,35.134998,35.355,35.225906,11000,40.82705011111116,43.41447280952373,45.48790394000002,46.59588254999994,39.7697639465332,33.875854,12.486957846226012,0.0,-4.543857946533201
2018-12-24,34.139999,34.705002,34.0,34.0,33.875854,2000,39.737708555555606,42.975130476190394,45.247185920000014,46.544071769999945,38.419071197509766,37.46526,12.997268227969899,4.543217197509769,0.0
2018-12-26,34.935001,37.555,34.275002,37.555,37.46526,23200,38.94700155555561,42.706712238095164,45.04657222000001,46.504332829999946,37.42367172241211,37.50516500000001,-0.349695852983332,-0.0415882775878913,0.0
2018-12-27,36.075001,37.595001,35.61500200000001,37.595001,37.50516500000001,9000,38.22106255555562,42.37898942857136,44.83340548000001,46.464494684999956,36.668235778808594,37.92915,-2.465128864317385,-0.8369292211914185,0.0
2018-12-28,37.525002,38.68,37.525002,38.02,37.92915,2000,37.7309854444445,42.04892023809517,44.60331164000001,46.43075958499995,36.6270866394043,38.552654,-3.6636332472270023,-1.302063360595703,0.0
2018-12-31,38.669998,38.669998,38.575001,38.645,38.552654,1800,37.54931088888895,41.72126080952374,44.38568788000001,46.40118762999995,37.058101654052734,39.355732,-4.106348417511369,-1.4945523459472625,0.0
2019-01-02,38.189999,39.715,38.189999,39.450001,39.355732,2600,37.38103400000006,41.320821666666596,44.20325556000002,46.37453569499995,37.98331832885742,38.113708,-3.7178267020641607,0.0,1.3724136711425814
2019-01-03,38.16,38.314999,38.105,38.205002,38.113708,2400,37.24081244444451,40.87808133333326,44.01042978000001,46.34540786499995,38.42795181274414,40.782314,0.5835618402641106,0.31424381274413804,0.0
2019-01-04,41.125,41.125,40.880001,40.880001,40.782314,6800,37.64508255555561,40.49575690476184,43.85812326000001,46.33111672999995,39.27608871459961,42.283718,-3.923464398644194,-1.5062252854003901,0.0
2019-01-07,42.294998,42.384998,42.294998,42.384998,42.283718,600,38.429283888888946,40.30828561904756,43.74471224000002,46.32291795499995,40.142333984375,43.071835,-5.2911740508398815,-2.1413840156250004,0.0
2019-01-08,42.125,43.174999,42.125,43.174999,43.071835,2400,39.45105955555562,40.24184704761898,43.72537662000003,46.32433826499995,40.9378776550293,43.366127,-5.181520316817385,-2.133957344970703,0.0
2019-01-09,43.599998,43.599998,43.470001,43.470001,43.366127,1400,40.10671144444451,40.17329095238089,43.66669254000002,46.337242069999945,41.86468505859375,43.261375,-3.692928236661999,0.0,1.5014419414062488
2019-01-10,42.514999,43.375,42.514999,43.365002,43.261375,400,40.74629033333339,40.14315919047613,43.65822170000002,46.34434213499995,42.81224060058594,43.281326,-1.2746716797431705,-0.4491343994140635,0.0
2019-01-11,43.215,43.384998,43.205002,43.384998,43.281326,5600,41.34097655555561,40.12417814285708,43.65204310000002,46.34969893999995,43.262672424316406,42.652836,-0.2819536275732842,0.0,0.018653575683593715
2019-01-14,42.755001,42.755001,42.755001,42.755001,42.652836,200,41.79655233333338,40.03233114285708,43.62283290000002,46.36249816499995,43.346500396728516,43.630493,1.3834624789940142,0.693664396728515,0.0
2019-01-15,43.735001,43.735001,43.735001,43.735001,43.630493,200,42.27152577777783,40.01289671428565,43.57720766000002,46.38018567499996,43.561038970947266,43.69034600000001,-0.39776386206720626,-0.06945402905273568,0.0
2019-01-16,44.060001,44.060001,43.794998,43.794998,43.69034600000001,800,42.89115222222228,40.07720633333327,43.507273040000015,46.40726298999996,43.63776397705078,44.029533,-0.35902278828559003,-0.05258202294923109,0.0
2019-01-17,43.884998,44.134998,43.884998,44.134998,44.029533,400,43.251954333333394,40.26014957142851,43.45139550000002,46.430905699999954,43.852325439453125,44.603161,-0.640472580392726,-0.1772075605468757,0.0
2019-01-18,44.75,44.75,44.584999,44.709999,44.603161,800,43.50967022222228,40.437908476190415,43.406990520000015,46.45141429499996,44.13026809692383,42.78751,-1.296647094705091,0.0,0.47289290307617193
2019-01-22,44.195,44.195,42.889999,42.889999,42.78751,800,43.47807855555561,40.60037552380946,43.30704294000002,46.45574654999996,44.29961013793945,43.41600800000001,3.2865730258922365,1.5121001379394556,0.0
2019-01-23,43.985001,43.985001,43.435001,43.52,43.41600800000001,1400,43.48362088888895,40.89904814285708,43.17343478000002,46.47126578999996,44.297603607177734,43.770161,1.786772994434125,0.8815956071777222,0.0
2019-01-24,43.77,43.875,43.77,43.875,43.770161,200,43.54015266666673,41.30591742857137,43.03714550000002,46.48623956499996,44.273006439208984,44.368721,0.9071371833823005,0.5028454392089827,0.0
2019-01-25,44.474998,44.474998,44.474998,44.474998,44.368721,200,43.6609743333334,41.8055777619047,42.93524532000002,46.505177459999956,44.359928131103516,43.785122,-0.25872934023849475,0.0,0.008792868896485118
2019-01-28,43.314999,43.945,43.314999,43.889999,43.785122,1200,43.786783888888955,42.10652357142852,42.83831204000002,46.523040369999954,44.15202713012695,43.301277,0.5970110186763732,0.0,-0.3669051301269519
2019-01-29,43.610001,43.775002,43.165001,43.404999,43.301277,1400,43.7502043333334,42.38252890476185,42.75501644000002,46.536267469999956,44.13993835449219,44.653046,1.6932136192243454,0.8386613544921886,0.0
2019-01-30,44.105,44.950001,44.095001,44.759998,44.653046,3200,43.857171000000065,42.70271442857137,42.70662746000002,46.557299444999956,44.27973937988281,45.895069,-1.072963899858062,-0.37330662011719085,0.0
2019-01-31,45.900002,46.275002,45.900002,46.005001,45.895069,2200,44.06445277777784,43.052353238095186,42.69005336000002,46.58088041499995,44.700836181640625,44.792713,-2.8348327138594676,0.0,1.1942328183593744
2019-02-01,45.150002,45.150002,44.900002,44.900002,44.792713,800,44.085514111111166,43.31125709523805,42.64854274000002,46.59369453499996,44.813636779785156,45.361347,-0.19235014781256443,0.020923779785157137,0.0
2019-02-04,45.355,45.470001,45.355,45.470001,45.361347,800,44.371496000000064,43.656382761904716,42.665631820000016,46.609351824999955,45.1717529296875,46.194351,-0.6559227265301872,-0.18959407031250208,0.0
2019-02-05,46.380001,46.380001,46.305,46.305,46.194351,1000,44.680200777777834,43.91409880952376,42.749596820000015,46.627555274999956,45.732765197753906,45.760387,-1.2357948434209989,0.0,0.46158580224609125
2019-02-06,45.919998,45.970001,45.669998,45.869999,45.760387,6800,44.90133700000005,44.07965447619043,42.802763700000014,46.64411191499996,46.0102653503418,45.18676,0.30579104730697054,0.0,-0.2498783503417954
2019-02-07,44.705002,45.294998,44.700001,45.294998,45.18676,1000,44.992230222222275,44.180365190476145,42.84445804000002,46.65807439499996,45.81503677368164,44.782726,1.1481152370988976,0.0,-0.628276773681641
2019-02-08,44.404999,44.889999,44.404999,44.889999,44.782726,11800,45.10307511111117,44.24782228571424,42.85236568000001,46.67845969499996,45.73782730102539,44.807678,1.888679705752249,0.9551013010253939,0.0
2019-02-11,44.889999,44.915001,44.889999,44.915001,44.807678,600,45.27045300000005,44.321455761904716,42.85130718000001,46.69896975499995,45.632469177246094,45.92001,1.597390985800261,0.824791177246091,0.0
2019-02-12,46.0,46.029999,45.860001,46.029999,45.92001,1200,45.41122677777783,44.44710738095233,42.86103734000001,46.719362994999955,45.551456451416016,46.319054,-1.039631890028894,-0.36855354858398215,0.0
2019-02-13,46.435001,46.514999,46.43,46.43,46.319054,400,45.45833622222227,44.62168919047615,42.832119340000006,46.73818995999996,45.66635513305664,46.393875,-1.6447229527102287,-0.6526988669433607,0.0
2019-02-14,46.419998,46.68,46.09,46.505001,46.393875,7200,45.636243111111156,44.75327880952376,42.81177174000001,46.75739102999995,45.951385498046875,46.982468,-1.1904429417238913,-0.4424895019531263,0.0
2019-02-15,47.0,47.18,47.0,47.095001,46.982468,1200,45.81636766666671,44.910046523809484,42.775198560000014,46.78449128999995,46.43305969238281,47.526161,-1.4055447363026723,-0.5494083076171847,0.0
2019-02-19,47.5,47.825001,47.5,47.639999,47.526161,1600,45.9643465555556,45.076552619047575,42.801309480000015,46.81431001499995,46.96555709838867,47.38150400000001,-1.4157051128639428,0.0,0.56060390161133
2019-02-20,47.205002,47.494999,47.205002,47.494999,47.381504,2800,46.14447066666671,45.208854666666625,42.85959866000002,46.848959369999946,47.23739242553711,47.147068,-0.542386735207407,0.0,0.14411157446289025
2019-02-21,47.09,47.514999,47.049999,47.259998,47.147068,2000,46.362282666666715,45.41645266666662,42.90642392000002,46.88243654499995,47.391029357910156,47.750626,0.2772563763336452,0.24396135791015894,0.0
2019-02-22,47.900002,47.900002,47.52,47.865002,47.750626,1800,46.69204933333338,45.622863047619,42.98355360000002,46.90754968999994,47.664058685302734,47.416424,-0.41981261109581186,0.0,0.08656731469726253
2019-02-25,48.25,48.25,47.529999,47.529999,47.416424,600,46.98191000000005,45.79649461904757,43.058283520000025,46.933731424999934,47.82741165161133,47.51120000000001,0.6257367091704159,0.4109876516113289,0.0
2019-02-26,46.990002,47.625,46.990002,47.625,47.5112,3000,47.15870888888894,45.94613647619043,43.11687506000002,46.95973949499994,47.76749801635742,47.361557,0.2992084332964239,0.0,-0.25629801635741956
2019-02-27,47.419998,47.474998,47.419998,47.474998,47.361557,1200,47.274542555555605,46.116442904761854,43.18333388000003,46.98313138999995,47.78636169433594,47.042316,0.6558477250192578,0.0,-0.4248046943359398
2019-02-28,46.98,47.235001,46.98,47.154999,47.042316,600,47.346591555555605,46.29458761904757,43.27738332000003,47.003756559999935,47.75970458984375,47.581028,1.2823785445181612,0.7173885898437504,0.0
2019-03-01,47.669998,47.695,47.575001,47.695,47.581028,800,47.413098222222274,46.43401533333328,43.425249380000025,47.02545642499994,47.72999954223633,47.18697,0.07338199441519623,0.0,-0.1489715422363247
2019-03-04,47.474998,47.5,46.630001,47.299999,47.18697,1600,47.375410333333384,46.495534428571375,43.55158430000003,47.04897164999994,47.6021728515625,47.516186,0.6388453656468371,0.4152028515624977,0.0
2019-03-05,47.59,47.630001,47.59,47.630001,47.516186,400,47.39037500000005,46.62522361904756,43.71439398000003,47.06969975999994,47.65975570678711,47.067261,0.0624705147226626,0.0,-0.14356970678711178
2019-03-06,47.18,47.18,47.18,47.18,47.067261,0,47.38150755555561,46.706457619047555,43.91286154000003,47.08818324499994,47.60867691040039,45.740433,0.9085987927096034,0.0,-0.5414159104003886
2019-03-07,46.310001,46.369999,45.849998,45.849998,45.740433,3000,47.15815277777783,46.68484247619041,44.123152080000025,47.100032589999934,47.42026901245117,45.366333,3.4248006127528567,0.0,-1.6798360124511689
2019-03-08,45.0,45.474998,44.985001,45.474998,45.366333,600,46.93036488888894,46.666077999999935,44.35296166000003,47.11001143499993,46.9454231262207,46.668213,3.2334803537994743,1.5790901262207058,0.0
2019-03-11,46.5,46.830002,46.5,46.779999,46.668213,800,46.83669966666672,46.73662338095231,44.53702072000003,47.12722191999994,46.82455825805664,46.837811,0.09525279822396762,0.15634525805663912,0.0
2019-03-12,46.884998,46.950001,46.884998,46.950001,46.837811,1000,46.77850566666672,46.834484571428504,44.72367364000002,47.145280394999936,46.68133544921875,47.38150400000001,-0.5722375826600096,-0.15647555078125208,0.0
2019-03-13,47.509998,47.509998,47.494999,47.494999,47.381504,600,46.81619322222227,46.95704771428565,44.912720720000024,47.16528525999993,46.73983383178711,47.177002,-1.5899888074803212,0.0,0.6416701682128902
2019-03-14,47.290001,47.290001,47.290001,47.290001,47.177002,0,46.7713014444445,47.01690447619041,45.085207680000025,47.18279820999994,46.978084564208984,47.720695,-0.6595822144114827,-0.19891743579101728,0.0
2019-03-15,47.834999,47.834999,47.834999,47.834999,47.720695,200,46.83060422222226,47.083649285714216,45.25250694000002,47.206566194999944,47.492469787597656,48.344199999999994,-0.7160640107933254,-0.22822521240234295,0.0
2019-03-18,48.189999,48.459999,48.189999,48.459999,48.3442,600,46.92260577777782,47.17652190476184,45.45711678000002,47.23345170499994,47.82239532470703,48.384106,-1.315731920037745,-0.5218046752929695,0.0
2019-03-19,49.23,49.23,48.450001,48.5,48.384106,2800,47.06892188888893,47.2432665714285,45.609152620000025,47.259391094999934,48.2047119140625,48.668453,-0.6088414143041238,-0.17939408593750272,0.0
2019-03-20,48.455002,48.779999,48.34,48.779999,48.668453,800,47.39425744444449,47.29766142857137,45.736847320000024,47.28388806999994,48.42012405395508,49.815830000000005,-0.7377510320262992,-0.2483289460449214,0.0
2019-03-21,49.07,49.950001,49.07,49.93,49.81583,800,47.888646000000044,47.413581714285655,45.87172722000002,47.31115819499993,48.852203369140625,48.064838,-2.158615323171189,0.0,0.9636266308593733
2019-03-22,49.34,49.34,48.174999,48.174999,48.064838,1000,48.043826555555604,47.45728504761899,45.96570144000002,47.32967335999993,49.0415153503418,48.234455,1.7986847292758579,0.9766773503417951,0.0
2019-03-25,48.349998,48.349998,48.345001,48.345001,48.234455,1000,48.199009222222266,47.480324523809465,46.065163040000016,47.34903660999993,49.04502487182617,48.49884,1.4479757107175744,0.8105698718261749,0.0
2019-03-26,48.610001,48.610001,48.610001,48.610001,48.49884,200,48.32315766666671,47.53186814285708,46.16951332000002,47.36972178499993,48.99409103393555,48.34918600000001,0.7901461140384465,0.0,-0.4952510339355456
2019-03-27,48.459999,48.459999,48.459999,48.459999,48.349186,200,48.45340033333337,47.57177223809517,46.28344032000002,47.38059305999993,48.9698371887207,48.79816100000001,1.0520804771801577,0.6206511887207,0.0
2019-03-28,48.939999,48.939999,48.439999,48.91,48.798161,2000,48.573118777777815,47.64018195238089,46.38679368000002,47.390396774999935,48.83734893798828,49.192257,-0.14854030262055887,0.03918793798828091,0.0
2019-03-29,49.139999,49.305,49.139999,49.305,49.192257,1400,48.66734733333337,47.74256009523803,46.496831900000025,47.40217096999994,48.92130661010742,50.309692000000005,-0.7782038127828371,-0.270950389892576,0.0
2019-04-01,50.0,50.424999,50.0,50.424999,50.309692,3800,48.88130133333337,47.872496476190406,46.622435080000024,47.41485006999995,49.281532287597656,50.055275,-2.2676583739790326,0.0,1.028159712402342
2019-04-02,50.174999,50.174999,50.169998,50.169998,50.055275,800,49.035392666666695,48.00908242857136,46.73147736000003,47.42423973999995,49.58755874633789,50.718754,-1.160931387045519,-0.4677162536621111,0.0
2019-04-03,50.625,50.84,50.474998,50.834999,50.718754,1600,49.13571755555559,48.161585666666596,46.890102240000026,47.436448719999945,50.02487564086914,51.27747700000001,-1.5936330777361927,-0.6938783591308564,0.0
2019-04-04,51.395,51.395,51.395,51.395,51.27747700000001,400,49.492677444444475,48.36207214285707,47.04733162000002,47.45140145499994,50.53266525268555,51.911021999999996,-1.6778572766114528,-0.7448117473144649,0.0
2019-04-05,52.0,52.029999,52.0,52.029999,51.911022,200,49.90118488888892,48.65590971428565,47.21014884000003,47.47437853999995,51.079044342041016,52.175415,-1.8277045478301488,-0.831977657958987,0.0
2019-04-08,52.130001,52.345001,52.119999,52.294998,52.175415,59800,50.30969322222225,48.980151714285654,47.36628272000004,47.491822709999944,51.45808029174805,51.57679,-1.6003781245998951,0.0,0.7173347082519541
2019-04-09,52.0,52.0,51.695,51.695,51.57679,2800,50.66831588888892,49.21389347619042,47.52211608000003,47.50587523499994,51.794063568115234,52.125534,0.1916308504018456,0.2172735681152318,0.0
2019-04-10,52.110001,52.244999,51.939999,52.244999,52.125534,1800,51.038024000000036,49.46568980952375,47.69860122000003,47.522023839999946,52.07978057861328,52.35500699999999,-0.31623777308660433,-0.04575342138672056,0.0
2019-04-11,52.259998,52.595001,52.23,52.474998,52.355007,5200,51.3894406666667,49.70252328571422,47.85264044000003,47.550130184999944,52.27011489868164,53.118256,-0.3904394647492102,-0.08489210131835989,0.0
2019-04-12,52.869999,53.404999,52.869999,53.240002,53.118256,2800,51.70150333333336,49.98544014285709,47.997104180000036,47.57916336999994,52.47410202026367,53.47743199999999,-1.4385799229239795,-0.6441539797363305,0.0
2019-04-15,53.580002,53.669998,53.005001,53.599998,53.47743199999999,3400,52.08174300000003,50.25957047619041,48.17079856000004,47.61629435499994,52.73765563964844,53.95134699999999,-1.6088477472546956,-0.7397763603515557,0.0
2019-04-16,53.919998,54.200001,53.919998,54.075001,53.951347,5600,52.440920000000034,50.52657747619041,48.34259856000004,47.654449814999936,53.15781021118164,54.135918,-1.696145671487569,-0.7935367888183578,0.0
2019-04-17,54.450001,54.450001,54.130001,54.259998,54.135918,2000,52.758524555555574,50.80047328571422,48.50142990000004,47.693577969999936,53.58808135986328,54.15089,-1.2383278011486876,-0.5478366401367154,0.0
2019-04-18,54.294998,54.450001,54.275002,54.275002,54.15089,1600,53.007398777777794,51.061541714285646,48.66923996000004,47.734474744999936,53.96891403198242,54.03615600000001,-0.5639575435070067,0.0,0.18197596801757498
2019-04-22,54.16,54.16,54.16,54.16,54.03615600000001,400,53.2141477777778,51.262509619047556,48.84622788000004,47.774748049999936,54.17989730834961,55.16356700000001,0.03673801393946231,0.14374130834959686,0.0
2019-04-23,55.174999,55.290001,55.174999,55.290001,55.16356700000001,2600,53.61267855555557,51.60054433333327,49.05384470000004,47.81961222999993,54.52454376220703,55.228416,-1.3844406293155347,-0.6390232377929763,0.0
2019-04-24,55.48,55.48,55.355,55.355,55.228416,400,53.95744322222223,51.933590095238024,49.26225946000004,47.85894711499993,54.797672271728516,55.11867099999999,-1.0068245475051598,0.0,0.4307437282714872
2019-04-25,54.855,55.244999,54.855,55.244999,55.118671,600,54.264517000000005,52.24882014285707,49.44623268000005,47.893174979999934,54.94358444213867,55.762196,-0.545596096148591,-0.1750865578613272,0.0
2019-04-26,55.23,55.889999,55.23,55.889999,55.762196,400,54.558288111111125,52.60182061904755,49.63509552000005,47.929101019999926,55.184661865234375,55.732268999999995,-1.2620095676967682,0.0,0.577534134765628
2019-04-29,55.830002,55.994999,55.805,55.860001,55.732269,1600,54.80882555555556,52.93201623809517,49.82186340000005,47.96667088499993,55.5153923034668,55.502789,-0.6169149487362166,0.0,0.2168766965332054
2019-04-30,55.544998,55.630001,55.290001,55.630001,55.502789,11400,54.98120800000001,53.232517761904695,49.99226982000005,48.003093349999936,55.571617126464844,54.664711,-0.10495033702256501,0.0,-0.06882812646484382
2019-05-01,56.25,56.25,54.790001,54.790001,54.664711,4000,55.03996277777778,53.43989961904755,50.13504082000005,48.02997004999993,55.59811782836914,54.46516800000001,1.4749348669826527,0.0,-0.9334068283691437
2019-05-02,55.044998,55.044998,54.59,54.59,54.46516800000001,1200,55.074882555555554,53.64989452380945,50.276714100000056,48.05535086999993,55.55612564086914,55.87194399999999,1.7697850171627352,1.090957640869128,0.0
2019-05-03,55.540001,56.0,55.540001,56.0,55.87194399999999,800,55.278859,53.89528452380945,50.45121162000005,48.08756626999993,55.59313201904297,55.43295300000001,-0.7265499659946987,0.0,0.2788119809570233
2019-05-06,54.205002,55.715,54.174999,55.560001,55.43295300000001,2400,55.30879077777777,54.093164333333256,50.60485816000005,48.11726290499993,55.40846633911133,53.851574,-0.27274056544504316,0.0,0.024486660888683787
2019-05-07,54.884998,54.884998,53.700001,53.974998,53.851574,3800,55.15580833333333,54.1855715714285,50.73356116000004,48.139675359999934,55.18942642211914,53.741829,2.2499832646944076,0.0,-1.3378524221191412
2019-05-08,53.974998,54.189999,53.865002,53.865002,53.741829,1000,55.002825888888886,54.26016271428565,50.85817374000005,48.161937649999935,54.88106918334961,53.62709,1.8863216293013643,0.0,-1.1392401833496066
2019-05-09,52.82,53.75,52.73,53.75,53.62709,1400,54.765591888888885,54.357796047618976,50.983484400000044,48.18549441499994,54.576236724853516,53.647045,1.5371846043786337,0.949146724853513,0.0
2019-05-10,53.77,53.77,53.77,53.77,53.647045,600,54.533900333333335,54.43024895238087,51.115578980000045,48.211517249999936,54.17710494995117,50.504246,0.7571228379229472,0.0,-0.5300599499511733
2019-05-13,51.0,51.259998,50.595001,50.619999,50.504246,2800,53.97850666666667,54.34211747619039,51.17404334000005,48.22028176499994,53.40545654296875,51.61171,5.5026819399359335,2.901210542968748,0.0
2019-05-14,51.325001,52.029999,51.060001,51.73,51.61171,4800,53.639284333333336,54.270377190476104,51.26253814000004,48.23249125999993,52.84702682495117,52.075642,2.159340469652378,1.2353168249511697,0.0
2019-05-15,51.150002,52.264999,51.150002,52.195,52.075642,21600,53.37378144444445,54.2036252857142,51.35372726000004,48.24978528499994,52.385562896728516,53.128235,0.3650979916247061,0.30992089672851364,0.0
2019-05-16,52.904999,53.610001,52.889999,53.25,53.128235,3800,53.06892488888889,54.16442947619039,51.47494674000004,48.275978944999935,52.35546112060547,52.534595,-1.6798852195202465,0.0,0.7727738793945278
2019-05-17,52.779999,53.105,52.654999,52.654999,52.534595,800,52.746885111111105,54.08817599999992,51.61082998000004,48.29920440499993,52.164024353027344,51.816246,-0.9324369125382622,0.0,0.3705706469726593
2019-05-20,51.869999,51.935001,51.869999,51.935001,51.816246,600,52.52073755555554,53.97700247619041,51.739828240000044,48.321229359999926,52.36946105957031,52.544571,0.8365457806967458,0.5532150595703129,0.0
2019-05-21,52.389999,52.665001,52.389999,52.665001,52.544571,600,52.38770888888888,53.90597461904754,51.857355400000046,48.34288562499992,52.56586456298828,52.03574,-0.18823969453967232,0.0,-0.021293562988283554
2019-05-22,52.314999,52.314999,52.154999,52.154999,52.03574,600,52.21089222222221,53.757030476190394,51.96131398000004,48.36050321499992,52.6864013671875,50.62896,1.0188905711368215,0.0,-0.650661367187503
2019-05-23,50.82,50.82,50.5,50.744999,50.62896,3600,51.87554944444443,53.538008761904685,52.026263100000044,48.37108690499993,52.21651077270508,50.808548,2.899816339941357,1.5875507727050788,0.0
2019-05-24,51.014999,51.049999,50.915001,50.924999,50.808548,1000,51.90936077777776,53.33276480952374,52.098894020000046,48.37599264499993,51.85604476928711,50.484291,1.8282686059298885,0.0,-1.0474967692871076
2019-05-28,51.185001,51.59,50.599998,50.599998,50.484291,2800,51.78409199999999,53.081435999999925,52.15416594000005,48.37900306999993,51.6786003112793,49.51651,2.131625205359292,0.0,-1.194309311279298
2019-05-29,50.0,50.0,49.18,49.630001,49.51651,7200,51.49974399999999,52.7854474761904,52.17761214000004,48.37505737499993,51.12913513183594,49.945530000000005,3.0206207971584313,1.6126251318359408,0.0
2019-05-30,50.049999,50.174999,49.884998,50.060001,49.94553,1400,51.14611011111109,52.52081609523802,52.208840620000046,48.37617113499994,50.69257736206055,48.813126,1.2636363352460722,0.0,-0.7470473620605489
2019-05-31,48.919998,48.924999,48.915001,48.924999,48.813126,2200,50.73261355555554,52.24216919047612,52.21173408000004,48.37364044999994,50.34315490722656,47.780487,2.8986324705424376,0.0,-1.5300289072265656
2019-06-03,48.255001,48.494999,47.689999,47.889999,47.780487,7200,50.284195888888874,51.92385104761898,52.17102722000004,48.36410330499994,49.777706146240234,50.00040099999999,3.941756495422418,1.9972191462402336,0.0
2019-06-04,48.904999,50.115002,48.889999,50.115002,50.000401,12800,50.001510333333314,51.64425376190469,52.20973848000004,48.365665729999925,49.4694709777832,50.459351000000005,-1.2880993643715586,-0.5309300222167934,0.0
2019-06-05,50.595001,50.595001,50.305,50.575001,50.459351,3200,49.82635599999999,51.4074155714285,52.254236400000046,48.36952290499992,49.62058639526367,51.10786399999999,-1.8871272088285838,-0.8387646047363262,0.0
2019-06-06,50.665001,51.25,50.665001,51.224998,51.107864,1800,49.879567555555546,51.276762714285645,52.30641688000004,48.37425631499992,49.793785095214844,52.399902,-2.7939735688914147,-1.3140789047851555,0.0
2019-06-07,52.639999,52.764999,52.52,52.52,52.399902,3800,50.05638466666666,51.21286142857135,52.387431200000044,48.38477739999992,50.510066986083984,53.058395,-3.8269859366260826,-1.889835013916013,0.0
2019-06-10,53.5,53.720001,53.09,53.18,53.058395,5800,50.34239622222222,51.18578071428564,52.47263588000004,48.39859094999993,51.54758071899414,53.218029,-3.0696112843284302,-1.5108142810058567,0.0
2019-06-11,53.855,53.855,53.139999,53.34,53.218029,1800,50.753676111111105,51.165351380952316,52.55315132000004,48.405954209999926,52.354793548583984,53.07835,-1.8470312175028476,0.0,0.863235451416017
2019-06-12,53.369999,53.41,53.200001,53.200001,53.07835,1600,51.101767222222215,51.2879277619047,52.60852448000005,48.41403888999993,52.90471267700195,53.96132300000001,-0.5550532282848025,-0.17363732299804724,0.0
2019-06-13,53.41,54.360001,53.41,54.084999,53.961323,5000,51.673789111111105,51.399814095238035,52.68664544000005,48.42394794999993,53.468971252441406,54.395329000000004,-1.1389992769688266,-0.4923517475585939,0.0
2019-06-14,54.080002,54.669998,54.080002,54.52,54.395329,2400,52.408771555555546,51.51027538095232,52.76017694000004,48.435429179999936,53.80289840698242,54.63976700000001,-1.3153000605604936,-0.5924305930175748,0.0
2019-06-17,54.93,55.035,54.764999,54.764999,54.639767000000006,1800,52.92425666666665,51.582253095238045,52.827422740000046,48.445442474999936,54.092288970947266,55.283294999999995,-1.2283576030974408,-0.5474780290527406,0.0
2019-06-18,56.264999,56.264999,55.41,55.41,55.283295,27600,53.460250444444426,51.71314357142852,52.894868200000055,48.45526091499993,54.531410217285156,55.81208,-1.5856159226039348,-0.7518847827148463,0.0
2019-06-19,55.255001,55.939999,55.23,55.939999,55.81208,1800,53.9829411111111,51.90342138095232,52.96760150000006,48.46812183999993,54.982479095458984,56.365814,-1.7116909575579646,-0.8296009045410173,0.0
2019-06-20,56.080002,56.494999,56.080002,56.494999,56.365814,200,54.423598,52.08538533333327,53.06338198000005,48.48136020999993,55.466766357421875,55.941788,-1.8200418811904484,0.0,0.8990476425781253
2019-06-21,56.400002,56.400002,56.07,56.07,55.941788,1800,54.74397499999999,52.27138761904756,53.139707060000056,48.48948936999993,55.84125900268555,55.60755500000001,-0.40795612148110116,0.0,0.10052899731445564
2019-06-24,55.744999,55.744999,55.735001,55.735001,55.60755500000001,1000,55.00947788888888,52.508463571428514,53.20475802000006,48.50130273999993,56.010414123535156,54.558712,0.49414751698875786,0.0,-0.4028591235351442
2019-06-25,55.145,55.195,54.555,54.645,54.558712,1000,55.173962555555555,52.68704280952376,53.23356714000005,48.50787189499992,55.84086227416992,54.538737999999995,2.188420302259893,0.0,-1.282150274169922
2019-06-26,54.77,54.945,54.625,54.625,54.538738,1400,55.23811977777777,52.88011171428566,53.25479326000005,48.51493899999992,55.680091857910156,55.217667000000006,1.9315182753504005,1.141353857910154,0.0
2019-06-27,54.84,55.474998,54.75,55.305,55.21766700000001,2200,55.32949066666666,53.15159538095234,53.28011966000005,48.52452895999993,55.4466438293457,55.537163,0.2561139668125909,0.2289768293456902,0.0
2019-06-28,55.625,55.625,55.625,55.625,55.537163,200,55.42920133333333,53.41786361904757,53.308144560000045,48.53235372499993,55.32109832763672,56.280987,-0.5463400851474719,-0.21606467236328086,0.0
2019-07-01,56.615002,56.615002,56.025002,56.369999,56.280987,10600,55.54005599999999,53.773476047619006,53.35074650000005,48.54387269999993,55.447731018066406,56.924961,-1.6360972118051549,-0.833255981933597,0.0
2019-07-02,56.299999,57.014999,56.299999,57.014999,56.924961,1000,55.663709444444436,54.208927190476146,53.408522600000055,48.55666867999993,55.7921142578125,57.86847300000001,-2.144847432493164,-1.1328467421875033,0.0
2019-07-03,57.5,57.959999,57.5,57.959999,57.868473,1200,55.830671555555554,54.58359728571424,53.46262072000005,48.57657344499993,56.36881637573242,57.783607,-2.7453116834380578,0.0,1.4996566242675797
2019-07-05,57.255001,57.900002,57.255001,57.875,57.783607,1000,56.03531811111111,54.93237138095234,53.51372454000005,48.60071179999993,56.85654830932617,57.788601,-1.7597437419850162,-0.9270586906738316,0.0
2019-07-08,57.294998,58.009998,57.294998,57.880001,57.788601,28000,56.27765655555555,55.25050171428567,53.56712314000005,48.62173661999993,57.23518753051758,58.153027,-1.11405227771579,-0.5534134694824218,0.0
2019-07-09,58.209999,58.360001,58.209999,58.244999,58.153027,1200,56.67702488888889,55.524460047619,53.61493976000004,48.64445901999993,57.59659957885742,58.97172499999999,-1.1132276285944793,-0.5564274211425797,0.0
2019-07-10,59.220001,59.220001,58.724998,59.064999,58.971725,6800,57.169579,55.80604719047615,53.67972888000004,48.66761335499993,58.06389236450195,59.316181000000014,-1.6949236475870373,-0.9078326354980462,0.0
2019-07-11,59.470001,59.599998,59.185001,59.41,59.31618100000001,7200,57.624969444444446,56.09643538095233,53.75599672000004,48.69296321999993,58.38996887207031,60.18480699999999,-1.7169350747848582,-0.9262121279296949,0.0
2019-07-12,60.174999,60.415001,60.174999,60.279999,60.18480699999999,3000,58.14137433333334,56.43483809523805,53.86639864000004,48.72651706999993,58.91135025024414,60.299629,-2.270485687559245,-1.2734567497558515,0.0
2019-07-15,60.224998,60.395,60.009998,60.395,60.299629,2200,58.587890111111115,56.736662190476146,53.98308786000004,48.75768089499992,59.43917465209961,60.41444799999999,-1.5826233097117206,-0.8604543479003937,0.0
2019-07-16,60.52,60.66,60.360001,60.509998,60.414448,25800,58.97561088888889,57.02328690476187,54.07393794000004,48.78598138999992,59.86906814575195,59.625698,-1.0592131473017896,0.0,0.545379854248047
2019-07-17,60.035,60.035,59.68,59.720001,59.625698,3000,59.1708581111111,57.26071219047615,54.15779284000004,48.809117624999914,60.03569412231445,58.75706900000001,0.5286220981718498,0.0,-0.40999612231445326
2019-07-18,58.424999,58.849998,58.040001,58.849998,58.757069,8000,59.27902055555555,57.42612999999996,54.255902740000046,48.82811001499991,59.87512969970703,57.703732,1.7419400756938546,0.0,-1.11806069970703
2019-07-19,58.834999,58.834999,57.794998,57.794998,57.703732,6800,59.26959066666667,57.51620866666663,54.33514080000005,48.84303131999991,59.497920989990234,57.663799,2.9464885352020165,0.0,-1.7941889899902321
2019-07-22,57.75,57.755001,57.369999,57.755001,57.663799,22200,59.215232000000015,57.57801747619043,54.41587498000004,48.86398012999991,58.98491668701172,58.108096999999994,2.1295397207450812,1.3211176870117214,0.0
2019-07-23,57.845001,58.200001,57.389999,58.200001,58.108097,8000,59.11927333333335,57.681175047619,54.50509602000004,48.888096949999905,58.48012924194336,58.792011,0.48131999506900186,0.3720322419433586,0.0
2019-07-24,58.185001,58.884998,58.080002,58.884998,58.792011,26400,59.06103222222224,57.832815809523765,54.67085132000004,48.92295652999991,58.19786834716797,58.59233100000001,-1.1669010379044835,0.0,0.5941426528320335
2019-07-25,58.610001,58.685001,58.610001,58.685001,58.59233100000001,1200,58.88409044444447,58.02489290476186,54.81046374000003,48.96272104999991,58.21882247924805,58.811977,-0.7943742230692863,-0.3735085207519617,0.0
2019-07-26,58.360001,58.98,58.360001,58.904999,58.811977,8800,58.7187957777778,58.22838047619044,54.94519044000003,49.0074944749999,58.278076171875,58.312767,-1.0642947776384761,0.0,0.5339008281249988
2019-07-29,58.535,58.535,58.275002,58.404999,58.312767,2000,58.485275666666695,58.37576619047614,55.04888108000003,49.0441923199999,58.438209533691406,57.41419200000001,0.05686248482156415,0.0,-0.12544253369140534
2019-07-30,57.740002,57.82,57.5,57.505001,57.41419200000001,1200,58.23955277777779,58.465148523809475,55.14647302000003,49.092089754999904,58.39495086669922,56.171158,1.5476042974057487,0.0,-0.9807588666992118
2019-07-31,57.490002,57.494999,55.919998,56.259998,56.171158,6400,57.95222933333335,58.459918571428524,55.23357126000003,49.14338676999991,58.08345031738281,55.052929000000006,3.2411169253557555,0.0,-1.9122923173828141
2019-08-01,56.450001,57.244999,55.0,55.139999,55.052929000000006,11200,57.65769566666669,58.37077419047614,55.283738420000034,49.1811716899999,57.56309509277344,54.314098,4.3944434833476045,0.0,-2.5101660927734315
2019-08-02,54.75,54.75,53.810001,54.400002,54.314098,9000,57.28550666666669,58.20151823809519,55.32930558000004,49.21192466999991,56.74501419067383,51.50354,4.310684015551741,0.0,-2.430916190673827
2019-08-05,52.57,52.57,51.0,51.584999,51.50354,4400,56.55166700000004,57.90246742857138,55.34679718000004,49.2222731599999,55.48664855957031,52.721615,7.563535204430863,3.9831085595703115,0.0
2019-08-06,52.105,52.845001,52.105,52.805,52.721615,2800,55.87717855555559,57.661182380952326,55.38505852000004,49.238712024999906,54.46002960205078,52.477001,3.134228959475015,0.0,-1.7384146020507814
2019-08-07,51.025002,52.560001,51.025002,52.560001,52.477001,3600,55.19769744444447,57.39089542857137,55.42491272000004,49.2587102899999,53.47600173950195,54.408947,1.7427715412371345,0.9990007395019518,0.0
2019-08-08,54.494999,54.494999,54.494999,54.494999,54.408947,1600,54.70847188888891,57.173620285714215,55.52276146000004,49.2919800399999,53.15906524658203,53.809891,-2.4514795447889974,0.0,1.2498817534179665
2019-08-09,54.16,54.16,53.459999,53.895,53.809891,2200,54.20815233333336,56.91141599999994,55.600048680000036,49.319041294999906,53.06471252441406,52.322247000000004,-1.5405649421763439,0.0,0.7451784755859379
2019-08-12,52.744999,52.744999,52.025002,52.404999,52.322247,2200,53.64238066666669,56.537008380952315,55.67023110000004,49.34088118499991,53.18194580078125,53.829860999999994,1.482581462851003,0.8596988007812527,0.0
2019-08-13,53.375,54.235001,53.375,53.915001,53.829861,3200,53.38223655555558,56.22892419047612,55.79121858000004,49.389837409999906,53.426734924316406,50.77969,-0.9056219356901994,0.0,0.4031260756835948
2019-08-14,52.259998,52.259998,50.860001,50.860001,50.77969,5200,52.90743222222224,55.77012619047613,55.806804360000044,49.412234204999905,53.403724670410156,51.039272,5.001422769162272,2.624034670410154,0.0
2019-08-15,51.305,51.314999,50.740002,51.119999,51.039272,2600,52.54356266666669,55.36124876190469,55.81840278000004,49.4490059799999,52.739009857177734,52.307266,3.167079203537806,1.6997378571777375,0.0
2019-08-16,52.389999,52.389999,52.389999,52.389999,52.307266,0,52.632865555555576,55.05411528571422,55.842390820000034,49.4925910299999,52.42963409423828,53.535328,0.07565393203820857,0.12236809423828277,0.0
2019-08-19,53.5,53.884998,53.5,53.619999,53.535328,4400,52.72327811111113,54.85561985714279,55.865099340000036,49.5397009399999,52.643680572509766,53.21084200000001,-1.8208102306943987,0.0,0.8916474274902342
2019-08-20,53.355,53.75,53.294998,53.294998,53.21084200000001,2000,52.804816000000024,54.643574285714216,55.868148280000035,49.57619637499991,52.58711242675781,54.42891700000001,-1.3282401722619206,-0.6237295732421941,0.0
2019-08-21,54.345001,54.514999,54.285,54.514999,54.42891700000001,1600,52.80703488888891,54.46837523809516,55.892366040000034,49.612405574999904,53.141422271728516,54.478832,-2.519630841911026,-1.287494728271497,0.0
2019-08-22,54.945,54.945,53.884998,54.564999,54.478832,13200,52.881361666666685,54.26298576190469,55.920375680000035,49.6506826849999,53.82600021362305,51.508537,-1.3543458259331287,0.0,0.6528317863769502
2019-08-23,53.700001,54.0,51.59,51.59,51.508537,12600,52.790949444444465,53.925662238095164,55.87131996000004,49.674108319999895,53.90697479248047,52.716621,4.491131600078436,2.398437792480472,0.0
2019-08-26,52.095001,52.825001,52.084999,52.799999,52.716621,7400,52.66725611111113,53.63540719047611,55.837745800000036,49.69876697999989,53.673641204833984,52.611785999999995,1.6546254192807555,0.0,-0.9570202048339809
2019-08-27,53.5,53.5,52.66,52.695,52.611786,3400,52.87082233333335,53.36393190476183,55.79718618000003,49.71134382999989,53.601924896240234,53.635169999999995,1.7210833973626227,0.9901388962402322,0.0
2019-08-28,52.380001,53.75,52.375,53.720001,53.63517,30000,53.15925544444446,53.183978476190404,55.76422368000003,49.72659655499989,53.32041549682617,54.99302700000001,-0.7438300367377721,-0.31475450317383036,0.0
2019-08-29,54.875,55.34,54.875,55.080002,54.99302700000001,4600,53.45767333333335,53.12787699999992,55.74784262000003,49.75424303999989,53.40034103393555,54.678515999999995,-3.0494932917113067,0.0,1.5926859660644652
2019-08-30,55.5,55.5,54.555,54.764999,54.678516,12000,53.58469422222224,53.11004780952373,55.71409666000003,49.78447668999989,53.85884475708008,54.01956199999999,-1.6546229516409283,0.0,0.8196712429199238
2019-09-03,54.095001,54.595001,53.77,54.105,54.019562,26200,53.67455200000002,53.0960222857142,55.67565214000003,49.81724421499989,54.1927604675293,55.212673,0.16220398767082528,0.17319846752929635,0.0
2019-09-04,54.365002,55.380001,54.365002,55.299999,55.212673,1800,53.761636000000024,53.272647666666586,55.66775450000003,49.85794510499989,54.53421401977539,56.760223,-1.3847829910894014,-0.6784589802246117,0.0
2019-09-05,55.935001,56.955002,55.935001,56.849998,56.760223,1600,54.015123888888915,53.464962333333254,55.71178472000003,49.90812734999989,55.19874572753906,56.97488800000001,-2.904577538350902,-1.561477272460941,0.0
2019-09-06,57.154999,57.314999,57.064999,57.064999,56.974888,8400,54.622496222222246,53.67914742857135,55.760507720000035,49.95866056999989,55.598846435546875,57.31434999999999,-2.569267659941824,-1.376041564453125,0.0
2019-09-09,57.009998,57.404999,57.005001,57.404999,57.31435,2400,55.13335500000002,53.817499952380885,55.80244138000003,50.0226978549999,56.01585388183594,56.715298,-2.419902695519704,0.0,1.29849611816406
2019-09-10,56.445,56.955002,56.439999,56.805,56.715298,2200,55.5893007777778,53.955852666666594,55.82600408000004,50.09629383999989,56.522403717041016,57.044777,-0.4974848744986957,-0.19289428295898148,0.0
2019-09-11,57.134998,57.134998,57.134998,57.134998,57.044777,0,55.96814600000002,54.180735047618974,55.84127988000004,50.16600750999988,56.971126556396484,57.50405099999999,-0.2868144733347478,-0.07365044360351902,0.0
2019-09-12,57.875,58.040001,57.595001,57.595001,57.504051,5400,56.24714866666669,54.3556964761904,55.85286168000003,50.238017549999874,57.23731994628906,57.733687999999994,-0.6210279494759292,-0.2667310537109344,0.0
2019-09-13,57.865002,58.099998,57.799999,57.825001,57.733688,2200,56.58661222222225,54.68683923809516,55.85016598000003,50.304749269999874,57.38252258300781,56.355865,-0.7652026101861854,0.0,0.3511654169921883
2019-09-16,56.869999,56.900002,56.330002,56.445,56.355865,4000,56.846201444444475,54.94001033333326,55.82161114000003,50.36222557999988,57.282958984375,56.944935,1.4845583920187788,0.9270939843749986,0.0
2019-09-17,56.605,57.035,56.605,57.035,56.944935,600,57.03867500000004,55.16085171428564,55.80473782000003,50.41978274499988,57.31618118286133,56.800167,0.4929976029829606,0.0,-0.37124618286132716
2019-09-18,56.695,56.889999,56.294998,56.889999,56.800167,2000,57.04311322222226,55.31632023809517,55.77768062000003,50.46495880999987,57.23017501831055,56.211094,0.5979539889085668,0.0,-0.430008018310545
2019-09-19,56.799999,56.915001,56.299999,56.299999,56.211094,13400,56.95824722222226,55.45918938095232,55.722468000000035,50.50895800499987,56.990928649902344,55.122818,1.227228529617459,0.0,-0.779834649902341
2019-09-20,55.880001,55.880001,55.209999,55.209999,55.122818,4200,56.71474366666671,55.49223228571422,55.63860074000003,50.540516459999864,56.536293029785156,55.062916,2.402271425118397,0.0,-1.413475029785154
2019-09-23,54.84,55.220001,54.84,55.150002,55.062916,5200,56.53114566666671,55.52004580952375,55.536162920000024,50.584727964999864,56.2180061340332,53.82486700000001,1.9365441437938706,0.0,-1.1550901340332018
2019-09-24,55.575001,55.575001,53.91,53.91,53.82486700000001,1200,56.17337788888893,55.63034723809518,55.40666768000002,50.63151707499986,55.821414947509766,54.65726099999999,3.5455665878496925,1.9965479475097538,0.0
2019-09-25,54.735001,54.785,54.700001,54.73,54.657261,2800,55.85706788888893,55.722758666666614,55.29152394000002,50.68077435499987,55.43452453613281,53.608654,1.2872730424498733,0.0,-0.7772635361328142
2019-09-26,54.43,54.43,53.404999,53.68,53.608654,15800,55.398730777777814,55.77022857142852,55.17118306000002,50.729346914999866,54.93205261230469,53.144276,2.332437802355976,0.0,-1.3233986123046861
2019-09-27,53.785,53.785,52.764999,53.215,53.144276,3800,55.04188755555559,55.74685266666661,55.058927200000014,50.776668654999874,54.5141487121582,53.883293,2.4413205151897017,1.3698727121582053,0.0
2019-09-30,53.645,53.974998,53.615002,53.955002,53.883293,6400,54.701705111111146,55.69400819047614,54.98251842000001,50.82317700499988,54.27128982543945,53.17923,0.5862066791128148,0.0,-0.38799682543945124
2019-10-01,53.98,53.98,53.25,53.25,53.17923,2400,54.29937877777781,55.62261361904757,54.89282704000002,50.86888007499988,54.04624938964844,51.616310000000006,1.4953040181191315,0.0,-0.8670193896484406
2019-10-02,52.224998,52.224998,51.57,51.685001,51.61631,3000,53.78884722222225,55.508173047618996,54.762991300000024,50.91526240499988,53.50237274169922,51.890942,3.516245925387946,1.8860627416992202,0.0
2019-10-03,51.125,51.959999,51.125,51.959999,51.890942,600,53.42974988888892,55.34999538095233,54.62496992000002,50.97377848999988,53.027645111083984,53.149269,2.0547462117618225,1.1367031110839818,0.0
2019-10-04,52.945,53.220001,52.880001,53.220001,53.149269,2800,53.21712244444447,55.17804519047614,54.51610868000002,51.03517371499987,52.95271682739258,52.989483,-0.5022250424373823,0.0,0.19655217260741864
2019-10-07,52.825001,53.305,52.825001,53.060001,52.98948299999999,1400,53.12430200000002,54.98826399999995,54.399658800000026,51.103242619999875,52.79487228393555,51.81604,-0.4996771787932173,0.0,0.1946107160644459
2019-10-08,52.674999,52.674999,51.884998,51.884998,51.81604,200,52.8086107777778,54.72643971428566,54.26972426000003,51.17660340499987,52.53732681274414,52.62996299999999,1.2572590110616126,0.7212868127441396,0.0
2019-10-09,52.700001,52.700001,52.700001,52.700001,52.629963,0,52.69986733333336,54.5318999523809,54.17403968000002,51.26362368999987,52.68587112426758,53.09933100000001,-0.02681190790190344,0.05590812426758163,0.0
2019-10-10,53.200001,53.200001,52.959999,53.169998,53.09933100000001,1200,52.694873444444475,54.34402157142852,54.11260314000002,51.35974107499987,53.00005340576172,54.287754,-0.3196249776768487,-0.09927759423828775,0.0
2019-10-11,54.77,54.915001,54.360001,54.360001,54.28775400000001,1800,52.73981355555559,54.19086457142852,54.09729964000002,51.44385354499987,53.29617691040039,53.998138,-1.956997921320138,0.0,0.9915770895996161
2019-10-14,54.095001,54.095001,54.07,54.07,53.998138,400,52.83080333333337,54.012981238095186,54.090980440000024,51.52631840999987,53.510414123535156,54.88196600000001,-1.0349285675325395,-0.48772387646484106,0.0
2019-10-15,54.855,55.049999,54.855,54.955002,54.88196600000001,2600,53.19365400000004,53.94279557142851,54.15854896000002,51.61108248999987,54.024375915527344,55.25147199999999,-1.6934329007442426,-0.8575900844726689,0.0
2019-10-16,55.355,55.355,55.325001,55.325001,55.251472,400,53.56704622222227,53.86215447619041,54.20914610000002,51.694576579999875,54.54108428955078,55.850669999999994,-1.4169303141073943,-0.7103877104492184,0.0
2019-10-17,55.985001,55.985001,55.924999,55.924999,55.85067,400,53.867201888888935,53.81694033333327,54.27661948000001,51.77705126999987,55.092628479003906,55.21651800000001,-1.4883693086808878,0.0,0.7580415209960947
2019-10-18,55.380001,55.415001,54.98,55.290001,55.21651800000001,2400,54.11465022222226,53.76957957142851,54.292770900000015,51.86256531999987,55.22859191894531,55.531097,-0.11106724533190752,0.01207391894530474,0.0
2019-10-21,55.959999,55.959999,55.459999,55.605,55.531097,3600,54.527434333333375,53.78902142857136,54.32719502000002,51.93630923499986,55.55377960205078,54.97184,-0.09211473419515444,0.0,-0.022682602050778655
2019-10-22,55.044998,55.044998,55.044998,55.044998,54.97184,0,54.78764288888893,53.7846844761904,54.38018688000002,51.99974984499986,55.57980728149414,54.62230699999999,0.9715856134541798,0.0,-0.6079672814941404
2019-10-23,54.599998,54.695,54.564999,54.695,54.62230699999999,800,54.95686244444448,53.82265780952374,54.39603580000002,52.05750220499986,55.44355392456055,54.78709,1.3685966259448699,0.8212469245605547,0.0
2019-10-24,54.860001,54.860001,54.860001,54.860001,54.78709,0,55.01234422222226,53.82884014285707,54.476183800000015,52.11460701999986,55.226585388183594,55.186554,0.6682179757590542,0.43949538818359457,0.0
2019-10-25,54.32,55.259998,54.32,55.259998,55.186554,1600,55.1443904444445,53.90397823809516,54.559129440000014,52.174232914999855,55.13477325439453,55.655930000000005,-0.2266101160652807,-0.05178074560546975,0.0
2019-10-28,55.630001,55.73,55.584999,55.73,55.65593000000001,4000,55.230386444444484,54.02358080952373,54.62610272000002,52.23610593499986,55.11054229736328,54.98182700000001,-1.111533649087952,0.0,0.5453877026367309
2019-10-29,55.445,55.445,55.055,55.055,54.981827,600,55.20042588888893,54.07589195238087,54.65503270000002,52.29775088999986,55.1527099609375,55.37131099999999,0.1774769974343843,0.17088296093749733,0.0
2019-10-30,54.970001,55.445,54.919998,55.445,55.371311,800,55.14716377777782,54.18027676190469,54.69824208000002,52.35645497999986,55.26247787475586,54.856998,-0.32919492333689404,0.0,0.10883312524413924
2019-10-31,55.314999,55.314999,54.93,54.93,54.856998,400,55.10721711111116,54.33459523809517,54.706803700000016,52.41228823999986,55.314208984375,55.53609100000001,0.6994520014108871,0.45721098437500274,0.0
2019-11-01,55.395,55.645,55.369999,55.610001,55.536091000000006,3000,55.10777200000005,54.50817376190469,54.72794888000002,52.469821029999856,55.45468521118164,55.680901,-0.27929470603382345,-0.08140578881836547,0.0
2019-11-04,55.875,55.875,55.755001,55.755001,55.680901,1800,55.186556555555605,54.62872766666659,54.81139616000002,52.52520972999986,55.48188018798828,55.93555799999999,-0.4898588594980364,-0.1990208120117174,0.0
2019-11-05,55.75,56.009998,55.75,56.009998,55.93555799999999,1200,55.33247333333338,54.76901695238087,54.875774900000025,52.590949969999855,55.60276794433594,55.775772,-0.7270667205952508,0.0,0.33279005566405573
2019-11-06,56.445,56.445,55.849998,55.849998,55.775772,3800,55.442326888888935,54.95757561904754,54.93905462000002,52.65274878999986,55.79301071166992,55.53609100000001,-0.10203633011782291,0.0,-0.017238711669918416
2019-11-07,56.275002,56.275002,55.610001,55.610001,55.536091000000006,400,55.48116433333338,55.09596266666658,54.97707304000002,52.711578439999855,55.95590591430664,55.875637,0.6220192556850408,0.41981491430663453,0.0
2019-11-08,55.950001,55.950001,55.950001,55.950001,55.875637,0,55.50557622222227,55.228167714285625,54.99472524000002,52.76911301999985,56.04300308227539,55.760792,0.16622355784299325,0.0,-0.16736608227539307
2019-11-11,55.634998,55.84,55.634998,55.834999,55.760792,3000,55.59212788888894,55.2983123809523,55.01637076000003,52.82899136999985,56.0279426574707,55.845676,0.3455604207509697,0.267150657470701,0.0
2019-11-12,56.294998,56.294998,55.740002,55.919998,55.845676,1000,55.644835111111156,55.386290380952296,55.05289304000003,52.89171336499985,56.0661506652832,56.160263,0.26136028345924384,0.2204746652832057,0.0
2019-11-13,55.48,56.334999,55.48,56.235001,56.160263,23200,55.789642333333376,55.44716166666659,55.07184484000003,52.949249449999854,56.00629425048828,56.54974,-0.40669822253886984,-0.15396874951171924,0.0
2019-11-14,56.450001,56.830002,56.450001,56.625,56.54974,2000,55.90227000000005,55.50898395238087,55.067635180000025,53.002522804999856,56.124549865722656,56.345013,-0.8837971466266556,0.0,0.42519013427734365
2019-11-15,56.474998,56.59,56.345001,56.419998,56.345013,2400,55.97606022222228,55.53252409523802,55.05503768000003,53.06028430499985,56.22223663330078,56.964191000000014,-0.3505164369187294,-0.12277636669922032,0.0
2019-11-18,56.599998,57.060001,56.599998,57.040001,56.96419100000001,23400,56.09035277777783,55.61574661904755,55.04803450000002,53.118298524999844,56.426361083984375,56.45486800000002,-1.0758062855146542,0.0,0.5378299160156317
2019-11-19,56.709999,56.73,56.529999,56.529999,56.45486800000001,600,56.16580788888894,55.65973571428564,55.04282590000002,53.169601109999846,56.53715515136719,55.99548000000001,0.012659033245677123,0.0,-0.08228715136717568
2019-11-20,56.375,56.375,55.455002,56.07,55.99548000000001,1200,56.21685111111116,55.70848047619041,55.021839960000015,53.220776574999846,56.592994689941406,55.740818,0.9327531477463991,0.0,-0.5975146899413986
2019-11-21,55.939999,55.974998,55.759998,55.814999,55.740818,2200,56.20187122222228,55.76174290476183,54.98657530000002,53.273546864999844,56.45104217529297,56.205200000000005,1.1395560094751027,0.7102241752929714,0.0
2019-11-22,55.814999,56.279999,55.814999,56.279999,56.2052,200,56.25124988888895,55.829271952380886,54.95600554000002,53.33065923499985,56.367401123046875,56.844349,0.15529872885548282,0.16220112304687717,0.0
2019-11-25,56.485001,56.919998,56.485001,56.919998,56.844349,5000,56.36221355555561,55.9082145714285,54.965775220000026,53.390842589999856,56.345455169677734,57.608334,-1.009386596117353,-0.49889383032226675,0.0
2019-11-26,57.025002,57.709999,57.025002,57.685001,57.608334,2000,56.52311033333339,56.00118619047613,54.97904320000002,53.44928420999986,56.48147201538086,58.397282,-2.086381145454328,-1.12686198461914,0.0
2019-11-27,58.5,58.535,58.474998,58.474998,58.397282,1000,56.72839277777784,56.163826904761834,55.010985500000025,53.50967534999986,56.949275970458984,57.728172,-2.60918697173964,0.0,1.4480060295410127
2019-11-29,58.365002,58.365002,57.805,57.805,57.728172,3200,56.88207711111118,56.276058380952314,55.04132706000002,53.566346834999855,57.38603591918945,56.82936899999999,-0.7247886529029437,0.0,0.3421360808105476
2019-12-02,57.285,57.285,56.599998,56.904999,56.82936899999999,2600,56.86709688888896,56.369980809523746,55.075458080000026,53.615581339999856,57.587303161621094,55.805733,1.1990232380482024,0.0,-0.757934161621101
2019-12-03,55.494999,55.935001,55.285,55.880001,55.805733,4400,56.79497077777785,56.382820904761836,55.090314420000034,53.65697919999985,57.392234802246094,56.05040699999999,2.7062164910234947,1.5865018022460973,0.0
2019-12-04,56.259998,56.450001,56.125,56.125,56.05040699999999,2600,56.801073777777844,56.40041642857136,55.13482522000004,53.70032371499985,57.170875549316406,55.79075600000001,1.8634753662653116,0.0,-1.1204685493164135
2019-12-05,55.865002,55.865002,55.865002,55.865002,55.79075600000001,3800,56.806622444444514,56.393521095238036,55.15749512000004,53.74354215499985,56.652008056640625,56.53476299999999,1.4087640355595585,0.8612520566406161,0.0
2019-12-06,56.625,56.799999,56.584999,56.610001,56.534763,5600,56.84324055555563,56.42966352380946,55.21601730000004,53.787462839999854,56.36249542236328,56.355000000000004,-0.4372117528079812,0.0,0.17226757763671685
2019-12-09,56.775002,56.790001,56.43,56.43,56.355,1200,56.78886844444452,56.46865919047613,55.28023178000004,53.832155719999854,56.28386306762695,55.775772,-0.2589702859703112,0.0,0.07113693237304375
2019-12-10,55.849998,55.849998,55.849998,55.849998,55.775772,200,56.58525044444452,56.46390371428565,55.31808136000004,53.873478579999855,56.3310432434082,56.060394,0.8613164917359599,0.5552712434081997,0.0
2019-12-11,55.825001,56.134998,55.825001,56.134998,56.060394,800,56.32559622222229,56.478170476190414,55.37570464000004,53.916972764999855,56.28094482421875,56.994152,0.2599925704437487,0.22055082421874772,0.0
2019-12-12,56.255001,57.134998,56.255001,57.07,56.994152,2600,56.24403844444451,56.53285980952375,55.483261480000046,53.96673194499986,56.43705749511719,56.959198,-1.109063439430196,0.0,0.5570945048828122
2019-12-13,57.115002,57.275002,56.744999,57.035,56.959198,1800,56.25846388888896,56.570904333333274,55.58462660000005,54.013622794999854,56.50933837890625,57.56339300000001,-0.9216474464692673,-0.44985962109375066,0.0
2019-12-16,57.395,57.799999,57.395,57.639999,57.56339300000001,5000,56.453759444444515,56.619173523809465,55.672909080000046,54.06550490999985,56.68769073486328,58.062729,-1.6521656517320928,-0.8757022651367308,0.0
2019-12-17,58.084999,58.259998,58.084999,58.139999,58.062729,3200,56.67735077777785,56.70096952380946,55.77437400000005,54.11823762499985,57.13077163696289,57.83803199999999,-1.7358572074229182,0.0,0.9319573630371067
2019-12-18,58.330002,58.330002,57.915001,57.915001,57.838032,1800,56.90482588888897,56.74258099999993,55.894813840000054,54.17209147999984,57.55281448364258,58.492161,-0.6253759994883166,-0.2852175163574202,0.0
2019-12-19,58.57,58.57,58.57,58.57,58.492161,800,57.12231455555564,56.83959495238088,56.01205780000006,54.23585011999984,57.924285888671875,58.991489,-1.1024656160630446,-0.567875111328128,0.0
2019-12-20,59.005001,59.130001,59.005001,59.07,58.991489,2000,57.41525777777786,56.98226204761897,56.12990096000006,54.30397589999984,58.31584167480469,58.636963,-1.2767196973003432,0.0,0.6756473251953139
2019-12-23,59.049999,59.049999,58.715,58.715,58.636963,29000,57.73316788888898,57.120173714285635,56.21688514000006,54.36381964999984,58.57081985473633,58.895313,-0.2455593038638768,-0.06614314526367338,0.0
2019-12-24,58.950001,58.950001,58.91,58.93,58.895313,2800,58.048158888888985,57.24827433333324,56.31482864000006,54.42410715999985,58.729270935058594,60.079617000000006,-0.34062288298219234,-0.16604206494140783,0.0
2019-12-26,59.369999,60.115002,59.334999,60.115002,60.079617000000006,6600,58.390988333333425,57.40233471428563,56.41878166000006,54.487597724999844,59.04104995727539,59.899723,-1.786495894526638,0.0,1.0385670427246154
2019-12-27,60.494999,60.494999,59.935001,59.935001,59.899723,3200,58.71771333333342,57.511448476190395,56.51174668000006,54.551211329999845,59.360191345214844,59.13017700000001,-0.9590550516302752,0.0,0.5395316547851579
2019-12-30,59.799999,59.799999,59.165001,59.165001,59.130177,400,58.891800444444534,57.54634823809516,56.57733682000006,54.60825873999984,59.45073318481445,59.27509300000001,0.48294123212210627,0.3205561848144498,0.0
2019-12-31,59.365002,59.365002,59.095001,59.310001,59.27509300000001,3600,59.02650755555564,57.62001114285706,56.65850832000007,54.66291320499984,59.54017639160156,60.58432,0.38808866585849955,0.26508339160155003,0.0
2020-01-02,60.150002,60.619999,59.759998,60.619999,60.58432,4800,59.33165066666676,57.798818333333244,56.75957278000006,54.72391427499984,59.799293518066406,59.734821000000004,-1.353852681412274,0.0,0.7850264819335919
2020-01-03,59.764999,59.77,59.764999,59.77,59.734821,2000,59.46972400000009,57.98591776190468,56.854832400000056,54.77924611499984,59.8089485168457,60.07461899999999,0.06516399003797892,0.07412751684570651,0.0
2020-01-06,59.875,60.110001,59.875,60.110001,60.07461899999999,1600,59.590071777777865,58.177546904761826,56.963878640000054,54.83054005999985,59.762306213378906,59.979675,-0.5784308448457531,0.0,0.3123127866210851
2020-01-07,60.095001,60.095001,59.855,60.014999,59.979675,1000,59.73926200000009,58.37701923809515,57.06773034000006,54.89011424499985,59.86434555053711,60.37944,-0.2510263300394185,-0.11532944946289092,0.0
2020-01-08,60.009998,60.785,59.965,60.415001,60.37944,14800,59.9041650000001,58.560099095238,57.17158806000007,54.95083916999985,60.055240631103516,60.879147,-0.5954818554029008,-0.3241993688964868,0.0
2020-01-09,61.224998,61.224998,60.915001,60.915001,60.879147,2000,59.993001666666764,58.77553466666658,57.27605240000007,55.01274070499985,60.20867919921875,60.189548,-1.159520297440768,0.0,0.6704678007812532
2020-01-10,60.645,60.645,60.224998,60.224998,60.189548,1000,60.02520444444455,58.98571447619039,57.38020682000007,55.071942514999854,60.342811584472656,60.62929499999999,0.1956223966543874,0.1532635844726542,0.0
2020-01-13,60.630001,60.665001,60.244999,60.665001,60.62929499999999,1400,60.19177311111121,59.2032811904761,57.485366500000076,55.13109818499986,60.453765869140625,60.709244,-0.3481993363181048,-0.17552913085936694,0.0
2020-01-14,60.525002,60.744999,60.419998,60.744999,60.70924399999999,1200,60.35112322222233,59.38019033333324,57.602411420000074,55.18868311999985,60.56887435913086,60.534347999999994,-0.2899409725385634,0.0,0.14036964086913173
2020-01-15,60.705002,60.959999,60.459999,60.57,60.534348,2400,60.34557077777788,59.55043557142847,57.702376560000076,55.23980639999984,60.6475944519043,61.41383,0.12810706934835164,0.1132464519042955,0.0
2020-01-16,61.290001,61.450001,61.195,61.450001,61.41383,2000,60.53212733333343,59.733789714285614,57.81703514000007,55.29659917499984,60.69537353515625,61.638699,-1.2280349105995136,-0.7184564648437473,0.0
2020-01-17,61.84,61.84,61.674999,61.674999,61.638699,1000,60.70591400000009,59.90407399999991,57.93109796000007,55.35119889999984,60.94752883911133,61.393845,-1.1795219662487089,0.0,0.6911701608886744
2020-01-21,61.235001,61.43,61.154999,61.43,61.393845,2800,60.863044000000095,60.07339842857133,58.04345942000007,55.40178073999984,61.099571228027344,61.26392,-0.5378947940300439,0.0,0.29427377197265514
2020-01-22,61.720001,62.02,61.299999,61.299999,61.26392,2800,60.96131955555565,60.20538695238086,58.15801600000007,55.44854522999984,61.292930603027344,61.383846,-0.011530827223432634,0.029010603027344928,0.0
2020-01-23,61.060001,61.419998,60.705002,61.419998,61.383846,1800,61.01739722222231,60.319308714285626,58.26818018000007,55.49458738499984,61.38898468017578,59.794785,-0.050493847010900914,0.0,-0.005138680175782895
2020-01-24,59.900002,59.994999,59.814999,59.830002,59.794785,3800,60.973534666666765,60.374443095238014,58.34886004000007,55.535677359999845,61.10872268676758,58.22071100000001,2.1372566338332692,0.0,-1.3139376867675807
2020-01-27,57.799999,58.514999,57.799999,58.255001,58.220711,1600,60.70591422222233,60.342319190476104,58.39636074000007,55.56615324499984,60.403663635253906,59.265094999999995,3.688374557325827,2.182952635253905,0.0
2020-01-28,59.575001,59.599998,59.299999,59.299999,59.265095,1600,60.54545322222233,60.30353242857134,58.45845738000007,55.60070368499984,60.03303146362305,58.765387999999994,1.2361424552857871,0.0,-0.7679364636230446
2020-01-29,59.110001,59.259998,58.799999,58.799999,58.765388,2000,60.348902111111215,60.24951647619039,58.50277034000007,55.62893934499984,59.52321243286133,59.025238,1.2299548387089743,0.7578244328613266,0.0
2020-01-30,58.290001,59.060001,57.965,59.060001,59.025238,6200,60.083503000000114,60.24451938095229,58.556374840000075,55.65667837499985,59.0279426574707,59.25010699999999,-0.0542809718701099,0.002704657470701477,0.0
2020-01-31,61.209999,61.209999,59.169998,59.285,59.25010699999999,8200,59.818103888889,60.24332957142848,58.60209316000007,55.68317217499985,59.091793060302734,59.90971800000002,-0.3258951500333343,-0.15831393969725838,0.0
2020-02-03,60.935001,60.935001,59.945,59.945,59.90971800000001,2400,59.65320088888901,60.21120566666659,58.671190160000066,55.71204117499985,59.547183990478516,61.918537,-0.6636350146325543,-0.3625340095214966,0.0
2020-02-04,61.779999,62.279999,61.605,61.955002,61.918537,5200,59.72593611111123,60.315192142857065,58.78965130000007,55.75087940999984,60.01337432861328,62.48820099999999,-3.1339320615092854,-1.9051626713867194,0.0
2020-02-05,62.82,62.82,62.23,62.525002,62.488201,4800,59.84864222222235,60.43012461904753,58.92459896000007,55.79313963499985,60.7111701965332,62.368267,-2.9009704045540015,0.0,1.7770308034667934
2020-02-06,62.68,62.68,62.404999,62.404999,62.368267,1800,60.1345846666668,60.543867095238014,59.04786030000007,55.829163134999845,61.488346099853516,62.108420999999986,-1.468877357319533,0.0,0.8799209001464874
2020-02-07,61.830002,62.610001,61.830002,62.145,62.10842099999999,9400,60.56655244444457,60.62619952380944,59.153141740000066,55.86356315999985,61.85565185546875,63.257743999999995,-0.4656016486141333,-0.2527691445312428,0.0
2020-02-10,62.904999,63.294998,62.904999,63.294998,63.257744,4200,61.01018011111124,60.73946604761896,59.26612994000006,55.90425852499985,62.36513900756836,64.01230600000001,-1.4690876401191137,-0.892604992431643,0.0
2020-02-11,63.654999,64.345001,63.57,64.050003,64.01230600000001,2400,61.593171000000126,60.92150214285706,59.378430420000065,55.945509074999855,62.749996185302734,65.331528,-2.0296748693318083,-1.262309814697275,0.0
2020-02-12,64.800003,65.449997,64.800003,65.370003,65.331528,7000,62.29386988888902,61.145417999999914,59.53049754000007,55.99350536999986,63.22776794433594,65.191612,-3.2770918729559484,0.0,2.1037600556640683
2020-02-13,64.695,65.449997,64.695,65.230003,65.191612,2200,62.95403711111125,61.35886409523802,59.69774240000007,56.04194948499986,63.7074089050293,64.856796,-2.3341928942893038,0.0,1.4842030949707095
2020-02-14,65.565002,65.565002,64.690002,64.894997,64.856796,1600,63.50371244444458,61.564694952380876,59.87876366000007,56.09290990999986,64.31078338623047,65.326523,-0.9002444576267332,-0.546012613769534,0.0
2020-02-18,65.275002,65.364998,65.275002,65.364998,65.326523,600,63.882377555555685,61.751013666666594,60.064285980000065,56.147216684999854,64.74185180664062,65.8862,-0.9533331483608015,-0.5846711933593696,0.0
2020-02-19,66.074997,66.074997,65.925003,65.925003,65.8862,600,64.25993300000013,61.95327561904754,60.26619486000007,56.19728796499986,65.14602661132812,65.656334,-1.181609940422572,0.0,0.7401733886718773
2020-02-20,65.95500200000001,65.95500200000001,64.584999,65.695,65.656334,1800,64.62527377777792,62.1562512857142,60.44862628000006,56.24840486999986,65.24613952636719,64.172203,-0.6832490655800377,0.0,0.4101944736328136
2020-02-21,64.995003,64.995003,63.895,64.209999,64.172203,6000,64.85458288888903,62.29474095238087,60.604970340000065,56.30000801499986,65.15773010253906,59.949696,1.4759867891277592,0.0,-0.9855271025390664
2020-02-24,61.450001,61.450001,59.5,59.985001,59.949696,4400,64.48702200000014,62.226448095238005,60.68844882000007,56.33104734999986,64.2950439453125,56.31683,7.185201089373164,0.0,-4.345347945312497
2020-02-25,59.904999,60.09,56.345001,56.349998,56.31683,7200,63.63196911111125,62.0608311904761,60.69357754000007,56.344496049999854,62.93124008178711,55.447346,11.679223274838643,0.0,-6.614410081787106
2020-02-26,56.970001,57.814999,55.384998,55.48,55.447346,14000,62.53372666666681,61.9287661904761,60.662641420000064,56.353497554999855,61.06201171875,51.739529,10.06130446782625,0.0,-5.614665718749997
2020-02-27,53.355,54.555,51.77,51.77,51.739529,2800,61.039050777777916,61.57040590476181,60.55824804000006,56.35967396999986,58.605506896972656,49.325951,13.203606136705917,0.0,-6.865977896972659
2020-02-28,48.955002,50.0,47.830002,49.355,49.325951,8600,59.31340133333347,61.12090890476181,60.39349920000006,56.34824517499987,55.59002685546875,53.543468000000004,12.63301966461099,6.264075855468747,0.0
2020-03-02,49.759998,53.575001,49.759998,53.575001,53.543468,34600,58.00417300000014,60.85987223809515,60.303113980000056,56.355584304999866,53.808719635009766,50.930004,0.43624569416203146,0.0,-0.26525163500976845
2020-03-03,53.075001,54.645,50.959999,50.959999,50.930004,2800,56.34237344444458,60.46367685714277,60.164953420000046,56.34459314999987,52.65693283081055,54.203079,3.3299330143443355,1.7269288308105502,0.0
2020-03-04,52.275002,54.235001,51.555,54.235001,54.203079,4400,55.069789555555694,60.191932142857056,60.079171780000046,56.35293556999987,51.98308181762695,50.75011099999999,-4.152151084818905,0.0,2.2199971823730493
2020-03-05,50.439999,50.825001,50.310001,50.779999,50.750111,2400,53.578446000000135,59.66010233333325,59.91434422000004,56.34760489499987,51.52830123901367,49.595791,1.4736160963958966,0.0,-0.778190239013675
2020-03-06,48.630001,49.625,48.630001,49.625,49.595791,1400,52.428012111111244,59.046178047618966,59.73352078000004,56.33286099499986,51.557987213134766,44.064049,3.8951883388106108,0.0,-1.9621962131347672
2020-03-09,41.540001,45.830002,41.540001,44.09,44.064049,14000,51.06659200000013,58.17454861904754,59.43689550000005,56.29300253999987,49.964046478271484,47.442062,13.32285433946809,5.899997478271487,0.0
2020-03-10,45.0,47.470001,44.654999,47.470001,47.442062,1800,50.17711600000013,57.4761505714285,59.18414440000005,56.27706804999987,48.691009521484375,42.839771,2.572168729224108,0.0,-1.248947521484375
2020-03-11,44.509998,44.509998,42.865002,42.865002,42.839771,5800,49.18825400000013,56.50386614285706,58.84294536000005,56.23722416499987,46.8494873046875,35.209263,9.295427782057502,0.0,-4.009716304687501
2020-03-12,36.255001,38.25,33.755001,35.23,35.209263,5000,47.619733111111245,55.13229266666659,58.36452708000005,56.16084902499987,43.98042678833008,38.652237,24.837998263781103,8.771163788330078,0.0
2020-03-13,38.404999,39.900002,33.84,38.674999,38.652237,3800,45.965151888889025,53.86185023809516,57.952069960000046,56.10652765999988,41.7296028137207,32.046124,7.898135469171449,0.0,-3.0773658137207036
2020-03-16,36.0,36.404999,32.064999,32.064999,32.046124,2800,43.866943000000134,52.28349366666659,57.38130604000005,56.01703062999987,39.930233001708984,32.615790999999994,24.529032424760043,7.884109001708985,0.0
2020-03-17,31.215,33.325001,30.93,32.634998,32.615790999999994,7400,41.46835544444458,50.74820771428563,56.83892544000005,55.936043954999874,37.117000579833984,26.749245,13.733730211455752,0.0,-4.50120957983399
2020-03-18,27.4,27.855,26.764999,26.764999,26.749245,2000,38.801592555555686,48.91119447619039,56.17241796000005,55.830887744999885,33.84111785888672,32.540836,26.437956746744955,7.09187285888672,0.0
2020-03-19,31.83,32.560001,31.83,32.560001,32.540836,400,36.90659755555569,47.32331999999991,55.62364118000005,55.743589919999884,33.059539794921875,31.171642,1.5342100109943955,0.0,-0.5187037949218762
2020-03-20,35.0,35.0,30.004999,31.190001,31.171642,4400,35.47410788888902,45.68119180952371,55.039485220000046,55.647151374999886,32.11552047729492,30.981754,2.967359562748726,0.0,-0.9438784772949234
2020-03-23,31.205,31.205,29.865,31.0,30.981754,1200,33.645184777777914,44.100694238095144,54.44153736000004,55.54652082499989,31.436901092529297,33.959999,1.4093583629977318,0.4551470925292982,0.0
2020-03-24,33.98,33.98,33.98,33.98,33.959999,200,32.658543444444575,42.86308961904753,53.91694638000004,55.4543213099999,31.819164276123047,34.759998,-6.359139858378311,-2.1408347238769565,0.0
2020-03-25,37.73,37.735001,32.445,34.759998,34.759998,4000,32.608625111111245,41.83657380952371,53.399560440000045,55.36282932499989,33.52726745605469,37.610001,-3.546405681454054,-1.2327305439453156,0.0
2020-03-26,37.98,37.98,36.875,37.610001,37.610001,2800,32.49282111111124,40.98717642857133,52.937575580000036,55.28478918499989,34.58229064941406,35.150002,-8.050279899184089,0.0,3.0277103505859344
2020-03-27,34.52,36.235001,34.509998,35.150002,35.150002,3400,32.837696444444575,40.19719895238086,52.42988866000003,55.19514744499989,35.04844665527344,36.57,-0.2889198832095746,-0.10155534472656313,0.0
2020-03-30,35.779999,36.615002,35.779999,36.57,36.57,1600,33.27705300000013,39.58977271428562,51.93301206000004,55.10819082999989,36.11804962158203,35.654999,-1.2358500913808286,0.0,0.45195037841796903
2020-03-31,35.654999,35.654999,35.654999,35.654999,35.654999,200,34.26658122222236,38.73794085714277,51.41333806000003,55.01448917999989,36.445777893066406,33.110001000000004,2.2178626146263802,0.0,-0.7907788930664097
2020-04-01,33.110001000000004,33.110001000000004,33.110001000000004,33.110001000000004,33.110001000000004,800,34.32982177777791,37.889369285714196,50.84766118000003,54.90684034999988,35.94731521606445,33.810001,8.56935708357257,2.837314216064449,0.0
2020-04-02,32.755001,33.810001,32.755001,33.810001,33.810001,3600,34.6229727777779,36.91827033333325,50.298582800000034,54.79947387999989,35.09018325805664,33.810001,3.7864011244975737,0.0,0.0
2020-04-03,33.810001,33.810001,33.810001,33.810001,33.810001,0,34.93722244444457,36.11159842857134,49.74710590000002,54.68946348499989,34.82331085205078,37.084999,2.997071345992511,1.0133098520507815,0.0
2020-04-06,35.5,37.084999,35.5,37.084999,37.084999,1600,35.28444466666679,35.51584642857134,49.29291018000003,54.59305940999989,34.83153533935547,37.950001,-6.076483002317283,-2.2534636606445346,0.0
2020-04-07,38.599998,38.599998,37.215,37.950001,37.950001,2400,35.63888944444457,35.224701285714204,48.88749598000003,54.50310047499988,35.30839538574219,39.43,-6.960752423320918,-2.641605614257813,0.0
2020-04-08,38.595001,39.43,38.595001,39.43,39.43,600,35.84111155555568,34.843174523809445,48.49079408000002,54.42221269999988,36.47469711303711,40.52,-7.495061848751941,-2.9553028869628903,0.0
2020-04-09,40.055,41.264999,40.055,40.52,40.52,5200,36.43777800000012,34.732709238095154,48.12588632000003,54.35201913999988,37.90597915649414,42.325001,-6.451186681899957,-2.6140208435058625,0.0
2020-04-13,41.0,42.325001,40.130001,42.325001,42.325001,1800,37.07722255555567,35.07155390476183,47.79188158000002,54.29095045499989,39.42432403564453,45.195,-6.8533417503179015,-2.900676964355469,0.0
2020-04-14,43.009998,45.605,43.009998,45.195,45.195,3800,38.13722266666679,35.383114047618974,47.510779440000036,54.24083711999988,40.983402252197266,44.029999,-9.318724964714537,0.0,4.211597747802735
2020-04-15,42.5,44.029999,42.5,44.029999,44.029999,1200,39.35055577777789,35.95377476190468,47.19318506000003,54.183301299999876,42.01000213623047,45.240002,-4.587774039625865,-2.019996863769528,0.0
2020-04-16,43.564999,45.375,43.564999,45.240002,45.240002,2600,40.62055588888901,36.55492766666659,46.85961436000003,54.12809637499988,43.08009338378906,45.965,-4.774333600186257,-2.1599086162109344,0.0
2020-04-17,45.404999,45.965,45.404999,45.965,45.965,800,41.971111333333454,37.46996361904755,46.52915034000003,54.073296569999876,44.09901809692383,46.314999,-4.0595712021672465,-1.8659819030761753,0.0
2020-04-20,45.849998,46.314999,45.580002,46.314999,46.314999,2600,42.99666688888901,38.125876142857074,46.20808498000004,54.015529199999875,45.007083892822266,42.755001,-2.823955814352354,0.0,1.3079151071777346
2020-04-21,43.474998,43.715,42.605,42.755001,42.755001,3800,43.5305557777779,38.677464666666594,45.82101658000004,53.940386169999876,44.82432174682617,44.110001,4.839950177585475,2.069320746826172,0.0
2020-04-22,43.875,44.110001,43.875,44.110001,44.110001,600,44.050555888889015,39.302619285714215,45.43806172000004,53.87199316999987,44.96977233886719,44.165001,1.9491528437444168,0.8597713388671906,0.0
2020-04-23,44.825001,44.825001,44.165001,44.165001,44.165001,1600,44.45555600000013,39.78857176190469,45.041115620000035,53.80205303999986,44.98677062988281,45.505001,1.8606806549892663,0.8217696298828159,0.0
2020-04-24,45.380001,45.505001,45.380001,45.505001,45.505001,400,44.80888933333346,40.300238571428494,44.644585080000034,53.73471941999986,44.928619384765625,47.005001,-1.2666335623954277,-0.576381615234375,0.0
2020-04-27,47.299999,47.299999,47.005001,47.005001,47.005001,1600,45.010000555555685,40.74761952380945,44.28085286000003,53.67316351999986,45.15009307861328,46.375,-3.946192706998812,0.0,1.8549079213867188
2020-04-28,46.525002,46.674999,46.375,46.375,46.375,13000,45.27055622222235,41.282143238095166,43.91121694000003,53.60411448499986,45.81293869018555,48.634998,-1.2119920427265836,-0.5620613098144531,0.0
2020-04-29,47.799999,48.634998,47.799999,48.634998,48.634998,1200,45.64777800000013,41.85666695238088,43.577386440000026,53.545791329999865,46.6443977355957,48.160000000000004,-4.092937897117421,0.0,1.9906002644043
2020-04-30,47.66,48.16,47.654999,48.16,48.16,2000,45.89166688888901,42.452143190476114,43.22286244000003,53.484519089999864,47.31850814819336,44.630001,-1.7472837454456756,0.0,0.8414918518066372
2020-05-01,45.5,45.5,44.630001,44.630001,44.630001,800,45.704444888889014,43.00071461904754,42.80233578000003,53.40954060499987,47.26265335083008,45.139999,5.898839999645257,2.632652350830078,0.0
2020-05-04,44.630001,45.139999,44.459999,45.139999,45.139999,800,45.96944466666679,43.54023833333325,42.421691700000025,53.34145525499987,46.808441162109375,45.330002,3.6961501973213866,1.668442162109372,0.0
2020-05-05,46.625,47.259998,45.330002,45.330002,45.330002,11800,46.10500033333345,44.08880980952373,42.129297820000026,53.27958660499988,46.73360061645508,45.439999,3.096400958586055,1.4035986164550778,0.0
2020-05-06,45.93,45.93,45.439999,45.439999,45.439999,600,46.2466667777779,44.48666695238087,41.91176120000003,53.21846760499988,46.2314453125,46.41,1.741739282388628,0.7914463124999997,0.0
2020-05-07,45.935001,46.41,45.375,46.41,46.41,32400,46.347222222222335,44.88952404761896,41.731014280000025,53.15997711999987,45.8526725769043,46.41,-1.2008778778187885,0.0,0.0
2020-05-08,46.41,46.41,46.41,46.41,46.41,0,46.28111100000011,45.221904999999914,41.62442370000002,53.098067064999874,46.11220932006836,48.264999,-0.6416519714105521,-0.2977906799316372,0.0
2020-05-11,47.650002,48.264999,47.650002,48.264999,48.264999,2800,46.491110888889,45.59071447619039,41.60320466000003,53.04643040499988,46.72226333618164,46.154999,-3.1963859852527134,0.0,1.5427356638183625
2020-05-12,46.154999,46.154999,46.154999,46.154999,46.154999,200,46.215555444444554,45.773095333333245,41.45543528000003,52.98314551499989,46.731292724609375,44.720001,1.248605215243052,0.0,-0.5762937246093784
2020-05-13,44.27,44.720001,44.27,44.720001,44.720001,600,45.83333333333345,45.750476333333246,41.33123522000003,52.91518168499989,46.50292205810547,45.695,3.9868537974886564,1.7829210581054653,0.0
2020-05-14,44.855,45.695,44.855,45.695,45.695,2000,45.95166655555567,45.82976209523801,41.16107364000004,52.85658572499989,46.366294860839844,46.650002,1.4690772750625745,0.6712948608398435,0.0
2020-05-15,46.154999,46.650002,46.154999,46.650002,46.650002,15400,46.11944466666679,45.896904952380865,41.079071460000044,52.80897994499989,46.345218658447266,50.16999799999999,-0.6533404683513947,-0.304783341552735,0.0
2020-05-18,50.005001,50.334999,49.275002,50.169998,50.169998,8400,46.657222000000125,46.097142952380864,41.09055560000004,52.78456528999989,46.71883773803711,49.74499899999999,-6.878932428825073,0.0,3.4511602619628903
2020-05-19,50.330002,51.040001,49.744999,49.744999,49.744999,1800,47.13555533333346,46.2604762857142,41.20417460000003,52.76171979499989,47.51751708984375,50.99499900000001,-4.477800693404879,-2.22748191015625,0.0
2020-05-20,50.610001,51.0,50.610001,50.994999,50.994999,3200,47.64499966666679,46.65285714285706,41.27523334000003,52.759177089999895,48.760108947753906,50.68,-4.382567106719805,0.0,2.2348900522460937
2020-05-21,50.595001,50.68,50.595001,50.68,50.68,400,48.11944411111123,46.96571423809515,41.43203792000003,52.74896901499989,49.82606887817383,50.224998,-1.6849469649293045,0.0,0.8539311218261716
2020-05-22,50.244999,50.654999,50.224998,50.224998,50.224998,1000,48.3372217777779,47.254285523809436,41.73235262000003,52.737708999999896,50.61105728149414,51.200001,0.7686596254202763,0.38605928149414126,0.0
2020-05-26,52.224998,52.224998,51.200001,51.200001,51.200001,1400,48.89777755555568,47.52547599999992,41.983307900000035,52.72166426999989,50.965370178222656,52.375,-0.45826331483341975,-0.23463082177734407,0.0
2020-05-27,52.0,52.375,52.0,52.375,52.375,800,49.74833300000012,47.78119023809516,42.389885420000034,52.71448981499989,51.343910217285156,51.564999,-1.9686678428923032,0.0,1.0310897827148438
2020-05-28,52.5,52.945,51.564999,51.564999,51.564999,1000,50.40055511111123,48.028333047618965,42.768869580000036,52.71070357499989,51.61522674560547,52.220001,0.0974066645583926,0.0502277456054685,0.0
2020-05-29,51.0,52.220001,51.0,52.220001,52.220001,10200,51.019443888889015,48.19904747619039,43.27828470000004,52.70265427499989,51.808475494384766,53.720001,-0.788061083367727,-0.4115255056152378,0.0
2020-06-01,52.950001,53.959999,52.875,53.720001,53.720001,33600,51.41388866666679,48.46380942857134,43.70186800000004,52.71735582999989,52.38320541381836,54.165001000000004,-2.488450411945532,-1.336795586181644,0.0
2020-06-02,53.705002,54.165001,53.705002,54.165001,54.165001,600,51.90500000000012,48.91785704761895,44.16173518000004,52.73298447499988,52.810123443603516,55.790001000000004,-2.501389331454976,-1.354877556396481,0.0
2020-06-03,55.584999,55.790001,55.584999,55.790001,55.790001,1000,52.43777800000012,49.42499999999991,44.65790012000004,52.75039814999988,53.48670959472656,55.275002,-4.128502175996437,0.0,2.303291405273434
2020-06-04,55.275002,55.275002,55.275002,55.275002,55.275002,400,52.94833377777789,49.898571428571344,45.08420018000003,52.759096519999886,54.09806442260742,57.380001,-2.1292402257942546,-1.1769375773925788,0.0
2020-06-05,57.0,57.650002,57.0,57.380001,57.380001,2000,53.74333411111123,50.467142952380875,45.536600240000034,52.77994231499988,55.20558166503906,57.360001,-3.789507314510046,0.0,2.1744193349609375
2020-06-08,56.790001,57.360001,56.790001,57.360001,57.360001,1600,54.427778555555676,50.98857157142849,45.93160024000004,52.79459773499988,55.94698715209961,58.57,-2.46341322047813,-1.4130138479003875,0.0
2020-06-09,58.57,58.57,58.57,58.57,58.57,200,55.11611188888901,51.5676191904761,46.40000020000004,52.81505357499987,56.84703826904297,57.86000099999999,-2.9417137287980735,0.0,1.7229617309570315
2020-06-10,57.860001,57.860001,57.860001,57.860001,57.860001,600,55.81555655555567,52.02452404761896,46.82580022000004,52.84681089499987,57.27848434448242,52.575001,-1.0050408666905744,0.0,0.581516655517575
2020-06-11,54.654999,56.5,52.575001,52.575001,52.575001,6000,55.855001000000115,52.330238428571334,47.164200260000044,52.84610279499987,57.080013275146484,53.105000000000004,8.568734549613199,4.505012275146484,0.0
2020-06-12,52.5,53.105,51.459999,53.105,53.105,3400,55.786667555555674,52.729524095238006,47.564100240000045,52.84856886499987,56.16804504394531,53.75999800000001,5.767903293372217,3.0630450439453156,0.0
2020-06-15,51.424999,54.279999,50.134998,53.759998,53.759998,5600,55.74166722222233,53.11357161904753,47.96310018000005,52.84919300499987,55.25524139404297,55.625,2.7813308215580026,1.4952433940429657,0.0
2020-06-16,55.0,55.625,55.0,55.625,55.625,1000,55.72333377777788,53.540952476190384,48.39940016000005,52.85235286999987,54.5765495300293,55.86999900000001,-1.8848547774754212,-1.0484504699707031,0.0
2020-06-17,55.73,55.955002,54.740002,55.869999,55.869999,4600,55.78944455555566,53.812381095238,48.77510016000005,52.858310284999874,54.119171142578125,55.759997999999996,-3.1337531568988846,0.0,1.750827857421875
2020-06-18,55.764999,55.814999,55.759998,55.759998,55.759998,6400,55.60944422222232,54.09880961904752,49.13130010000005,52.867012464999874,54.429019927978516,55.59999799999999,-2.386976541895657,0.0,1.3309780720214874
2020-06-19,56.540001,56.825001,55.599998,55.599998,55.599998,600,55.41388833333344,54.318095285714186,49.45470006000005,52.868949089999866,55.145870208740234,56.145,-0.8167766323656434,-0.454127791259765,0.0
2020-06-22,54.5,56.145,54.5,56.145,56.145,3400,55.14444388888899,54.57833338095228,49.76720006000005,52.865872974999874,55.74129867553711,57.029999,-0.7190334392428421,-0.40370132446289375,0.0
2020-06-23,57.25,57.25,57.029999,57.029999,57.029999,1600,55.05222144444455,54.90238104761895,50.06130002000005,52.866148529999876,56.085079193115234,54.615002,-1.6568820330590612,0.0,0.9449198068847622
2020-06-24,55.0,55.0,53.805,54.615002,54.615002,1800,55.27888822222233,55.06500014285705,50.24970006000004,52.852651789999875,55.91910171508789,54.834999,2.3878049388113065,1.3040997150878937,0.0
2020-06-25,53.474998,54.834999,53.474998,54.834999,54.834999,1400,55.471110333333435,55.18214295238086,50.46580006000005,52.843250294999876,55.603363037109375,52.445,1.401229235199533,0.0,-0.7683640371093716
2020-06-26,52.445,52.445,52.445,52.445,52.445,200,55.32499944444456,55.224047761904664,50.60990002000005,52.820251409999884,54.877586364746094,53.805,4.638357068826568,2.4325863647460935,0.0
2020-06-29,51.834999,53.805,51.834999,53.805,53.805,400,55.122777222222325,55.29952390476181,50.766700020000044,52.801756154999886,54.39173889160156,55.555,1.090491388535569,0.5867388916015628,0.0
2020-06-30,54.580002,55.555,54.580002,55.555,55.555,800,55.087777333333435,55.38690480952373,50.951500040000035,52.79086271499988,53.96095657348633,57.605,-2.869306860793217,-1.5940434265136716,0.0
2020-07-01,56.650002,57.605,56.650002,57.605,57.605,600,55.29277755555566,55.5507142857142,51.24850002000004,52.797108389999885,54.43682861328125,57.384997999999996,-5.499820131444748,0.0,3.168171386718747
2020-07-02,57.855,57.895,57.384998,57.384998,57.384998,1000,55.49111088888898,55.62666652380943,51.513999960000035,52.79930870499989,55.11927032470703,59.97999999999999,-3.9482926797226194,-2.265727675292972,0.0
2020-07-06,59.674999,60.0,59.674999,59.98,59.98,1400,55.9172220000001,55.85071404761896,51.83029994000004,52.81520786999989,56.553314208984375,59.40499899999999,-5.713047334137416,0.0,3.426685791015622
2020-07-07,59.404999,59.404999,59.404999,59.404999,59.404999,600,56.18111088888899,55.94714252380944,52.10829990000004,52.831177394999884,57.855106353759766,60.575001,-2.6090273080220587,-1.549892646240231,0.0
2020-07-08,59.404999,60.575001,59.404999,60.575001,60.575001,400,56.84333300000011,56.10023776190467,52.37969990000004,52.85843830999988,58.823333740234375,61.505001,-2.8917329440335053,-1.7516672597656253,0.0
2020-07-09,61.099998,61.505001,61.099998,61.505001,61.505001,400,57.58444433333344,56.239999714285624,52.68229992000004,52.89064873499988,59.6360969543457,63.54999900000001,-3.038621275128988,-1.868904045654297,0.0
2020-07-10,63.549999,63.549999,63.549999,63.549999,63.549999,400,58.8183331111112,56.51095199999992,52.98059994000004,52.939274394999885,60.77273178100586,61.20000099999999,-4.37020812383355,0.0,2.7772672189941403
2020-07-13,65.0,65.0,61.200001,61.200001,61.200001,800,59.63999988888899,56.9216662857142,53.241399960000045,52.97198809499988,61.4350471496582,62.18999899999999,0.38406232976728677,0.2350461496582028,0.0
2020-07-14,62.189999,62.189999,62.189999,62.189999,62.189999,1000,60.37722200000011,57.3542852857142,53.59259992000005,53.01489481999988,61.97314453125,63.25,-0.3486966911673375,-0.21685446875000025,0.0
2020-07-15,62.509998,63.25,62.509998,63.25,63.25,600,61.00444422222233,57.806190142857055,53.95479994000005,53.065423439999876,62.5407600402832,62.884997999999996,-1.121327999552248,0.0,0.7092399597167969
2020-07-16,61.904999,62.884998,61.904999,62.884998,62.884998,600,61.61555533333345,58.15190433333324,54.305899860000046,53.11043196499987,62.75729751586914,61.880001,-0.20306987070407861,0.0,0.12770048413086243
2020-07-17,61.775002,62.130001,61.775002,61.880001,61.880001,1400,61.82666655555566,58.43809490476182,54.634699900000044,53.15393581999987,62.43262481689453,64.610001,0.8930572203683889,0.5526238168945312,0.0
2020-07-20,62.810001,64.779999,62.564999,64.610001,64.610001,3000,62.40500011111122,58.85952361904753,54.99869992000004,53.218904274999865,62.52968978881836,64.275002,-3.2197975220301234,0.0,2.0803112111816375
2020-07-21,64.68,65.684998,64.184998,64.275002,64.275002,2600,62.81611133333344,59.27261904761897,55.35599996000005,53.28082457499987,63.005775451660156,64.739998,-1.9746814606708911,-1.2692265483398444,0.0
2020-07-22,64.739998,64.739998,64.739998,64.739998,64.739998,200,63.17555544444455,59.68190466666659,55.68549994000004,53.33877821999987,63.36248779296875,62.445,-2.1277575680976235,0.0,1.37751020703125
2020-07-23,62.445,62.445,62.445,62.445,62.445,400,63.05277777777789,59.93976185714277,56.01129996000005,53.38605580499987,63.39109420776367,62.709999,1.5150840063474602,0.9460942077636716,0.0
2020-07-24,61.255001,63.0,61.255001,62.709999,62.709999,1800,63.22055533333345,60.32523790476181,56.37109992000005,53.44052559999987,63.4306526184082,63.685001,1.1491845477595999,0.7206536184081997,0.0
2020-07-27,63.764999,63.764999,63.584999,63.685001,63.685001,1600,63.3866666666668,60.74666657142849,56.73089994000004,53.495800789999876,63.431331634521484,62.48,-0.398318852940766,0.0,0.2536693654785154
2020-07-28,62.48,62.48,62.48,62.48,62.48,200,63.30111111111124,61.22452371428564,57.04749990000005,53.54270413499987,62.99479293823242,63.529999,0.8239323595269287,0.514792938232425,0.0
2020-07-29,63.529999,63.529999,63.529999,63.529999,63.529999,400,63.37277788888902,61.68761890476183,57.314699920000045,53.58891535999987,62.7523078918457,63.70999900000001,-1.2241320956959143,-0.7776911081542934,0.0
2020-07-30,63.709999,63.709999,63.709999,63.709999,63.709999,600,63.57611100000013,62.07595219047611,57.59399992000005,53.63747466499987,62.99722671508789,64.305,-1.1187761671635135,-0.7127722849121128,0.0
2020-07-31,64.305,64.305,64.305,64.305,64.305,200,63.54222200000014,62.394999809523725,57.86019994000005,53.68458983499987,63.437992095947266,64.790001,-1.3482744795159647,-0.8670079040527412,0.0
2020-08-03,65.04499799999999,65.04499799999999,64.775002,64.790001,64.790001,2200,63.59944411111125,62.74761899999992,58.14239996000005,53.73228247999987,63.672950744628906,66.059998,-1.7241090262849317,-1.1170502553710975,0.0
2020-08-04,66.059998,66.059998,66.059998,66.059998,66.059998,0,63.74611077777791,63.03714271428563,58.459099960000046,53.78332911999987,64.36180877685547,67.514999,-2.5706770732032487,-1.6981892231445244,0.0
2020-08-05,67.279999,67.514999,67.279999,67.514999,67.514999,400,64.30944400000013,63.4233331904761,58.785399920000046,53.84482152499988,65.10539245605469,68.879997,-3.568994415515455,-2.4096065439453156,0.0
2020-08-06,68.879997,68.879997,68.879997,68.879997,68.879997,200,64.99499933333345,63.81880919047611,59.11549986000004,53.911566024999885,66.09925842285156,68.154999,-4.037077088067295,0.0,2.7807385771484405
2020-08-07,68.154999,68.154999,68.154999,68.154999,68.154999,1000,65.4916657777779,64.13547576190469,59.44729986000004,53.97748181999989,66.84986114501953,67.980003,-1.914955431193642,0.0,1.3051378549804724
2020-08-10,68.440002,68.440002,67.980003,67.980003,67.980003,2000,66.10277722222234,64.34642833333325,59.76249990000004,54.04427029999989,67.49371337890625,67.66999799999999,-0.7153421589195081,0.0,0.4862896210937464
2020-08-11,68.375,69.125,67.66999799999999,67.66999799999999,67.66999799999999,2200,66.56277711111123,64.65452342857135,60.041499840000036,54.10868483999989,67.91580963134766,69.574997,0.36325053733216267,0.2458116313476637,0.0
2020-08-12,69.574997,69.574997,69.574997,69.574997,69.574997,400,67.21444355555568,65.00618999999992,60.34969976000004,54.18062705499989,68.32662963867188,69.595001,-1.7942758392474258,-1.2483673613281212,0.0
2020-08-13,69.595001,69.595001,69.595001,69.595001,69.595001,200,67.80222144444457,65.30833290476183,60.62579976000004,54.25032240999988,68.4622802734375,69.574997,-1.6275892094067164,0.0,1.1327207265624963
2020-08-14,69.574997,69.574997,69.574997,69.574997,69.574997,400,68.33388766666678,65.6269042857142,60.91179966000005,54.323288259999885,68.7380142211914,70.739998,-1.202993625437871,-0.83698277880859,0.0
2020-08-17,70.739998,70.739998,70.739998,70.739998,70.739998,400,68.8538876666668,66.04880890476181,61.178999600000054,54.40013169499987,69.22315979003906,72.25,-2.1442440667879823,-1.5168382099609374,0.0
2020-08-18,70.709999,72.25,70.709999,72.25,72.25,900,69.37999888888902,66.4126183809523,61.476799580000055,54.48709670499988,69.84951782226562,71.139999,-3.3224666819852944,0.0,2.400482177734375
2020-08-19,72.480003,72.519997,71.139999,71.139999,71.139999,5400,69.63111022222235,66.7395229999999,61.72819956000005,54.56511624499988,70.28128814697266,71.309998,-1.2070717811330682,-0.8587108530273468,0.0
2020-08-20,71.309998,71.309998,71.309998,71.309998,71.309998,200,69.98166566666679,67.05238014285705,61.99719950000005,54.643261729999885,70.60992431640625,71.209999,-0.9817328610691354,0.0,0.7000736835937431
2020-08-21,71.209999,71.209999,71.209999,71.209999,71.209999,200,70.34055411111123,67.46976104761896,62.36989946000005,54.71963393499989,70.92573547363281,72.940002,-0.3991904653266233,-0.28426352636718377,0.0
2020-08-24,73.010002,73.010002,72.099998,72.940002,72.940002,3200,70.92611011111124,67.95690404761896,62.76659950000005,54.805455084999885,71.31116485595703,73.519997,-2.23311913816917,-1.6288371440429756,0.0
2020-08-25,73.879997,73.879997,73.519997,73.519997,73.519997,300,71.36444344444459,68.42523719047611,63.16179948000004,54.89537461499988,71.73796081542969,77.33000200000002,-2.4238795664944273,-1.782036184570316,0.0
2020-08-26,74.279999,77.57,74.279999,77.33000200000002,77.33000200000002,2400,72.22388800000014,69.13238014285704,63.595899520000046,55.00264643999989,72.50299072265625,75.709999,-6.242093821934429,0.0,4.827011277343772
2020-08-27,77.5,77.5,75.0,75.709999,75.709999,4500,72.90555488888903,69.71238014285704,63.99269952000005,55.102392474999895,73.48462677001953,76.900002,-2.939337286189193,-2.225372229980465,0.0
2020-08-28,76.629997,76.900002,76.629997,76.900002,76.900002,200,73.5899997777779,70.34047552380943,64.41549960000005,55.20766410499989,74.53540802001953,76.940002,-3.07489456239607,-2.3645939799804694,0.0
2020-08-31,76.309998,76.940002,76.309998,76.940002,76.940002,600,74.11111111111126,70.9421422857142,64.84229968000004,55.31156279999989,75.28002166748047,78.690002,-2.1574997262406335,-1.6599803325195381,0.0
2020-09-01,78.690002,78.690002,78.690002,78.690002,78.690002,100,74.95000033333348,71.604047095238,65.29319972000003,55.42226410999989,76.21955871582031,80.160004,-3.139462728924183,-2.4704432841796944,0.0
2020-09-02,79.160004,80.309998,77.559998,80.160004,80.160004,4800,75.93333433333348,72.27547595238086,65.75579982000004,55.54133906499988,76.89579772949219,75.07,-4.072113407713669,0.0,3.264206270507813
2020-09-03,79.849998,79.849998,73.91999799999998,75.07,75.07,1700,76.36222333333347,72.63523790476181,66.16489978000004,55.631868109999886,77.07276153564453,72.879997,2.6678587127275053,0.0,-2.002761535644538
2020-09-04,77.790001,77.790001,69.0,72.879997,72.879997,6300,76.35555611111124,72.825714095238,66.52579974000004,55.71399375499988,76.66020202636719,70.66999799999998,5.186889656934515,0.0,-3.7802050263671845
2020-09-08,70.349998,71.139999,70.349998,70.66999799999998,70.66999799999998,1400,76.03888955555568,72.94547595238086,66.89029970000003,55.78736634499988,75.49591064453125,73.440002,6.828799746861848,4.825912644531272,0.0
2020-09-09,71.730003,74.32,71.730003,73.440002,73.440002,2400,75.60666733333346,73.20547590476183,67.28299974000004,55.87586226499988,74.34015655517578,70.989998,1.22570061364619,0.0,-0.9001545551757744
2020-09-10,76.66999799999998,76.66999799999998,70.949997,70.989998,70.989998,3100,75.0822227777779,73.36357114285705,67.59169970000004,55.94978625499987,73.31062316894531,69.860001,3.2689466605497195,0.0,-2.3206251689453126
2020-09-11,70.720001,70.720001,69.860001,69.860001,69.860001,300,74.30000044444458,73.37714276190468,67.83679972000003,56.014864514999864,71.96830749511719,70.860001,3.017902182848796,2.1083064951171906,0.0
2020-09-14,71.720001,71.730003,70.860001,70.860001,70.860001,700,73.62444477777791,73.43738085714278,68.10629978000003,56.08112284999986,71.38239288330078,72.470001,0.7372168726060057,0.5223918833007843,0.0
2020-09-15,72.0,72.790001,72.0,72.470001,72.470001,1000,72.93333355555568,73.57523819047611,68.35609980000004,56.151486444999854,71.70223999023438,71.68,-1.0594190688166563,0.0,0.7677610097656213
2020-09-16,72.07,73.0,71.68,71.68,71.68,1100,71.99111088888901,73.62000019047612,68.60159982000003,56.22124558499986,71.5743408203125,69.209999,-0.14740398951940123,0.0,0.10565917968750682
2020-09-17,70.260002,70.260002,67.400002,69.209999,69.209999,2400,71.3399996666668,73.47523823809516,68.77429978000004,56.28314873499987,70.7153091430664,67.650002,2.1749894015551283,0.0,-1.50531014306641
2020-09-18,66.099998,67.650002,65.33000200000001,67.650002,67.650002,1800,70.75888911111124,73.30904790476183,68.89719980000004,56.342370079999874,70.02935028076172,66.32,3.5171444352089125,0.0,-2.379348280761718
2020-09-21,65.0,66.32,62.779999,66.32,66.32,7800,70.27555600000014,73.07142895238087,68.95259982000005,56.39371804499987,68.8421859741211,69.800003,3.8030548463828415,2.5221859741211006,0.0
2020-09-22,67.410004,69.860001,67.410004,69.800003,69.800003,1200,69.87111166666679,73.00428628571422,69.12459986000003,56.46376427999987,68.09102630615234,66.010002,-2.448390573633156,0.0,1.70897669384766
2020-09-23,67.059998,67.209999,66.010002,66.010002,66.010002,700,69.3177787777779,72.67428628571422,69.20099992000003,56.51114047499988,67.00434112548828,66.25,1.5063461526455963,0.9943391254882812,0.0
2020-09-24,65.589996,67.07,64.989998,66.25,66.25,1800,68.91666755555568,72.32809595238088,69.26099992000003,56.56061547499988,66.36394500732422,68.32,0.1719924638856132,0.11394500732421875,0.0
2020-09-25,65.239998,68.32,65.239998,68.32,68.32,600,68.63444522222234,71.89904823809516,69.36969996000003,56.62333661499987,66.3838882446289,70.91999799999998,-2.833887229758617,-1.936111755371087,0.0
2020-09-28,70.059998,71.199997,70.0,70.91999799999998,70.91999799999998,8700,68.46222266666678,71.67095295238089,69.55049990000003,56.697634634999865,67.41825103759766,70.010002,-4.937601609072695,0.0,3.501746962402322
2020-09-29,71.010002,71.010002,70.010002,70.010002,70.010002,1200,68.27666733333344,71.34285771428564,69.65849992000003,56.762713884999876,67.7889633178711,71.190002,-3.1724591039561836,-2.2210386821289063,0.0
2020-09-30,70.550003,71.91999799999998,70.540001,71.190002,71.190002,2000,68.49666766666677,71.06904819047611,69.79679992000003,56.83386790499987,68.64443969726562,73.059998,-3.5757300621151575,-2.545562302734382,0.0
2020-10-01,72.190002,73.059998,72.190002,73.059998,73.059998,700,69.09777833333344,70.80095276190468,69.96319992000004,56.91135092999987,69.92377471923828,71.540001,-4.292668172207878,0.0,3.136223280761712
2020-10-02,70.379997,71.849998,70.0,71.540001,71.540001,11400,69.67777844444453,70.39047642857135,70.14509994000002,56.97873728999987,70.75007629394531,73.449997,-1.1041720645973867,-0.7899247060546912,0.0
2020-10-05,71.699997,73.449997,71.699997,73.449997,73.449997,900,70.08333333333341,70.31333342857135,70.35989990000003,57.056797114999874,71.13748168945312,70.959999,-3.148421245744736,0.0,2.312515310546871
2020-10-06,73.449997,73.75,70.959999,70.959999,70.959999,3600,70.63333300000008,70.22190495238087,70.50539986000004,57.11913630499988,71.48383331298828,73.760002,0.7382107107812741,0.523834312988285,0.0
2020-10-07,73.760002,73.760002,73.760002,73.760002,73.760002,100,71.46777766666675,70.3690479999999,70.73099990000003,57.19297886999988,71.9854736328125,74.129997,-2.4058138816041517,-1.7745283671875,0.0
2020-10-08,73.83000200000002,74.129997,73.83000200000002,74.129997,74.129997,700,72.11333288888896,70.40190490476182,70.94299986000004,57.27044403999987,72.2442626953125,75.860001,-2.5438208296265046,-1.885734304687503,0.0
2020-10-09,75.989998,75.989998,75.860001,75.860001,75.860001,2200,72.66222211111119,70.63380980952373,71.18599990000003,57.35526747999987,73.20101165771484,78.629997,-3.505126953907044,-2.658989342285153,0.0
2020-10-12,77.489998,78.93,76.269997,78.629997,78.629997,3500,73.61999933333341,71.05142866666658,71.47249984000004,57.44801937999987,74.21823120117188,79.470001,-5.61079227667798,-4.411765798828128,0.0
2020-10-13,79.980003,81.110001,79.470001,79.470001,79.470001,29000,74.5399992222223,71.46142866666658,71.76609984000004,57.545870769999866,75.66558074951172,77.150002,-4.787240723060111,0.0,3.8044202504882776
2020-10-14,79.760002,79.760002,75.75,77.150002,77.150002,4800,74.99444411111119,71.68428585714277,71.98789992000003,57.635969894999874,76.52523040771484,76.91999799999998,-0.8098140973284186,0.0,0.6247715922851569
2020-10-15,75.370003,77.040001,73.970001,76.91999799999998,76.91999799999998,44400,75.59222155555564,71.93380957142848,72.17599990000004,57.72419441999987,76.87821960449219,76.040001,-0.054314088135819824,0.0,0.04177839550779083
2020-10-16,78.0,78.0,76.040001,76.040001,76.040001,4100,75.87999977777787,72.25904776190468,72.31919998000004,57.80147282499986,77.07868194580078,73.400002,1.365966507287102,0.0,-1.0386809458007775
2020-10-19,75.57,75.57,73.160004,73.400002,73.400002,1100,76.1511112222223,72.5328572857142,72.42410004000003,57.869798729999864,76.45429992675781,74.269997,4.161168724161358,3.054297926757812,0.0
2020-10-20,74.07,74.269997,74.07,74.269997,74.269997,300,76.20777733333341,72.9114285714285,72.54989992000003,57.94077561999986,75.32550048828125,73.32,1.4211707700503156,0.0,-1.0555034882812464
2020-10-21,73.32,73.32,73.32,73.32,73.32,0,76.11777766666675,73.0790474761904,72.66289996000003,58.007477244999855,74.40473937988281,73.440002,1.479459056032214,1.0847393798828193,0.0
2020-10-22,73.349998,73.58000200000002,73.349998,73.440002,73.440002,1400,75.84888888888898,73.43285699999993,72.74020006000002,58.072780054999846,73.97273254394531,74.449997,0.7253956010857755,0.5327305439453056,0.0
2020-10-23,73.82,74.449997,72.849998,74.449997,74.449997,1100,75.38444444444453,73.82333304761897,72.83729998000003,58.14063430499985,73.36980438232422,71.199997,-1.4508967914072282,0.0,1.0801926176757775
2020-10-26,72.0,72.120003,70.760002,71.199997,71.199997,10700,74.46555511111119,73.96047576190469,72.86979998000002,58.19568654999985,72.8150405883789,72.489998,2.268319742174863,1.61504358837891,0.0
2020-10-27,72.370003,72.66999799999998,71.910004,72.489998,72.489998,900,73.94777688888897,74.03523766666659,72.90479998000002,58.25499006499984,72.46111297607422,68.07,-0.039846909536100664,0.0,0.028885023925781184
2020-10-28,70.279999,70.279999,68.07,68.07,68.07,3400,72.96444377777784,73.94285661904753,72.82119998000003,58.29179384499984,71.68609619140625,70.120003,5.312319952117316,3.616096191406257,0.0
2020-10-29,68.440002,70.120003,68.440002,70.120003,70.120003,900,72.3066662222223,73.8919042857142,72.80080006000003,58.33972211999984,70.87738037109375,65.839996,1.080115999273065,0.0,-0.757377371093753
2020-10-30,66.010002,66.019997,65.839996,65.839996,65.839996,1500,71.46666555555564,73.54809466666659,72.69140002000003,58.36185294999985,69.35782623291016,66.410004,5.342998855756548,3.517830232910157,0.0
2020-11-02,67.529999,69.41999799999999,65.309998,66.410004,66.410004,2200,70.59333300000009,73.30380909523801,72.59540012000002,58.38570947499985,68.52432250976562,69.559998,3.183734953194137,2.1143185097656243,0.0
2020-11-03,69.190002,69.559998,69.190002,69.559998,69.559998,400,70.17555500000009,73.11857104761896,72.52780004000003,58.42654023999985,67.92267608642578,73.290001,-2.3538268554496105,-1.6373219135742119,0.0
2020-11-04,72.540001,74.16999799999998,72.529999,73.290001,73.290001,1500,70.15888822222229,73.22952352380945,72.52320012000003,58.48667064499985,68.64977264404297,76.389999,-6.331325273084707,-4.640228355957035,0.0
2020-11-05,76.690002,76.989998,76.389999,76.389999,76.389999,1500,70.37444400000007,73.3547614761904,72.50440006000002,58.56170140999985,70.04801940917969,76.57,-8.302107178742489,-6.341979590820316,0.0
2020-11-06,74.879997,76.599998,74.33000200000002,76.57,76.57,2700,70.97111100000006,73.47095209523802,72.52160008000003,58.64557748499985,71.92167663574219,76.050003,-6.070684816844464,0.0,4.648323364257806
2020-11-09,78.809998,81.32,76.050003,76.050003,76.050003,12800,71.36666711111118,73.47999980952373,72.50460010000002,58.73472394499985,74.01676177978516,74.83000200000002,-2.6735583695044003,0.0,2.0332412202148475
2020-11-10,75.389999,75.389999,73.739998,74.83000200000002,74.83000200000002,1500,72.11777844444451,73.29904766666658,72.46240010000002,58.81254847999985,75.08592224121094,76.43,0.3420021841118162,0.25592024121091583,0.0
2020-11-11,76.33000200000002,76.43,76.160004,76.43,76.43,500,72.8188892222223,73.15428571428563,72.41720006000003,58.900871539999855,75.68782806396484,75.050003,-0.9710479341033142,0.0,0.7421719360351631
2020-11-12,75.050003,75.050003,75.050003,75.050003,75.050003,200,73.84222333333341,73.05428576190468,72.31500004000003,58.980995364999856,75.38932800292969,77.139999,0.45213189788904296,0.3393250029296837,0.0
2020-11-13,76.400002,77.139999,76.400002,77.139999,77.139999,1000,75.03444500000008,73.06476199999992,72.35640002000002,59.07044482499986,75.62071990966797,78.760002,-1.969508828139905,-1.5192790903320343,0.0
2020-11-16,78.0,78.849998,77.989998,78.760002,78.760002,1700,76.05666766666675,73.19428585714277,72.47400012000003,59.16469624499986,75.6615219116211,78.550003,-3.934078224603024,0.0,3.0984800883789063
2020-11-17,78.980003,78.980003,78.5,78.550003,78.550003,500,76.64111233333342,73.43952399999992,72.63160022000002,59.247853574999866,76.40953826904297,77.629997,-2.7249709092398566,0.0,2.140464730957035
2020-11-18,78.650002,78.769997,77.629997,77.629997,77.629997,700,76.77888988888898,73.5995239999999,72.71540012000003,59.32356255499986,76.76895141601562,78.110001,-1.1091660662879814,-0.861045583984378,0.0
2020-11-19,77.760002,78.110001,77.739998,78.110001,78.110001,700,76.9500011111112,73.82761928571419,72.85780018000003,59.40227122499986,77.32077026367188,77.440002,-1.0104093281577629,0.0,0.7892307363281219
2020-11-20,78.07,78.07,77.440002,77.440002,77.440002,700,77.10444544444454,74.01809547619038,73.00940020000003,59.47892912999985,77.51685333251953,78.620003,0.09923983798389412,0.07685133251952436,0.0
2020-11-23,78.410004,78.620003,78.410004,78.620003,78.620003,1300,77.52555666666676,74.2166671904761,73.16460024000003,59.55574042499985,77.53646850585938,80.940002,-1.3781918758520297,-1.083534494140622,0.0
2020-11-24,80.58000200000002,81.209999,80.360001,80.940002,80.940002,3100,78.0266680000001,74.68047695238087,73.33400026000002,59.64037890499984,77.90785217285156,81.66999799999998,-3.7461696963492095,-3.0321498271484444,0.0
2020-11-25,82.07,82.07,81.339996,81.66999799999998,81.66999799999998,800,78.7622230000001,75.11761980952373,73.53380022000002,59.72207125499984,78.58770751953125,81.83000200000002,-3.7740792897640687,-3.0822904804687283,0.0
2020-11-27,82.68,82.68,81.83000200000002,81.83000200000002,81.83000200000002,400,79.28333444444455,75.77285799999993,73.78620028000002,59.80526320499984,79.41291809082031,81.010002,-2.9537869364584743,0.0,2.417083909179709
2020-11-30,81.5,81.5,80.940002,81.010002,81.010002,1200,79.53333444444455,76.29142938095231,74.05340028000002,59.88602923499984,80.08275604248047,82.949997,-1.1446067579649377,-0.9272459575195313,0.0
2020-12-01,82.32,83.25,82.25,82.949997,82.949997,1700,80.02222266666678,77.10619133333326,74.38600022000003,59.974146604999845,80.87393188476562,82.709999,-2.502791067291264,0.0,2.076065115234371
2020-12-02,81.93,82.709999,81.93,82.709999,82.709999,1200,80.58666733333344,77.88238157142848,74.64420014000002,60.05826559999984,81.17040252685547,82.389999,-1.861439356497305,0.0,1.5395964731445275
2020-12-03,82.82,83.089996,82.389999,82.389999,82.389999,900,81.06222266666677,78.49333399999992,74.97180008000004,60.14193392499985,81.33598327636719,82.639999,-1.2793005661194579,-1.0540157236328156,0.0
2020-12-04,82.639999,82.639999,82.639999,82.639999,82.639999,200,81.6400001111112,78.93857199999991,75.29960006000003,60.234272904999855,81.4043960571289,82.599998,-1.4951633081107574,0.0,1.2356029428710968
2020-12-07,82.639999,82.639999,81.660004,82.599998,82.599998,700,82.08222177777787,79.23428623809515,75.58520002000003,60.34752441499985,81.62826538085938,82.690002,-1.1764317707860288,-0.9717326191406244,0.0
2020-12-08,82.690002,82.690002,82.690002,82.690002,82.690002,200,82.27666622222233,79.52571490476183,75.82060010000004,60.47939027499985,81.62454223632812,81.610001,-1.288498896966869,0.0,1.0654597636718819
2020-12-09,82.980003,83.08000200000002,81.610001,81.610001,81.610001,1100,82.269999888889,79.79047671428563,76.05260008000003,60.610203549999845,81.63794708251953,81.599998,0.03424345322521727,0.0,-0.027946082519534343
2020-12-10,81.779999,81.779999,81.5,81.599998,81.599998,800,82.244443888889,80.11285747619038,76.26080000000003,60.75950589499984,81.44446563720703,81.760002,-0.19060339044734795,-0.15553236279296812,0.0
2020-12-11,81.309998,82.300003,81.309998,81.760002,81.760002,1600,82.32777722222232,80.366667095238,76.43480008000003,60.92167614999984,81.2574462890625,82.91999799999998,-0.6146718427642652,-0.5025557109375001,0.0
2020-12-14,82.970001,83.040001,82.91999799999998,82.91999799999998,82.91999799999998,800,82.32444400000011,80.74142876190467,76.66240002000004,61.068558799999835,81.3626937866211,84.150002,-1.878080379812461,-1.5573042133788846,0.0
2020-12-15,83.370003,84.150002,83.0,84.150002,84.150002,4300,82.48444433333344,81.07523842857134,76.87640012000003,61.23465878999984,81.54347229003906,85.33000200000002,-3.0974802709582088,-2.606529709960938,0.0
2020-12-16,85.33000200000002,85.33000200000002,85.33000200000002,85.33000200000002,85.33000200000002,400,82.81111133333344,81.38809557142848,77.16380018000002,61.39029340499984,82.09597778320312,85.980003,-3.7900200878899497,-3.2340242167968967,0.0
2020-12-17,85.949997,85.980003,85.370003,85.980003,85.980003,2300,83.182222888889,81.741905095238,77.40820020000002,61.56644286499984,82.88317108154297,85.120003,-3.601804850433685,0.0,3.0968319184570277
2020-12-18,87.0,87.0,84.690002,85.120003,85.120003,700,83.46222344444455,82.09857204761894,77.62800032000003,61.74406392499984,83.70728302001953,84.400002,-1.659680369114256,0.0,1.4127199799804657
2020-12-21,85.75,85.75,82.010002,84.400002,84.400002,1300,83.65222344444454,82.39809590476182,77.79880034000003,61.945743689999844,84.01596069335938,84.040001,-0.455025234052276,0.0,0.38404130664062563
2020-12-22,84.0,84.040001,83.66999799999998,84.040001,84.040001,700,83.92222344444454,82.71238157142848,77.90700042000002,62.12873338499984,84.06346130371094,84.540001,0.02791563949521344,0.023460303710933772,0.0
2020-12-23,84.639999,84.790001,84.540001,84.540001,84.540001,500,84.24889044444453,82.99428623809516,78.00840042000002,62.33723453499984,83.91890716552734,84.059998,-0.7346745057084396,0.0,0.62109383447266
2020-12-24,83.860001,84.059998,83.860001,84.059998,84.059998,600,84.50444555555563,83.14285747619039,78.14660034000002,62.58148820999983,83.56696319580078,86.610001,-0.5865272613963325,-0.49303480419921186,0.0
2020-12-28,85.029999,87.110001,84.800003,86.610001,86.610001,1200,84.91444588888898,83.37809571428562,78.34040040000002,62.82127702999983,83.53755950927734,86.970001,-3.5474442388271687,-3.072441490722653,0.0
2020-12-29,87.110001,87.110001,86.839996,86.970001,86.970001,800,85.2277791111112,83.62285757142847,78.55900040000003,63.09589641499983,84.01085662841797,86.889999,-3.402488602457332,0.0,2.9591443715820276
2020-12-30,88.0,89.040001,86.870003,86.889999,86.889999,14000,85.4011121111112,83.90285742857134,78.82880034000003,63.367267454999826,84.71955108642578,86.870003,-2.4979260427592154,0.0,2.170447913574222
2020-12-31,86.529999,86.870003,86.529999,86.870003,86.870003,200,85.50000100000008,84.08952438095228,79.08080046000003,63.66787124499982,85.11186218261719,83.889999,-2.023875626414805,0.0,1.7581408173828095
2021-01-04,87.809998,87.809998,82.190002,83.889999,83.889999,10500,85.36333388888897,84.14571485714276,79.29220044000003,63.924617059999825,85.42798614501953,84.730003,1.8333378988591096,1.5379871450195282,0.0
2021-01-05,83.870003,84.730003,83.870003,84.730003,84.730003,800,85.40000066666676,84.25714361904753,79.51800046000004,64.19240886499983,85.12674713134766,85.0,0.4682451520126346,0.39674413134765985,0.0
2021-01-06,80.949997,85.639999,80.949997,85.0,85.0,2800,85.50666722222232,84.36952461904752,79.72900052000004,64.46250009499983,84.40005493164062,86.489998,-0.7058177274816176,-0.599945068359375,0.0
2021-01-07,86.010002,87.389999,85.010002,86.489998,86.489998,11400,85.72333355555566,84.55476271428563,80.03480054000003,64.72515008999983,84.08836364746094,87.389999,-2.7767769777715365,-2.4016343525390624,0.0
2021-01-08,87.269997,87.389999,87.199997,87.389999,87.389999,13900,86.09333366666677,84.778572095238,80.33280056000004,64.98830009499983,84.17108154296875,86.360001,-3.6833934018368084,0.0,3.218917457031253
2021-01-11,85.07,87.120003,81.639999,86.360001,86.360001,1500,86.065555888889,85.00476257142847,80.69860058000003,65.23205009499983,84.12642669677734,86.769997,-2.586352799165268,-2.233574303222653,0.0
2021-01-12,86.290001,86.769997,85.800003,86.769997,86.769997,1400,86.04333322222232,85.25095299999991,81.03160046000002,65.49015006999983,84.50348663330078,87.18,-2.6120899447527033,-2.2665103666992223,0.0
2021-01-13,87.150002,87.449997,87.150002,87.18,87.18,800,86.07555555555567,85.50904814285707,81.45840054000003,65.74320006999983,85.2825698852539,85.970001,-2.1764511524961003,0.0,1.8974301147461006
2021-01-14,87.220001,87.220001,85.970001,85.970001,85.970001,400,85.97555533333345,85.6542863809523,81.84960048000003,65.99477507999983,85.36155700683594,84.839996,-0.7077398930867279,0.0,0.6084439931640588
2021-01-15,84.839996,84.839996,84.839996,84.839996,84.839996,100,86.08111055555567,85.68714323809515,82.15520044000004,66.25342505499984,84.89513397216797,85.0,0.06499054074444964,0.05513797216796945,0.0
2021-01-19,85.0,85.0,85.0,85.0,85.0,300,86.11111022222234,85.67142885714277,82.38940042000004,66.50937504999983,84.91049194335938,89.349998,-0.10530359604779413,-0.089508056640625,0.0
2021-01-20,87.559998,89.349998,85.010002,89.349998,89.349998,1800,86.59444333333346,85.83190480952372,82.64860040000003,66.78707503499983,85.18576049804688,89.870003,-4.66059048143809,-4.164237501953124,0.0
2021-01-21,90.18,90.989998,89.480003,89.870003,89.870003,13200,86.96999944444457,86.05809528571419,82.91460046000003,67.05100005499983,85.6961441040039,89.260002,-4.644329316419507,0.0,4.173858895996091
2021-01-22,89.209999,89.550003,89.209999,89.260002,89.260002,900,87.17777755555568,86.28952385714277,83.17880044000003,67.30755005999984,86.19339752197266,88.550003,-3.435586387313036,0.0,3.066604478027344
2021-01-25,89.260002,89.260002,88.550003,88.550003,88.550003,400,87.42111111111123,86.50428585714276,83.45320046000005,67.55315007499983,86.9648666381836,89.199997,-1.790103114752475,-1.58513636181641,0.0
2021-01-26,88.839996,89.199997,88.839996,89.199997,89.199997,700,87.69111111111123,86.72619042857133,83.70860040000004,67.79655005999983,87.71748352050781,83.540001,-1.6620106831306103,0.0,1.4825134794921837
2021-01-27,86.019997,86.059998,83.540001,83.540001,83.540001,1900,87.28666677777788,86.70142866666657,83.87840036000003,68.00262505999984,87.20674896240234,86.410004,4.389212255817833,3.66674796240234,0.0
2021-01-28,87.629997,87.629997,85.879997,86.410004,86.410004,1000,87.3355560000001,86.6919049999999,84.06380046000004,68.20870007999983,86.59420013427734,83.269997,0.21316528845125737,0.0,-0.18419613427734305
2021-01-29,84.470001,84.489998,83.239998,83.269997,83.269997,1100,87.16111166666676,86.51571433333325,84.15400036000004,68.40490006999983,85.57908630371094,85.889999,2.7730147554958284,2.309089303710934,0.0
2021-02-01,85.889999,85.889999,85.889999,85.889999,85.889999,300,87.26000044444453,86.4680952857142,84.30080028000003,68.60815005499984,84.98868560791016,88.970001,-1.0493810718170422,-0.9013133920898468,0.0
2021-02-02,89.300003,89.300003,88.970001,88.970001,88.970001,500,87.21777855555564,86.5680951904761,84.52760036000004,68.82317505999983,84.99299621582031,88.239998,-4.470051410002439,0.0,3.977004784179684
2021-02-03,89.489998,89.66999799999998,88.239998,88.239998,88.239998,1400,87.03666688888899,86.77523799999992,84.73020030000004,69.03280005499983,85.76618194580078,90.580002,-2.8035087378392944,-2.4738160541992187,0.0
2021-02-04,90.169998,90.580002,90.160004,90.580002,90.580002,800,87.18333355555565,87.05380938095229,84.99300030000002,69.27192505999983,86.41181182861328,91.870003,-4.601667122271329,-4.168190171386712,0.0
2021-02-05,91.07,91.870003,91.07,91.870003,91.870003,600,87.55222244444455,87.3809523809523,85.25800030000002,69.51072506999984,87.83972930908203,92.94999699999998,-4.3869310540002555,-4.030273690917966,0.0
2021-02-08,92.599998,92.949997,92.0,92.949997,92.949997,37800,87.96888911111121,87.6885713809523,85.49820020000001,69.75465004999984,89.09159088134766,93.419998,-4.151055667761173,-3.85840611865234,0.0
2021-02-09,92.620003,93.419998,92.620003,93.419998,93.419998,1400,89.06666655555566,87.97571419047611,85.73320020000001,69.99422503499983,89.8158187866211,92.959999,-3.8580382043884356,0.0,3.604179213378913
2021-02-10,93.419998,93.419998,92.120003,92.959999,92.959999,3900,89.79444377777789,88.28999980952372,85.95580014000001,70.22400002499984,90.57988739013672,92.309998,-2.5603610536433825,0.0,2.3801116098632775
2021-02-11,92.760002,92.970001,92.290001,92.309998,92.309998,4700,90.79888833333344,88.55380938095229,86.18180006,70.45367501499985,90.99356079101562,92.610001,-1.4261046880148,-1.3164372089843681,0.0
2021-02-12,92.349998,92.610001,92.349998,92.610001,92.610001,600,91.54555522222233,88.81238085714276,86.37500014000001,70.67355002999984,91.18231201171875,92.559998,-1.5416142672120767,0.0,1.427688988281247
2021-02-16,93.309998,93.339996,92.529999,92.559998,92.559998,1700,91.94444377777788,89.12619023809513,86.57200012000001,70.89555001999985,91.2568588256836,93.47000100000001,-1.4078859145139562,-1.3031391743163994,0.0
2021-02-17,92.089996,93.489998,92.089996,93.470001,93.470001,1900,92.52555522222232,89.53714285714275,86.79360016000001,71.13975001999985,91.2140121459961,93.419998,-2.413596693985167,0.0,2.2559888540039026
2021-02-18,93.419998,93.419998,93.220001,93.419998,93.419998,1300,92.84111033333343,89.93809514285705,87.00920014000002,71.38115001499983,91.28334045410156,93.050003,-2.287152206852374,0.0,2.1366575458984443
2021-02-19,93.419998,93.419998,92.379997,93.050003,93.050003,7500,92.97222144444453,90.11428585714278,87.21820024000003,71.61975001999984,91.37586975097656,91.370003,-1.799175921599316,0.0,1.6741332490234413
2021-02-22,90.0,92.260002,90.0,91.370003,91.370003,2100,92.79666655555565,90.18571442857134,87.39180026000002,71.84940003999984,91.09233093261719,91.599998,-0.30389849870401064,-0.2776720673828095,0.0
2021-02-23,88.690002,91.599998,85.620003,91.599998,91.599998,16000,92.59444433333344,90.29714280952372,87.59160020000002,72.07535002999984,90.44378662109375,91.639999,-1.262239524182358,-1.1562113789062494,0.0
2021-02-24,90.050003,91.639999,89.040001,91.639999,91.639999,3900,92.44777766666677,90.44428547619039,87.79240022000002,72.30150002499984,90.01435089111328,86.599998,-1.7739503782477364,0.0,1.6256481088867218
2021-02-25,91.0,91.0,86.599998,86.599998,86.599998,1400,91.81333322222233,90.3204759999999,87.88920014000001,72.49317501999984,89.16454315185547,,2.961368604021757,,
